[21:16:42] [90m╭──────────────────────────────────────────────────────────────────────────────────────────────────────────────╮[0m
[21:16:42] │ [1;96mSTRATEGIST BANDIT                                                                                           [0m │
[21:16:42] [96m├ RUN ─────────────────────────────────────────────────────────────────────────────────────────────────────────┤[0m
[21:16:42] │ Problem: erdos   |   Entrypoint: run   |   Steps: 50                                                         │
[21:16:42] │ Metric: C₅ bound (minimize)   |   Target: 0.3808                                                             │
[21:16:42] │ Search selection: PUCT (c=1.0)   |   Seed: 42   |   Deterministic: False                                     │
[21:16:42] [95m├ MODELS & SAMPLING ───────────────────────────────────────────────────────────────────────────────────────────┤[0m
[21:16:42] │ Model: Qwen/Qwen3.8-27B                                                                                      │
[21:16:42] │ Coder sampling: temperature=1, top_p=1, top_k=0, min_p=0.0, thinking=on                                      │
[21:16:42] │ Coder reasoning: pilot/base=medium, phase 2=medium                                                           │
[21:16:42] │ Max new tokens: 262144   |   Max seq length: 262144                                                          │
[21:16:42] │ Strategy model: deepseek-ai/DeepSeek-R1-0528-Qwen3-8B (local; no LoRA)                                       │
[21:16:42] │ Strategy sampling: max_new=131072, max_seq=131072, temperature=1.0, top_p=1.0, top_k=0, min_p=0.0,           │
[21:16:42] │   thinking=on, reasoning_effort=high                                                                         │
[21:16:42] [93m├ ROLLOUTS & ALLOCATION ───────────────────────────────────────────────────────────────────────────────────────┤[0m
[21:16:42] │ Groups per step: 8   |   Group size: 64   |   Total rollouts/step: 512                                       │
[21:16:42] │ Rollout hierarchy: 4 sequential strategies/parent x 16 programs/strategy = 64/parent                         │
[21:16:42] │ Rollout pilot: 10/strategy, then hurdle expected-best allocation; fixed total=64/parent                      │
[21:16:42] │ Strategy archive: top 2/strategy then existing top 8/parent                                                  │
[21:16:42] │ Output retries: strategy up to 3 (stop on exhaustion); coder off (enable with --coder-retry)                 │
[21:16:42] [92m├ TRAINING ────────────────────────────────────────────────────────────────────────────────────────────────────┤[0m
[21:16:42] │ Advantage mode: entropic   |   LR: 4e-05   |   KL coef: 0.1                                                  │
[21:16:42] │ Training layout: process-distributed LoRA                                                                    │
[21:16:42] │ Training scheduler: configured process-per-GPU                                                               │
[21:16:42] │ LoRA: rank=32, alpha=32, dropout=0.0                                                                         │
[21:16:42] │ Train microbatch: up to 3 examples/GPU   |   Logprob chunk: 256                                              │
[21:16:42] │ Training memory cap: 88% per GPU (96% exact long-rollout rescue)                                             │
[21:16:42] │ Fused long attention: on for full-attention layers; exact FLA for Gated DeltaNet                             │
[21:16:42] [94m├ HARDWARE & EVALUATION ───────────────────────────────────────────────────────────────────────────────────────┤[0m
[21:16:42] │ Training backend: hf   |   Generation backend: vllm                                                          │
[21:16:42] │ Training GPUs: physical 0,1,2,3,4,5,6,7   |   Generation GPUs: 0,1,2,3,4,5,6,7                               │
[21:16:42] │ vLLM parallelism: TP=1 PP=1   |   Evaluation GPU: none                                                       │
[21:16:42] │ CPU evaluation: isolated, 2 processes/CPU (--isolate-eval)   |   Sandbox timeout: 1150s                      │
[21:16:42] [96m├ OUTPUT ──────────────────────────────────────────────────────────────────────────────────────────────────────┤[0m
[21:16:42] │ Run directory: /home/ubuntu/TTT-small/runs/erdos_Qwen3.8-27B_1009-0116                                       │
[21:16:42] │ Settings: setting.log   |   Terminal: temirnal.log   |   Results: result.txt                                 │
[21:16:42] [90m╰──────────────────────────────────────────────────────────────────────────────────────────────────────────────╯[0m
[21:16:44] [startup] details: /home/ubuntu/TTT-small/runs/erdos_Qwen3.8-27B_1009-0116/setting.log
[21:16:44] Traceback (most recent call last):
[21:16:44]   File "/home/ubuntu/TTT-small/train_multy_CVaR.py", line 11819, in <module>
[21:16:44]     main()
[21:16:44]   File "/home/ubuntu/TTT-small/train_multy_CVaR.py", line 11104, in main
[21:16:44]     model, tokenizer = backend.load()
[21:16:44]                        ^^^^^^^^^^^^^^
[21:16:44]   File "/home/ubuntu/TTT-small/model_backend.py", line 1160, in load
[21:16:44]     from transformers import AutoConfig, AutoModelForCausalLM, AutoTokenizer
[21:16:44]   File "<frozen importlib._bootstrap>", line 1412, in _handle_fromlist
[21:16:44]   File "/home/ubuntu/unsloth_env/lib/python3.12/site-packages/transformers/utils/import_utils.py", line 2560, in __getattr__
[21:16:44]     module = self._get_module(self._class_to_module[name])
[21:16:44]              ^^^^^^^^^^^^^^^^^^^^^^^^^^^^^^^^^^^^^^^^^^^^^
[21:16:44]   File "/home/ubuntu/unsloth_env/lib/python3.12/site-packages/transformers/utils/import_utils.py", line 2792, in _get_module
[21:16:44]     return importlib.import_module("." + module_name, self.__name__)
[21:16:44]            ^^^^^^^^^^^^^^^^^^^^^^^^^^^^^^^^^^^^^^^^^^^^^^^^^^^^^^^^^
[21:16:44]   File "/usr/lib/python3.12/importlib/__init__.py", line 90, in import_module
[21:16:44]     return _bootstrap._gcd_import(name[level:], package, level)
[21:16:44]            ^^^^^^^^^^^^^^^^^^^^^^^^^^^^^^^^^^^^^^^^^^^^^^^^^^^^
[21:16:44]   File "/home/ubuntu/unsloth_env/lib/python3.12/site-packages/transformers/models/auto/modeling_auto.py", line 21, in <module>
[21:16:44]     from .auto_factory import (
[21:16:44]   File "/home/ubuntu/unsloth_env/lib/python3.12/site-packages/transformers/models/auto/auto_factory.py", line 42, in <module>
[21:16:44]     from ...generation import GenerationMixin
[21:16:44]   File "<frozen importlib._bootstrap>", line 1412, in _handle_fromlist
[21:16:44]   File "/home/ubuntu/unsloth_env/lib/python3.12/site-packages/transformers/utils/import_utils.py", line 2560, in __getattr__
[21:16:44]     module = self._get_module(self._class_to_module[name])
[21:16:44]              ^^^^^^^^^^^^^^^^^^^^^^^^^^^^^^^^^^^^^^^^^^^^^
[21:16:44]   File "/home/ubuntu/unsloth_env/lib/python3.12/site-packages/transformers/utils/import_utils.py", line 2792, in _get_module
[21:16:44]     return importlib.import_module("." + module_name, self.__name__)
[21:16:44]            ^^^^^^^^^^^^^^^^^^^^^^^^^^^^^^^^^^^^^^^^^^^^^^^^^^^^^^^^^
[21:16:44]   File "/usr/lib/python3.12/importlib/__init__.py", line 90, in import_module
[21:16:44]     return _bootstrap._gcd_import(name[level:], package, level)
[21:16:44]            ^^^^^^^^^^^^^^^^^^^^^^^^^^^^^^^^^^^^^^^^^^^^^^^^^^^^
[21:16:44]   File "/home/ubuntu/unsloth_env/lib/python3.12/site-packages/transformers/generation/utils.py", line 46, in <module>
[21:16:44]     from ..masking_utils import create_masks_for_generate
[21:16:44]   File "/home/ubuntu/unsloth_env/lib/python3.12/site-packages/transformers/masking_utils.py", line 43, in <module>
[21:16:44]     from torch._dynamo._trace_wrapped_higher_order_op import TransformGetItemToIndex
[21:16:44]   File "/home/ubuntu/unsloth_env/lib/python3.12/site-packages/torch/_dynamo/__init__.py", line 13, in <module>
[21:16:44]     from . import (
[21:16:44]   File "/home/ubuntu/unsloth_env/lib/python3.12/site-packages/torch/_dynamo/aot_compile.py", line 17, in <module>
[21:16:44]     from torch._dynamo.convert_frame import GraphRuntimeEnv
[21:16:44]   File "/home/ubuntu/unsloth_env/lib/python3.12/site-packages/torch/_dynamo/convert_frame.py", line 62, in <module>
[21:16:44]     from torch._dynamo.symbolic_convert import TensorifyState
[21:16:44]   File "/home/ubuntu/unsloth_env/lib/python3.12/site-packages/torch/_dynamo/symbolic_convert.py", line 1347, in <module>
[21:16:44]     class InstructionTranslatorBase(
[21:16:44]   File "/home/ubuntu/unsloth_env/lib/python3.12/site-packages/torch/_dynamo/symbolic_convert.py", line 4417, in InstructionTranslatorBase
[21:16:44]     INPLACE_XOR = stack_op(operator.ixor)
[21:16:44]                   ^^^^^^^^^^^^^^^^^^^^^^^
[21:16:44]   File "/home/ubuntu/unsloth_env/lib/python3.12/site-packages/torch/_dynamo/symbolic_convert.py", line 500, in stack_op
[21:16:44]     nargs = len(inspect.signature(fn).parameters)
[21:16:44]                 ^^^^^^^^^^^^^^^^^^^^^
[21:16:44]   File "/usr/lib/python3.12/inspect.py", line 3310, in signature
[21:16:44]     return Signature.from_callable(obj, follow_wrapped=follow_wrapped,
[21:16:44]            ^^^^^^^^^^^^^^^^^^^^^^^^^^^^^^^^^^^^^^^^^^^^^^^^^^^^^^^^^^^
[21:16:44]   File "/usr/lib/python3.12/inspect.py", line 3054, in from_callable
[21:16:44]     return _signature_from_callable(obj, sigcls=cls,
[21:16:44]            ^^^^^^^^^^^^^^^^^^^^^^^^^^^^^^^^^^^^^^^^^
[21:16:44]   File "/usr/lib/python3.12/inspect.py", line 2571, in _signature_from_callable
[21:16:44]     return _signature_from_builtin(sigcls, obj,
[21:16:44]            ^^^^^^^^^^^^^^^^^^^^^^^^^^^^^^^^^^^^
[21:16:44]   File "/usr/lib/python3.12/inspect.py", line 2363, in _signature_from_builtin
[21:16:44]     return _signature_fromstr(cls, func, s, skip_bound_arg)
[21:16:44]            ^^^^^^^^^^^^^^^^^^^^^^^^^^^^^^^^^^^^^^^^^^^^^^^^
[21:16:44]   File "/usr/lib/python3.12/inspect.py", line 2238, in _signature_fromstr
[21:16:44]     sys_module_dict = sys.modules.copy()
[21:16:44]                       ^^^^^^^^^^^^^^^^^^
[21:16:44] KeyboardInterrupt
[21:16:57] [90m╭──────────────────────────────────────────────────────────────────────────────────────────────────────────────╮[0m
[21:16:57] │ [1;96mSTRATEGIST BANDIT                                                                                           [0m │
[21:16:57] [96m├ RUN ─────────────────────────────────────────────────────────────────────────────────────────────────────────┤[0m
[21:16:57] │ Problem: erdos   |   Entrypoint: run   |   Steps: 50                                                         │
[21:16:57] │ Metric: C₅ bound (minimize)   |   Target: 0.3808                                                             │
[21:16:57] │ Search selection: PUCT (c=1.0)   |   Seed: 42   |   Deterministic: False                                     │
[21:16:57] [95m├ MODELS & SAMPLING ───────────────────────────────────────────────────────────────────────────────────────────┤[0m
[21:16:57] │ Model: Qwen/Qwen3.8-27B                                                                                      │
[21:16:57] │ Coder sampling: temperature=1, top_p=1, top_k=0, min_p=0.0, thinking=on                                      │
[21:16:57] │ Coder reasoning: pilot/base=medium, phase 2=medium                                                           │
[21:16:57] │ Max new tokens: 262144   |   Max seq length: 262144                                                          │
[21:16:57] │ Strategy model: deepseek-ai/DeepSeek-R1-0528-Qwen3-8B (local; no LoRA)                                       │
[21:16:57] │ Strategy sampling: max_new=131072, max_seq=131072, temperature=1.0, top_p=1.0, top_k=0, min_p=0.0,           │
[21:16:57] │   thinking=on, reasoning_effort=high                                                                         │
[21:16:57] [93m├ ROLLOUTS & ALLOCATION ───────────────────────────────────────────────────────────────────────────────────────┤[0m
[21:16:57] │ Groups per step: 8   |   Group size: 64   |   Total rollouts/step: 512                                       │
[21:16:57] │ Rollout hierarchy: 4 sequential strategies/parent x 16 programs/strategy = 64/parent                         │
[21:16:57] │ Rollout pilot: 10/strategy, then hurdle expected-best allocation; fixed total=64/parent                      │
[21:16:57] │ Strategy archive: top 2/strategy then existing top 8/parent                                                  │
[21:16:57] │ Output retries: strategy up to 3 (stop on exhaustion); coder only enough to target 60% when planned validity │
[21:16:57] │   is below 50%                                                                                               │
[21:16:57] [92m├ TRAINING ────────────────────────────────────────────────────────────────────────────────────────────────────┤[0m
[21:16:57] │ Advantage mode: entropic   |   LR: 4e-05   |   KL coef: 0.1                                                  │
[21:16:57] │ Training layout: process-distributed LoRA                                                                    │
[21:16:57] │ Training scheduler: configured process-per-GPU                                                               │
[21:16:57] │ LoRA: rank=32, alpha=32, dropout=0.0                                                                         │
[21:16:57] │ Train microbatch: up to 3 examples/GPU   |   Logprob chunk: 256                                              │
[21:16:57] │ Training memory cap: 88% per GPU (96% exact long-rollout rescue)                                             │
[21:16:57] │ Fused long attention: on for full-attention layers; exact FLA for Gated DeltaNet                             │
[21:16:57] [94m├ HARDWARE & EVALUATION ───────────────────────────────────────────────────────────────────────────────────────┤[0m
[21:16:57] │ Training backend: hf   |   Generation backend: vllm                                                          │
[21:16:57] │ Training GPUs: physical 0,1,2,3,4,5,6,7   |   Generation GPUs: 0,1,2,3,4,5,6,7                               │
[21:16:57] │ vLLM parallelism: TP=1 PP=1   |   Evaluation GPU: none                                                       │
[21:16:57] │ CPU evaluation: isolated, 2 processes/CPU (--isolate-eval)   |   Sandbox timeout: 1150s                      │
[21:16:57] [96m├ OUTPUT ──────────────────────────────────────────────────────────────────────────────────────────────────────┤[0m
[21:16:57] │ Run directory: /home/ubuntu/TTT-small/runs/erdos_Qwen3.8-27B_1009-0116                                       │
[21:16:57] │ Settings: setting.log   |   Terminal: temirnal.log   |   Results: result.txt                                 │
[21:16:57] [90m╰──────────────────────────────────────────────────────────────────────────────────────────────────────────────╯[0m
[21:17:07] Downloading bytes:                                                                                                                                                                                                                 |  0.00B            [21:17:07] Reconstructing (incomplete total...): |                                                                                                                                                                                   |  0.00B /  0.00B            [A
[21:17:07] Fetching 18 files:   0%|                                                                                                                                                                                                        | 0/18 [00:00<?, ?it/s][A[AFetching 18 files: 100%|█████████████████████████████████████████████████████████████████████████████████████████████████████████████████████████████████████████████████████████████████████████████████████████████| 18/18 [00:00<00:00, 2181.13it/s][21:17:07] Download complete: :                                                                                                                                                                                                               |  0.00B            [21:17:07] Reconstruction complete: |                                                                                                                                                                                                |  0.00B /  0.00B            [AReconstruction complete: |                                                                                                                                                                                                |  0.00B /  0.00B            [21:17:07] Download complete: :                                                                                                                                                                                                               |  0.00B            [21:17:08] Loading weights:   0%|                                                                                                                                                                                                         | 0/851 [00:00<?, ?it/s]Loading weights:   0%|▏                                                                                                                                                                                                | 1/851 [00:00<04:28,  3.16it/s]Loading weights:   0%|▍                                                                                                                                                                                                | 2/851 [00:00<04:55,  2.87it/s]Loading weights:   1%|██                                                                                                                                                                                               | 9/851 [00:00<00:54, 15.57it/s]Loading weights:   3%|██████                                                                                                                                                                                          | 27/851 [00:00<00:16, 49.14it/s]Loading weights:   5%|█████████▋                                                                                                                                                                                      | 43/851 [00:01<00:11, 72.40it/s]Loading weights:   6%|████████████▏                                                                                                                                                                                   | 54/851 [00:01<00:09, 80.26it/s]Loading weights:   8%|███████████████▎                                                                                                                                                                                | 68/851 [00:01<00:08, 91.27it/s]Loading weights:  10%|██████████████████▌                                                                                                                                                                             | 82/851 [00:01<00:07, 99.56it/s]Loading weights:  11%|█████████████████████                                                                                                                                                                          | 94/851 [00:01<00:07, 101.50it/s]Loading weights:  13%|███████████████████████▉                                                                                                                                                                      | 107/851 [00:01<00:06, 107.03it/s]Loading weights:  14%|███████████████████████████                                                                                                                                                                   | 121/851 [00:01<00:06, 110.93it/s]Loading weights:  16%|█████████████████████████████▋                                                                                                                                                                | 133/851 [00:01<00:06, 109.75it/s]Loading weights:  17%|████████████████████████████████▎                                                                                                                                                             | 145/851 [00:01<00:06, 109.19it/s]Loading weights:  19%|███████████████████████████████████▋                                                                                                                                                          | 160/851 [00:02<00:05, 118.32it/s]Loading weights:  20%|██████████████████████████████████████▋                                                                                                                                                       | 173/851 [00:02<00:05, 116.61it/s]Loading weights:  22%|█████████████████████████████████████████▌                                                                                                                                                    | 186/851 [00:02<00:05, 117.00it/s]Loading weights:  24%|█████████████████████████████████████████████                                                                                                                                                 | 202/851 [00:02<00:05, 124.99it/s]Loading weights:  25%|████████████████████████████████████████████████                                                                                                                                              | 215/851 [00:02<00:05, 122.80it/s]Loading weights:  27%|██████████████████████████████████████████████████▉                                                                                                                                           | 228/851 [00:02<00:05, 120.30it/s]Loading weights:  28%|█████████████████████████████████████████████████████▊                                                                                                                                        | 241/851 [00:02<00:05, 116.64it/s]Loading weights:  30%|████████████████████████████████████████████████████████▍                                                                                                                                     | 253/851 [00:02<00:05, 114.41it/s]Loading weights:  31%|███████████████████████████████████████████████████████████▏                                                                                                                                  | 265/851 [00:02<00:05, 113.79it/s]Loading weights:  33%|██████████████████████████████████████████████████████████████                                                                                                                                | 278/851 [00:03<00:05, 113.81it/s]Loading weights:  35%|█████████████████████████████████████████████████████████████████▋                                                                                                                            | 294/851 [00:03<00:04, 122.83it/s]Loading weights:  36%|████████████████████████████████████████████████████████████████████▊                                                                                                                         | 308/851 [00:03<00:04, 122.25it/s]Loading weights:  38%|████████████████████████████████████████████████████████████████████████                                                                                                                       | 321/851 [00:03<00:05, 98.89it/s]Loading weights:  41%|█████████████████████████████████████████████████████████████████████████████                                                                                                                 | 345/851 [00:03<00:04, 120.44it/s]Loading weights:  42%|████████████████████████████████████████████████████████████████████████████████▌                                                                                                             | 361/851 [00:03<00:03, 126.14it/s]Loading weights:  44%|███████████████████████████████████████████████████████████████████████████████████▋                                                                                                          | 375/851 [00:03<00:03, 126.17it/s]Loading weights:  46%|██████████████████████████████████████████████████████████████████████████████████████▋                                                                                                       | 388/851 [00:03<00:03, 118.70it/s]Loading weights:  48%|███████████████████████████████████████████████████████████████████████████████████████████                                                                                                   | 408/851 [00:04<00:03, 131.50it/s]Loading weights:  50%|██████████████████████████████████████████████████████████████████████████████████████████████▏                                                                                               | 422/851 [00:04<00:03, 114.49it/s]Loading weights:  51%|█████████████████████████████████████████████████████████████████████████████████████████████████▊                                                                                            | 438/851 [00:04<00:03, 120.21it/s]Loading weights:  53%|████████████████████████████████████████████████████████████████████████████████████████████████████▋                                                                                         | 451/851 [00:04<00:03, 110.55it/s]Loading weights:  54%|███████████████████████████████████████████████████████████████████████████████████████████████████████▎                                                                                      | 463/851 [00:04<00:03, 102.91it/s]Loading weights:  57%|████████████████████████████████████████████████████████████████████████████████████████████████████████████▌                                                                                 | 486/851 [00:04<00:02, 133.21it/s]Loading weights:  59%|███████████████████████████████████████████████████████████████████████████████████████████████████████████████▊                                                                              | 501/851 [00:04<00:02, 119.40it/s]Loading weights:  61%|██████████████████████████████████████████████████████████████████████████████████████████████████████████████████▉                                                                           | 515/851 [00:05<00:02, 113.84it/s]Loading weights:  62%|█████████████████████████████████████████████████████████████████████████████████████████████████████████████████████▋                                                                        | 527/851 [00:05<00:02, 114.35it/s]Loading weights:  64%|█████████████████████████████████████████████████████████████████████████████████████████████████████████████████████████                                                                     | 542/851 [00:05<00:02, 117.99it/s]Loading weights:  65%|████████████████████████████████████████████████████████████████████████████████████████████████████████████████████████████▎                                                                 | 557/851 [00:05<00:02, 114.06it/s]Loading weights:  67%|███████████████████████████████████████████████████████████████████████████████████████████████████████████████████████████████▍                                                              | 571/851 [00:05<00:02, 116.61it/s]Loading weights:  69%|██████████████████████████████████████████████████████████████████████████████████████████████████████████████████████████████████▏                                                           | 583/851 [00:05<00:02, 113.94it/s]Loading weights:  70%|█████████████████████████████████████████████████████████████████████████████████████████████████████████████████████████████████████▎                                                        | 597/851 [00:05<00:02, 107.21it/s]Loading weights:  73%|█████████████████████████████████████████████████████████████████████████████████████████████████████████████████████████████████████████▉                                                    | 618/851 [00:05<00:01, 130.90it/s]Loading weights:  74%|█████████████████████████████████████████████████████████████████████████████████████████████████████████████████████████████████████████████                                                 | 632/851 [00:06<00:01, 113.24it/s]Loading weights:  76%|████████████████████████████████████████████████████████████████████████████████████████████████████████████████████████████████████████████████                                              | 645/851 [00:06<00:01, 112.84it/s]Loading weights:  78%|████████████████████████████████████████████████████████████████████████████████████████████████████████████████████████████████████████████████████▏                                         | 664/851 [00:06<00:01, 127.11it/s]Loading weights:  80%|███████████████████████████████████████████████████████████████████████████████████████████████████████████████████████████████████████████████████████▎                                      | 678/851 [00:06<00:01, 102.76it/s]Loading weights:  82%|████████████████████████████████████████████████████████████████████████████████████████████████████████████████████████████████████████████████████████████▌                                 | 701/851 [00:06<00:01, 122.00it/s]Loading weights:  84%|███████████████████████████████████████████████████████████████████████████████████████████████████████████████████████████████████████████████████████████████▋                              | 715/851 [00:06<00:01, 121.60it/s]Loading weights:  86%|██████████████████████████████████████████████████████████████████████████████████████████████████████████████████████████████████████████████████████████████████▊                           | 729/851 [00:06<00:01, 121.57it/s]Loading weights:  87%|█████████████████████████████████████████████████████████████████████████████████████████████████████████████████████████████████████████████████████████████████████▋                        | 742/851 [00:06<00:00, 118.96it/s]Loading weights:  89%|████████████████████████████████████████████████████████████████████████████████████████████████████████████████████████████████████████████████████████████████████████▌                     | 755/851 [00:07<00:00, 111.76it/s]Loading weights:  91%|████████████████████████████████████████████████████████████████████████████████████████████████████████████████████████████████████████████████████████████████████████████▏                 | 771/851 [00:07<00:00, 118.82it/s]Loading weights:  92%|███████████████████████████████████████████████████████████████████████████████████████████████████████████████████████████████████████████████████████████████████████████████               | 784/851 [00:07<00:00, 116.11it/s]Loading weights:  94%|█████████████████████████████████████████████████████████████████████████████████████████████████████████████████████████████████████████████████████████████████████████████████▋            | 796/851 [00:07<00:00, 113.69it/s]Loading weights:  95%|████████████████████████████████████████████████████████████████████████████████████████████████████████████████████████████████████████████████████████████████████████████████████▊         | 810/851 [00:07<00:00, 115.35it/s]Loading weights:  97%|███████████████████████████████████████████████████████████████████████████████████████████████████████████████████████████████████████████████████████████████████████████████████████▉      | 824/851 [00:07<00:00, 116.29it/s]Loading weights:  98%|███████████████████████████████████████████████████████████████████████████████████████████████████████████████████████████████████████████████████████████████████████████████████████████   | 838/851 [00:07<00:00, 118.55it/s]Loading weights: 100%|█████████████████████████████████████████████████████████████████████████████████████████████████████████████████████████████████████████████████████████████████████████████████████████████▊| 850/851 [00:07<00:00, 116.41it/s]Loading weights: 100%|██████████████████████████████████████████████████████████████████████████████████████████████████████████████████████████████████████████████████████████████████████████████████████████████| 851/851 [00:07<00:00, 107.51it/s][21:17:20] [transformers] Unrecognized keys in `rope_parameters` for 'rope_type'='yarn': {'attn_factor'}
[21:17:21] [precision] training copy: checkpoint/default precision
[21:17:21] [init] trainable params: 233,455,616 / total 27,129,454,080 (0.86%)
[21:17:41] [train-process] trainer replica 2/8 loaded on logical GPU 1
[21:18:02] [train-process] trainer replica 3/8 loaded on logical GPU 2
[21:18:22] [train-process] trainer replica 4/8 loaded on logical GPU 3
[21:18:41] [train-process] trainer replica 5/8 loaded on logical GPU 4
[21:19:01] [train-process] trainer replica 6/8 loaded on logical GPU 5
[21:19:20] [train-process] trainer replica 7/8 loaded on logical GPU 6
[21:19:40] [train-process] trainer replica 8/8 loaded on logical GPU 7

[21:19:41] [step 0] parents picked: 8
[21:19:41]   parent 0 [seed]  value=2.042363182  n=0  Q=2.042363182  P=0.222222222  bonus=0.222222222  score=2.264585405
[21:19:41]   parent 1 [seed]  value=2.008811601  n=0  Q=2.008811601  P=0.194444444  bonus=0.194444444  score=2.203256046
[21:19:41]   parent 2 [seed]  value=2.007405852  n=0  Q=2.007405852  P=0.166666667  bonus=0.166666667  score=2.174072519
[21:19:41]   parent 3 [seed]  value=2.000836874  n=0  Q=2.000836874  P=0.138888889  bonus=0.138888889  score=2.139725762
[21:19:41]   parent 4 [seed]  value=1.989053788  n=0  Q=1.989053788  P=0.111111111  bonus=0.111111111  score=2.100164899
[21:19:41]   parent 5 [seed]  value=1.983314685  n=0  Q=1.983314685  P=0.083333333  bonus=0.083333333  score=2.066648019
[21:19:41]   parent 6 [seed]  value=1.974981217  n=0  Q=1.974981217  P=0.055555556  bonus=0.055555556  score=2.030536773
[21:19:41]   parent 7 [seed]  value=1.962550990  n=0  Q=1.962550990  P=0.027777778  bonus=0.027777778  score=1.990328768
[21:20:17] [pool] loading 8 vllm engine(s) for deepseek-ai/DeepSeek-R1-0528-Qwen3-8B (TP=1, PP=1) on 8 GPU(s) ...
[21:21:26] [pool] 1/8 workers ready
[21:21:26] [pool] 2/8 workers ready
[21:21:28] [pool] 3/8 workers ready
[21:21:28] [pool] 4/8 workers ready
[21:21:29] [pool] 5/8 workers ready
[21:21:29] [pool] 6/8 workers ready
[21:21:29] [pool] 7/8 workers ready
[21:21:29] [pool] 8/8 workers ready
[21:21:29] evaluating:   0%|                                                                                                                                                                                                              | 0/512 [00:00<?, ?it/s]
[21:21:29] strategies pipelined:   0%|                                                                                                                                                                                                     | 0/32 [00:00<?, ?it/s]
[21:23:27] strategies pipelined:   3%|█████▊                                                                                                                                                                                    | 1/32 [01:58<1:01:05, 118.24s/it]
[21:23:58] strategies pipelined:   6%|███████████▊                                                                                                                                                                                 | 2/32 [02:29<33:30, 67.01s/it]
[21:24:06] strategies pipelined:  12%|███████████████████████▋                                                                                                                                                                     | 4/32 [02:36<12:46, 27.38s/it]
[21:24:21] strategies pipelined:  16%|█████████████████████████████▌                                                                                                                                                               | 5/32 [02:52<10:36, 23.58s/it]
[21:24:28] strategies pipelined:  19%|███████████████████████████████████▍                                                                                                                                                         | 6/32 [02:59<08:06, 18.70s/it]
[21:24:31] strategies pipelined:  22%|█████████████████████████████████████████▎                                                                                                                                                   | 7/32 [03:01<05:42, 13.68s/it]
[21:24:49] strategies pipelined:  25%|███████████████████████████████████████████████▎                                                                                                                                             | 8/32 [03:20<06:05, 15.24s/it]
[21:26:31] [warn] strategy 2, chain 2: missing complete final strategy; format retry 1/3 with unchanged reasoning/sampling
[21:26:33] strategies pipelined:  28%|█████████████████████████████████████████████████████▏                                                                                                                                       | 9/32 [04:12<10:06, 26.37s/it]
[21:26:56] [warn] strategy 2, chain 4: missing complete final strategy; format retry 1/3 with unchanged reasoning/sampling
[21:26:58] [warn] strategy 2, chain 7: missing complete final strategy; format retry 1/3 with unchanged reasoning/sampling
[21:27:07] strategies pipelined:  31%|██████████████████████████████████████████████████████████▊                                                                                                                                 | 10/32 [05:04<12:25, 33.87s/it]
[21:27:10] [warn] strategy 2, chain 1: missing complete final strategy; format retry 1/3 with unchanged reasoning/sampling
[21:27:27] [warn] strategy 2, chain 5: missing complete final strategy; format retry 1/3 with unchanged reasoning/sampling
[21:27:56] strategies pipelined:  34%|████████████████████████████████████████████████████████████████▋                                                                                                                           | 11/32 [05:37<11:51, 33.86s/it]
[21:27:56] strategies pipelined:  38%|██████████████████████████████████████████████████████████████████████▌                                                                                                                     | 12/32 [06:27<12:50, 38.55s/it]
[21:28:28] strategies pipelined:  41%|████████████████████████████████████████████████████████████████████████████▍                                                                                                               | 13/32 [06:59<11:34, 36.53s/it]
[21:29:09] [warn] strategy 2, chain 4: missing complete final strategy; format retry 2/3 with unchanged reasoning/sampling
[21:29:44] strategies pipelined:  44%|██████████████████████████████████████████████████████████████████████████████████▎                                                                                                         | 14/32 [07:25<10:00, 33.34s/it]
[21:29:44] strategies pipelined:  47%|████████████████████████████████████████████████████████████████████████████████████████▏                                                                                                   | 15/32 [08:15<10:53, 38.47s/it]
[21:29:46] strategies pipelined:  50%|██████████████████████████████████████████████████████████████████████████████████████████████                                                                                              | 16/32 [08:17<07:19, 27.50s/it]
[21:29:57] strategies pipelined:  53%|███████████████████████████████████████████████████████████████████████████████████████████████████▉                                                                                        | 17/32 [08:28<05:37, 22.53s/it]
[21:30:19] strategies pipelined:  56%|█████████████████████████████████████████████████████████████████████████████████████████████████████████▊                                                                                  | 18/32 [08:49<05:11, 22.24s/it]
[21:30:42] strategies pipelined:  59%|███████████████████████████████████████████████████████████████████████████████████████████████████████████████▋                                                                            | 19/32 [09:13<04:54, 22.66s/it]
[21:31:22] [warn] strategy 4, chain 8: missing complete final strategy; format retry 1/3 with unchanged reasoning/sampling
[21:32:03] strategies pipelined:  62%|█████████████████████████████████████████████████████████████████████████████████████████████████████████████████████▌                                                                      | 20/32 [09:52<05:29, 27.42s/it]
[21:32:03] strategies pipelined:  66%|███████████████████████████████████████████████████████████████████████████████████████████████████████████████████████████▍                                                                | 21/32 [10:34<05:50, 31.85s/it]
[21:32:13] strategies pipelined:  69%|█████████████████████████████████████████████████████████████████████████████████████████████████████████████████████████████████▎                                                          | 22/32 [10:44<04:12, 25.21s/it]
[21:32:28] strategies pipelined:  72%|███████████████████████████████████████████████████████████████████████████████████████████████████████████████████████████████████████▏                                                    | 23/32 [10:59<03:20, 22.25s/it]
[21:32:57] strategies pipelined:  75%|█████████████████████████████████████████████████████████████████████████████████████████████████████████████████████████████████████████████                                               | 24/32 [11:28<03:14, 24.36s/it]
[21:33:04] strategies pipelined:  78%|██████████████████████████████████████████████████████████████████████████████████████████████████████████████████████████████████████████████████▉                                         | 25/32 [11:35<02:14, 19.20s/it]
[21:33:21] strategies pipelined:  81%|████████████████████████████████████████████████████████████████████████████████████████████████████████████████████████████████████████████████████████▊                                   | 26/32 [11:52<01:51, 18.54s/it]
[21:34:01] strategies pipelined:  84%|██████████████████████████████████████████████████████████████████████████████████████████████████████████████████████████████████████████████████████████████▋                             | 27/32 [12:32<02:04, 24.80s/it]
[21:34:18] strategies pipelined:  88%|████████████████████████████████████████████████████████████████████████████████████████████████████████████████████████████████████████████████████████████████████▌                       | 28/32 [12:49<01:29, 22.40s/it]
[21:34:49] strategies pipelined:  91%|██████████████████████████████████████████████████████████████████████████████████████████████████████████████████████████████████████████████████████████████████████████▍                 | 29/32 [13:20<01:15, 25.15s/it]
[21:35:33] [warn] strategy 4, chain 1: missing complete final strategy; format retry 1/3 with unchanged reasoning/sampling
[21:35:56] strategies pipelined:  94%|████████████████████████████████████████████████████████████████████████████████████████████████████████████████████████████████████████████████████████████████████████████████▎           | 30/32 [13:24<00:37, 18.84s/it]
[21:37:35] [warn] strategy 4, chain 1: missing complete final strategy; format retry 2/3 with unchanged reasoning/sampling
[21:40:45] strategies pipelined:  97%|██████████████████████████████████████████████████████████████████████████████████████████████████████████████████████████████████████████████████████████████████████████████████████▏     | 31/32 [14:27<00:31, 31.98s/it]
[21:40:45] strategies pipelined: 100%|████████████████████████████████████████████████████████████████████████████████████████████████████████████████████████████████████████████████████████████████████████████████████████████| 32/32 [19:16<00:00, 36.15s/it]
[21:40:55] [gpu] keeping trainer replicas offloaded until the adapter update
[21:40:55] [pool] exact token scoring: max batched tokens 8192 -> 4096 to bound the temporary vocabulary projection
[21:40:55] [pool] loading 8 vllm engine(s) for Qwen/Qwen3.8-27B (TP=1, PP=1) on 8 GPU(s) ...
[21:51:08] [pool] 1/8 workers ready
[21:51:13] [pool] 2/8 workers ready
[21:51:27] [pool] 3/8 workers ready
[21:51:34] [pool] 4/8 workers ready
[21:51:34] [pool] 5/8 workers ready
[21:51:35] [pool] 6/8 workers ready
[21:51:35] [pool] 7/8 workers ready
[21:51:35] [pool] 8/8 workers ready
[21:51:35] pilot rollouts:   0%|                                                                                                                                                                                                          | 0/320 [00:00<?, ?it/s]
[21:58:35] evaluating:   0%|▍                                                                                                                                                                                               | 1/512 [38:53<331:10:18, 2333.11s/it]
[21:58:47] evaluating:   0%|▊                                                                                                                                                                                                | 2/512 [39:04<137:03:56, 967.52s/it]
[21:59:35] evaluating:   1%|█▏                                                                                                                                                                                                | 3/512 [39:53<77:26:59, 547.78s/it]
[21:59:40] evaluating:   1%|█▌                                                                                                                                                                                                | 4/512 [39:58<47:04:45, 333.63s/it]
[21:59:41] evaluating:   1%|█▉                                                                                                                                                                                                | 5/512 [39:59<30:04:56, 213.60s/it]
[21:59:44] pilot rollouts:   2%|███▌                                                                                                                                                                                            | 6/320 [08:09<3:02:01, 34.78s/it]
[22:00:02] evaluating:   1%|██▎                                                                                                                                                                                               | 6/512 [40:20<20:49:36, 148.18s/it]
[22:00:11] pilot rollouts:   2%|████▊                                                                                                                                                                                           | 8/320 [08:36<1:59:36, 23.00s/it]
[22:00:28] pilot rollouts:   3%|█████▍                                                                                                                                                                                          | 9/320 [08:53<1:49:49, 21.19s/it]
[22:00:44] pilot rollouts:   3%|█████▉                                                                                                                                                                                         | 10/320 [09:08<1:40:14, 19.40s/it]
[22:01:21] evaluating:   1%|██▋                                                                                                                                                                                               | 7/512 [41:38<17:35:48, 125.44s/it]
[22:01:22] pilot rollouts:   4%|███████▏                                                                                                                                                                                       | 12/320 [09:47<1:40:49, 19.64s/it]
[22:01:27] pilot rollouts:   4%|███████▊                                                                                                                                                                                       | 13/320 [09:51<1:17:31, 15.15s/it]
[22:01:52] evaluating:   2%|███▊                                                                                                                                                                                               | 10/512 [42:09<6:29:20, 46.53s/it]
[22:01:53] pilot rollouts:   5%|████████▉                                                                                                                                                                                      | 15/320 [10:18<1:13:43, 14.50s/it]
[22:01:58] pilot rollouts:   5%|█████████▋                                                                                                                                                                                       | 16/320 [10:23<58:52, 11.62s/it]
[22:02:09] evaluating:   2%|████▌                                                                                                                                                                                              | 12/512 [42:26<3:40:57, 26.52s/it]
[22:02:15] pilot rollouts:   6%|██████████▊                                                                                                                                                                                      | 18/320 [10:40<52:30, 10.43s/it]
[22:03:14] evaluating:   3%|█████▋                                                                                                                                                                                             | 15/512 [43:32<3:29:58, 25.35s/it]
[22:03:22] pilot rollouts:   6%|███████████▉                                                                                                                                                                                   | 20/320 [11:46<2:03:35, 24.72s/it]
[22:03:22] pilot rollouts:   7%|████████████▌                                                                                                                                                                                  | 21/320 [11:46<1:26:21, 17.33s/it]
[22:03:35] evaluating:   3%|██████▍                                                                                                                                                                                            | 17/512 [43:53<2:19:39, 16.93s/it]
[22:03:39] evaluating:   4%|██████▊                                                                                                                                                                                            | 18/512 [43:56<1:46:22, 12.92s/it]
[22:03:44] pilot rollouts:   8%|██████████████▍                                                                                                                                                                                  | 24/320 [12:09<54:40, 11.08s/it]
[22:03:51] pilot rollouts:   8%|███████████████                                                                                                                                                                                  | 25/320 [12:16<48:02,  9.77s/it]
[22:03:54] evaluating:   4%|███████▏                                                                                                                                                                                           | 19/512 [44:12<1:52:28, 13.69s/it]
[22:04:18] evaluating:   4%|███████▌                                                                                                                                                                                           | 20/512 [44:35<2:16:23, 16.63s/it]
[22:04:31] pilot rollouts:   9%|████████████████▋                                                                                                                                                                              | 28/320 [12:56<1:05:53, 13.54s/it]
[22:05:02] evaluating:   4%|███████▉                                                                                                                                                                                           | 21/512 [45:19<3:23:07, 24.82s/it]
[22:05:03] pilot rollouts:   9%|█████████████████▉                                                                                                                                                                             | 30/320 [13:27<1:05:13, 13.50s/it]
[22:05:16] pilot rollouts:  10%|██████████████████▌                                                                                                                                                                            | 31/320 [13:40<1:04:16, 13.35s/it]
[22:05:34] evaluating:   4%|████████▍                                                                                                                                                                                          | 22/512 [45:51<3:39:48, 26.91s/it]
[22:05:39] evaluating:   5%|█████████▏                                                                                                                                                                                         | 24/512 [45:56<1:59:13, 14.66s/it]
[22:05:58] evaluating:   5%|█████████▉                                                                                                                                                                                         | 26/512 [46:15<1:37:27, 12.03s/it]
[22:06:02] evaluating:   5%|██████████▎                                                                                                                                                                                        | 27/512 [46:19<1:18:03,  9.66s/it]
[22:06:07] pilot rollouts:  11%|█████████████████████▋                                                                                                                                                                           | 36/320 [14:31<50:04, 10.58s/it]
[22:06:36] evaluating:   6%|███████████                                                                                                                                                                                        | 29/512 [46:54<1:39:50, 12.40s/it]
[22:06:49] pilot rollouts:  12%|██████████████████████▋                                                                                                                                                                        | 38/320 [15:14<1:20:07, 17.05s/it]
[22:07:03] evaluating:   6%|███████████▊                                                                                                                                                                                       | 31/512 [47:20<1:33:31, 11.67s/it]
[22:07:03] pilot rollouts:  12%|████████████████████████▏                                                                                                                                                                        | 40/320 [15:28<53:23, 11.44s/it]
[22:07:12] evaluating:   6%|████████████▏                                                                                                                                                                                      | 32/512 [47:29<1:26:35, 10.82s/it]
[22:07:29] evaluating:   7%|████████████▉                                                                                                                                                                                      | 34/512 [47:46<1:11:24,  8.96s/it]
[22:07:32] pilot rollouts:  13%|█████████████████████████▉                                                                                                                                                                       | 43/320 [15:57<52:13, 11.31s/it]
[22:08:07] evaluating:   7%|█████████████▋                                                                                                                                                                                     | 36/512 [48:25<1:57:21, 14.79s/it]
[22:08:40] pilot rollouts:  14%|██████████████████████████▊                                                                                                                                                                    | 45/320 [17:04<1:57:16, 25.59s/it]
[22:08:44] evaluating:   7%|██████████████                                                                                                                                                                                     | 37/512 [49:01<2:49:06, 21.36s/it]
[22:08:54] evaluating:   7%|██████████████▍                                                                                                                                                                                    | 38/512 [49:12<2:22:22, 18.02s/it]
[22:09:02] evaluating:   8%|███████████████▏                                                                                                                                                                                   | 40/512 [49:19<1:22:19, 10.46s/it]
[22:09:09] pilot rollouts:  15%|█████████████████████████████▌                                                                                                                                                                   | 49/320 [17:34<57:31, 12.74s/it]
[22:09:53] evaluating:   8%|███████████████▉                                                                                                                                                                                   | 42/512 [50:11<2:34:25, 19.71s/it]
[22:10:19] pilot rollouts:  16%|██████████████████████████████▍                                                                                                                                                                | 51/320 [18:43<2:00:56, 26.98s/it]
[22:10:51] evaluating:   9%|████████████████▊                                                                                                                                                                                  | 44/512 [51:08<2:57:06, 22.71s/it]
[22:11:18] evaluating:   9%|█████████████████▌                                                                                                                                                                                 | 46/512 [51:35<2:25:55, 18.79s/it]
[22:11:24] pilot rollouts:  17%|████████████████████████████████▏                                                                                                                                                              | 54/320 [19:48<1:50:45, 24.98s/it]
[22:11:25] pilot rollouts:  17%|████████████████████████████████▊                                                                                                                                                              | 55/320 [19:50<1:19:12, 17.94s/it]
[22:11:29] pilot rollouts:  18%|█████████████████████████████████▊                                                                                                                                                               | 56/320 [19:53<59:50, 13.60s/it]
[22:12:03] evaluating:  10%|██████████████████▋                                                                                                                                                                                | 49/512 [52:21<2:03:43, 16.03s/it]
[22:12:06] pilot rollouts:  18%|██████████████████████████████████▌                                                                                                                                                            | 58/320 [20:31<1:14:29, 17.06s/it]
[22:12:07] evaluating:  10%|███████████████████                                                                                                                                                                                | 50/512 [52:25<1:35:19, 12.38s/it]
[22:12:08] pilot rollouts:  19%|████████████████████████████████████▏                                                                                                                                                            | 60/320 [20:32<37:49,  8.73s/it]
[22:12:16] evaluating:  10%|███████████████████▊                                                                                                                                                                               | 52/512 [52:34<1:05:55,  8.60s/it]
[22:12:30] evaluating:  10%|████████████████████▏                                                                                                                                                                              | 53/512 [52:47<1:17:05, 10.08s/it]
[22:12:34] pilot rollouts:  20%|█████████████████████████████████████▉                                                                                                                                                           | 63/320 [20:59<37:42,  8.80s/it]
[22:13:45] evaluating:  11%|█████████████████████▎                                                                                                                                                                             | 56/512 [54:02<2:35:31, 20.46s/it]
[22:13:53] pilot rollouts:  20%|██████████████████████████████████████▊                                                                                                                                                        | 65/320 [22:18<1:58:34, 27.90s/it]
[22:14:15] evaluating:  11%|██████████████████████                                                                                                                                                                             | 58/512 [54:32<2:12:22, 17.49s/it]
[22:14:18] pilot rollouts:  21%|███████████████████████████████████████▉                                                                                                                                                       | 67/320 [22:42<1:25:17, 20.23s/it]
[22:14:30] pilot rollouts:  21%|████████████████████████████████████████▌                                                                                                                                                      | 68/320 [22:54<1:14:51, 17.82s/it]
[22:15:03] evaluating:  12%|██████████████████████▍                                                                                                                                                                            | 59/512 [55:20<3:21:26, 26.68s/it]
[22:15:21] evaluating:  12%|██████████████████████▊                                                                                                                                                                            | 60/512 [55:38<3:00:48, 24.00s/it]
[22:15:52] evaluating:  12%|███████████████████████▏                                                                                                                                                                           | 61/512 [56:10<3:17:22, 26.26s/it]
[22:15:58] evaluating:  12%|███████████████████████▌                                                                                                                                                                           | 62/512 [56:15<2:29:56, 19.99s/it]
[22:16:00] pilot rollouts:  23%|███████████████████████████████████████████▌                                                                                                                                                   | 73/320 [24:25<1:04:21, 15.63s/it]
[22:16:13] pilot rollouts:  23%|████████████████████████████████████████████▏                                                                                                                                                  | 74/320 [24:38<1:00:53, 14.85s/it]
[22:16:15] pilot rollouts:  23%|█████████████████████████████████████████████▏                                                                                                                                                   | 75/320 [24:40<45:16, 11.09s/it]
[22:16:17] pilot rollouts:  24%|█████████████████████████████████████████████▊                                                                                                                                                   | 76/320 [24:42<34:07,  8.39s/it]
[22:16:23] evaluating:  12%|███████████████████████▉                                                                                                                                                                           | 63/512 [56:40<2:40:49, 21.49s/it]
[22:16:45] evaluating:  13%|████████████████████████▊                                                                                                                                                                          | 65/512 [57:02<2:05:08, 16.80s/it]
[22:17:09] evaluating:  13%|█████████████████████████▌                                                                                                                                                                         | 67/512 [57:26<1:38:50, 13.33s/it]
[22:17:24] evaluating:  13%|█████████████████████████▉                                                                                                                                                                         | 68/512 [57:41<1:42:27, 13.84s/it]
[22:17:46] pilot rollouts:  25%|████████████████████████████████████████████████▎                                                                                                                                              | 81/320 [26:10<1:19:48, 20.04s/it]
[22:17:50] pilot rollouts:  26%|████████████████████████████████████████████████▉                                                                                                                                              | 82/320 [26:15<1:01:24, 15.48s/it]
[22:18:08] evaluating:  14%|███████████████████████████                                                                                                                                                                        | 71/512 [58:25<1:39:16, 13.51s/it]
[22:18:29] evaluating:  14%|███████████████████████████▊                                                                                                                                                                       | 73/512 [58:46<1:20:32, 11.01s/it]
[22:18:46] pilot rollouts:  27%|██████████████████████████████████████████████████▋                                                                                                                                            | 85/320 [27:11<1:13:38, 18.80s/it]
[22:18:54] evaluating:  14%|████████████████████████████▏                                                                                                                                                                      | 74/512 [59:11<1:51:41, 15.30s/it]
[22:19:36] evaluating:  15%|████████████████████████████▉                                                                                                                                                                      | 76/512 [59:54<2:26:30, 20.16s/it]
[22:19:41] pilot rollouts:  28%|████████████████████████████████████████████████████▌                                                                                                                                          | 88/320 [28:06<1:24:27, 21.84s/it]
[22:19:54] evaluating:  15%|█████████████████████████████                                                                                                                                                                    | 77/512 [1:00:11<2:19:55, 19.30s/it]
[22:20:04] pilot rollouts:  28%|█████████████████████████████████████████████████████▋                                                                                                                                         | 90/320 [28:28<1:03:18, 16.52s/it]
[22:20:32] evaluating:  15%|█████████████████████████████▍                                                                                                                                                                   | 78/512 [1:00:49<3:00:35, 24.97s/it]
[22:20:40] pilot rollouts:  29%|██████████████████████████████████████████████████████▉                                                                                                                                        | 92/320 [29:05<1:04:27, 16.96s/it]
[22:21:05] evaluating:  16%|██████████████████████████████▏                                                                                                                                                                  | 80/512 [1:01:23<2:21:12, 19.61s/it]
[22:21:19] evaluating:  16%|██████████████████████████████▉                                                                                                                                                                  | 82/512 [1:01:36<1:30:50, 12.68s/it]
[22:21:24] evaluating:  16%|███████████████████████████████▉                                                                                                                                                                   | 84/512 [1:01:42<53:17,  7.47s/it]
[22:22:08] evaluating:  17%|████████████████████████████████▍                                                                                                                                                                | 86/512 [1:02:26<1:36:02, 13.53s/it]
[22:22:11] pilot rollouts:  30%|█████████████████████████████████████████████████████████▉                                                                                                                                     | 97/320 [30:35<1:14:33, 20.06s/it]
[22:22:16] evaluating:  17%|████████████████████████████████▊                                                                                                                                                                | 87/512 [1:02:33<1:22:10, 11.60s/it]
[22:22:24] pilot rollouts:  31%|███████████████████████████████████████████████████████████▋                                                                                                                                     | 99/320 [30:49<49:36, 13.47s/it]
[22:22:34] evaluating:  17%|█████████████████████████████████▌                                                                                                                                                               | 89/512 [1:02:52<1:08:59,  9.79s/it]
[22:23:09] pilot rollouts:  32%|███████████████████████████████████████████████████████████▉                                                                                                                                  | 101/320 [31:33<1:12:18, 19.81s/it]
[22:23:33] pilot rollouts:  32%|████████████████████████████████████████████████████████████▌                                                                                                                                 | 102/320 [31:58<1:16:43, 21.12s/it]
[22:23:43] evaluating:  18%|█████████████████████████████████▉                                                                                                                                                               | 90/512 [1:04:00<3:12:43, 27.40s/it]
[22:23:49] evaluating:  18%|██████████████████████████████████▎                                                                                                                                                              | 91/512 [1:04:07<2:27:52, 21.07s/it]
[22:24:32] evaluating:  18%|███████████████████████████████████▍                                                                                                                                                             | 94/512 [1:04:49<2:03:11, 17.68s/it]
[22:24:33] pilot rollouts:  33%|██████████████████████████████████████████████████████████████▉                                                                                                                               | 106/320 [32:58<1:11:30, 20.05s/it]
[22:24:44] pilot rollouts:  33%|███████████████████████████████████████████████████████████████▌                                                                                                                              | 107/320 [33:09<1:01:08, 17.22s/it]
[22:24:44] pilot rollouts:  34%|████████████████████████████████████████████████████████████████▊                                                                                                                               | 108/320 [33:09<42:47, 12.11s/it]
[22:24:47] evaluating:  19%|███████████████████████████████████▊                                                                                                                                                             | 95/512 [1:05:05<1:58:37, 17.07s/it]
[22:24:58] evaluating:  19%|████████████████████████████████████▏                                                                                                                                                            | 96/512 [1:05:15<1:44:06, 15.02s/it]
[22:25:12] evaluating:  19%|████████████████████████████████████▌                                                                                                                                                            | 97/512 [1:05:29<1:41:59, 14.75s/it]
[22:25:28] evaluating:  19%|████████████████████████████████████▉                                                                                                                                                            | 98/512 [1:05:45<1:44:14, 15.11s/it]
[22:25:41] evaluating:  19%|█████████████████████████████████████▎                                                                                                                                                           | 99/512 [1:05:59<1:40:49, 14.65s/it]
[22:26:01] pilot rollouts:  36%|████████████████████████████████████████████████████████████████████▍                                                                                                                           | 114/320 [34:25<53:24, 15.56s/it]
[22:26:24] pilot rollouts:  36%|████████████████████████████████████████████████████████████████████▎                                                                                                                         | 115/320 [34:49<1:01:39, 18.05s/it]
[22:26:28] pilot rollouts:  36%|█████████████████████████████████████████████████████████████████████▌                                                                                                                          | 116/320 [34:52<46:12, 13.59s/it]
[22:26:49] evaluating:  20%|█████████████████████████████████████▌                                                                                                                                                          | 100/512 [1:07:07<3:30:13, 30.62s/it]
[22:26:56] pilot rollouts:  37%|██████████████████████████████████████████████████████████████████████▊                                                                                                                         | 118/320 [35:21<47:27, 14.10s/it]
[22:27:14] evaluating:  20%|█████████████████████████████████████▉                                                                                                                                                          | 101/512 [1:07:32<3:18:35, 28.99s/it]
[22:27:46] evaluating:  20%|██████████████████████████████████████▋                                                                                                                                                         | 103/512 [1:08:03<2:34:09, 22.61s/it]
[22:28:04] evaluating:  20%|███████████████████████████████████████                                                                                                                                                         | 104/512 [1:08:21<2:23:27, 21.10s/it]
[22:28:10] pilot rollouts:  38%|█████████████████████████████████████████████████████████████████████████▏                                                                                                                      | 122/320 [36:35<56:32, 17.13s/it]
[22:28:17] pilot rollouts:  38%|█████████████████████████████████████████████████████████████████████████▊                                                                                                                      | 123/320 [36:42<46:13, 14.08s/it]
[22:28:22] evaluating:  21%|███████████████████████████████████████▍                                                                                                                                                        | 105/512 [1:08:39<2:17:57, 20.34s/it]
[22:28:36] evaluating:  21%|████████████████████████████████████████▏                                                                                                                                                       | 107/512 [1:08:53<1:28:40, 13.14s/it]
[22:28:37] pilot rollouts:  39%|███████████████████████████████████████████████████████████████████████████▌                                                                                                                    | 126/320 [37:01<31:53,  9.87s/it]
[22:29:26] pilot rollouts:  40%|███████████████████████████████████████████████████████████████████████████▍                                                                                                                  | 127/320 [37:51<1:09:44, 21.68s/it]
[22:30:06] pilot rollouts:  40%|████████████████████████████████████████████████████████████████████████████                                                                                                                  | 128/320 [38:31<1:27:34, 27.37s/it]
[22:30:23] evaluating:  21%|████████████████████████████████████████▌                                                                                                                                                       | 108/512 [1:10:40<4:38:14, 41.32s/it]
[22:30:36] pilot rollouts:  41%|█████████████████████████████████████████████████████████████████████████████▏                                                                                                                | 130/320 [39:00<1:06:30, 21.00s/it]
[22:31:18] pilot rollouts:  41%|█████████████████████████████████████████████████████████████████████████████▊                                                                                                                | 131/320 [39:43<1:26:42, 27.53s/it]
[22:31:24] pilot rollouts:  41%|██████████████████████████████████████████████████████████████████████████████▍                                                                                                               | 132/320 [39:49<1:05:51, 21.02s/it]
[22:31:39] evaluating:  21%|████████████████████████████████████████▉                                                                                                                                                       | 109/512 [1:11:57<5:48:26, 51.88s/it]
[22:31:42] pilot rollouts:  42%|████████████████████████████████████████████████████████████████████████████████▍                                                                                                               | 134/320 [40:07<46:34, 15.02s/it]
[22:31:44] pilot rollouts:  42%|█████████████████████████████████████████████████████████████████████████████████                                                                                                               | 135/320 [40:09<34:23, 11.15s/it]
[22:32:03] pilot rollouts:  42%|█████████████████████████████████████████████████████████████████████████████████▌                                                                                                              | 136/320 [40:28<41:01, 13.38s/it]
[22:32:09] pilot rollouts:  43%|██████████████████████████████████████████████████████████████████████████████████▏                                                                                                             | 137/320 [40:34<33:59, 11.14s/it]
[22:32:11] pilot rollouts:  43%|██████████████████████████████████████████████████████████████████████████████████▊                                                                                                             | 138/320 [40:36<25:39,  8.46s/it]
[22:32:20] pilot rollouts:  43%|███████████████████████████████████████████████████████████████████████████████████▍                                                                                                            | 139/320 [40:45<26:22,  8.74s/it]
[22:32:24] pilot rollouts:  44%|████████████████████████████████████████████████████████████████████████████████████                                                                                                            | 140/320 [40:49<21:43,  7.24s/it]
[22:32:25] pilot rollouts:  44%|████████████████████████████████████████████████████████████████████████████████████▌                                                                                                           | 141/320 [40:50<16:06,  5.40s/it]
[22:32:48] evaluating:  22%|██████████████████████████████████████████                                                                                                                                                      | 112/512 [1:13:06<3:08:51, 28.33s/it]
[22:32:53] pilot rollouts:  45%|█████████████████████████████████████████████████████████████████████████████████████▊                                                                                                          | 143/320 [41:18<28:14,  9.57s/it]
[22:33:10] evaluating:  22%|██████████████████████████████████████████▊                                                                                                                                                     | 114/512 [1:13:27<2:05:32, 18.93s/it]
[22:33:17] pilot rollouts:  45%|███████████████████████████████████████████████████████████████████████████████████████                                                                                                         | 145/320 [41:42<33:06, 11.35s/it]
[22:33:28] evaluating:  22%|███████████████████████████████████████████▏                                                                                                                                                    | 115/512 [1:13:45<2:04:25, 18.81s/it]
[22:33:47] evaluating:  23%|███████████████████████████████████████████▉                                                                                                                                                    | 117/512 [1:14:05<1:27:43, 13.32s/it]
[22:34:15] evaluating:  23%|████████████████████████████████████████████▋                                                                                                                                                   | 119/512 [1:14:33<1:21:50, 12.50s/it]
[22:34:19] evaluating:  23%|█████████████████████████████████████████████                                                                                                                                                   | 120/512 [1:14:36<1:04:18,  9.84s/it]
[22:34:26] evaluating:  24%|█████████████████████████████████████████████▊                                                                                                                                                    | 121/512 [1:14:43<57:41,  8.85s/it]
[22:34:36] pilot rollouts:  47%|██████████████████████████████████████████████████████████████████████████████████████████▌                                                                                                     | 151/320 [43:01<35:26, 12.58s/it]
[22:34:49] pilot rollouts:  48%|███████████████████████████████████████████████████████████████████████████████████████████▏                                                                                                    | 152/320 [43:13<35:13, 12.58s/it]
[22:35:26] evaluating:  24%|██████████████████████████████████████████████▏                                                                                                                                                 | 123/512 [1:15:44<1:56:28, 17.97s/it]
[22:36:06] pilot rollouts:  48%|███████████████████████████████████████████████████████████████████████████████████████████▍                                                                                                  | 154/320 [44:31<1:19:26, 28.71s/it]
[22:36:17] pilot rollouts:  48%|████████████████████████████████████████████████████████████████████████████████████████████                                                                                                  | 155/320 [44:42<1:04:20, 23.40s/it]
[22:36:28] evaluating:  24%|██████████████████████████████████████████████▌                                                                                                                                                 | 124/512 [1:16:45<3:20:44, 31.04s/it]
[22:37:52] evaluating:  25%|████████████████████████████████████████████████▊                                                                                                                                               | 130/512 [1:18:10<1:35:33, 15.01s/it]
[22:38:01] pilot rollouts:  49%|█████████████████████████████████████████████████████████████████████████████████████████████▊                                                                                                | 158/320 [46:25<1:38:23, 36.44s/it]
[22:38:01] evaluating:  26%|█████████████████████████████████████████████████▏                                                                                                                                              | 131/512 [1:18:18<1:23:13, 13.11s/it]
[22:38:03] pilot rollouts:  50%|████████████████████████████████████████████████████████████████████████████████████████████████                                                                                                | 160/320 [46:28<49:33, 18.58s/it]
[22:38:10] evaluating:  26%|█████████████████████████████████████████████████▌                                                                                                                                              | 132/512 [1:18:27<1:14:53, 11.82s/it]
[22:38:38] evaluating:  27%|███████████████████████████████████████████████████▌                                                                                                                                              | 136/512 [1:18:55<53:25,  8.53s/it]
[22:38:56] evaluating:  27%|███████████████████████████████████████████████████▍                                                                                                                                            | 137/512 [1:19:13<1:11:15, 11.40s/it]
[22:38:57] evaluating:  27%|████████████████████████████████████████████████████▎                                                                                                                                             | 138/512 [1:19:15<52:56,  8.49s/it]
[22:39:01] evaluating:  27%|████████████████████████████████████████████████████▋                                                                                                                                             | 139/512 [1:19:18<43:19,  6.97s/it]
[22:39:07] evaluating:  28%|█████████████████████████████████████████████████████▍                                                                                                                                            | 141/512 [1:19:24<31:15,  5.06s/it]
[22:39:19] pilot rollouts:  52%|████████████████████████████████████████████████████████████████████████████████████████████████████▏                                                                                           | 167/320 [47:44<29:47, 11.69s/it]
[22:39:33] evaluating:  28%|█████████████████████████████████████████████████████▎                                                                                                                                          | 142/512 [1:19:51<1:10:58, 11.51s/it]
[22:40:13] evaluating:  28%|██████████████████████████████████████████████████████                                                                                                                                          | 144/512 [1:20:30<1:35:43, 15.61s/it]
[22:40:15] pilot rollouts:  53%|██████████████████████████████████████████████████████████████████████████████████████████████████████                                                                                          | 170/320 [48:40<42:19, 16.93s/it]
[22:40:17] pilot rollouts:  53%|██████████████████████████████████████████████████████████████████████████████████████████████████████▌                                                                                         | 171/320 [48:42<30:52, 12.43s/it]
[22:40:37] evaluating:  28%|██████████████████████████████████████████████████████▍                                                                                                                                         | 145/512 [1:20:55<1:52:04, 18.32s/it]
[22:40:39] pilot rollouts:  54%|███████████████████████████████████████████████████████████████████████████████████████████████████████▊                                                                                        | 173/320 [49:03<26:50, 10.95s/it]
[22:40:41] pilot rollouts:  54%|████████████████████████████████████████████████████████████████████████████████████████████████████████▍                                                                                       | 174/320 [49:06<20:16,  8.33s/it]
[22:41:27] evaluating:  29%|████████████████████████████████████████████████████████▋                                                                                                                                       | 151/512 [1:21:44<1:00:38, 10.08s/it]
[22:41:43] evaluating:  30%|█████████████████████████████████████████████████████████                                                                                                                                       | 152/512 [1:22:01<1:11:48, 11.97s/it]
[22:41:49] pilot rollouts:  55%|██████████████████████████████████████████████████████████████████████████████████████████████████████████▏                                                                                     | 177/320 [50:14<42:01, 17.63s/it]
[22:42:17] pilot rollouts:  56%|██████████████████████████████████████████████████████████████████████████████████████████████████████████▊                                                                                     | 178/320 [50:41<48:40, 20.57s/it]
[22:42:34] evaluating:  30%|██████████████████████████████████████████████████████████▏                                                                                                                                     | 155/512 [1:22:52<1:22:39, 13.89s/it]
[22:42:41] evaluating:  30%|██████████████████████████████████████████████████████████▌                                                                                                                                     | 156/512 [1:22:58<1:09:26, 11.70s/it]
[22:43:06] evaluating:  31%|██████████████████████████████████████████████████████████▉                                                                                                                                     | 157/512 [1:23:24<1:33:26, 15.79s/it]
[22:43:22] evaluating:  31%|███████████████████████████████████████████████████████████▋                                                                                                                                    | 159/512 [1:23:40<1:11:56, 12.23s/it]
[22:43:25] pilot rollouts:  57%|█████████████████████████████████████████████████████████████████████████████████████████████████████████████▊                                                                                  | 183/320 [51:50<35:15, 15.44s/it]
[22:43:51] pilot rollouts:  57%|██████████████████████████████████████████████████████████████████████████████████████████████████████████████▍                                                                                 | 184/320 [52:16<42:10, 18.60s/it]
[22:43:56] evaluating:  31%|████████████████████████████████████████████████████████████                                                                                                                                    | 160/512 [1:24:13<1:42:15, 17.43s/it]
[22:44:15] pilot rollouts:  58%|███████████████████████████████████████████████████████████████████████████████████████████████████████████████▌                                                                                | 186/320 [52:40<36:28, 16.33s/it]
[22:44:16] pilot rollouts:  58%|████████████████████████████████████████████████████████████████████████████████████████████████████████████████▏                                                                               | 187/320 [52:41<26:00, 11.74s/it]
[22:44:34] pilot rollouts:  59%|████████████████████████████████████████████████████████████████████████████████████████████████████████████████▊                                                                               | 188/320 [52:59<30:03, 13.66s/it]
[22:44:45] evaluating:  32%|█████████████████████████████████████████████████████████████▏                                                                                                                                  | 163/512 [1:25:02<1:20:29, 13.84s/it]
[22:45:00] evaluating:  32%|█████████████████████████████████████████████████████████████▌                                                                                                                                  | 164/512 [1:25:17<1:22:49, 14.28s/it]
[22:45:07] evaluating:  32%|█████████████████████████████████████████████████████████████▉                                                                                                                                  | 165/512 [1:25:24<1:09:38, 12.04s/it]
[22:45:25] evaluating:  33%|███████████████████████████████████████████████████████████████▎                                                                                                                                  | 167/512 [1:25:42<56:42,  9.86s/it]
[22:45:39] evaluating:  33%|████████████████████████████████████████████████████████████████▍                                                                                                                                 | 170/512 [1:25:56<36:38,  6.43s/it]
[22:45:39] pilot rollouts:  61%|████████████████████████████████████████████████████████████████████████████████████████████████████████████████████▍                                                                           | 194/320 [54:04<23:34, 11.23s/it]
[22:45:41] evaluating:  33%|████████████████████████████████████████████████████████████████▊                                                                                                                                 | 171/512 [1:25:58<29:06,  5.12s/it]
[22:45:57] pilot rollouts:  61%|█████████████████████████████████████████████████████████████████████████████████████████████████████████████████████▌                                                                          | 196/320 [54:22<22:07, 10.71s/it]
[22:46:05] evaluating:  34%|████████████████████████████████████████████████████████████████▌                                                                                                                               | 172/512 [1:26:22<1:01:26, 10.84s/it]
[22:46:51] evaluating:  34%|█████████████████████████████████████████████████████████████████▎                                                                                                                              | 174/512 [1:27:08<1:44:34, 18.56s/it]
[22:46:54] evaluating:  34%|█████████████████████████████████████████████████████████████████▋                                                                                                                              | 175/512 [1:27:11<1:18:29, 13.98s/it]
[22:47:25] evaluating:  35%|███████████████████████████████████████████████████████████████████▊                                                                                                                              | 179/512 [1:27:43<47:16,  8.52s/it]
[22:47:46] evaluating:  36%|████████████████████████████████████████████████████████████████████▉                                                                                                                             | 182/512 [1:28:03<35:40,  6.49s/it]
[22:48:00] evaluating:  36%|█████████████████████████████████████████████████████████████████████▎                                                                                                                            | 183/512 [1:28:18<48:59,  8.93s/it]
[22:48:29] evaluating:  36%|█████████████████████████████████████████████████████████████████████                                                                                                                           | 184/512 [1:28:46<1:20:47, 14.78s/it]
[22:48:56] evaluating:  36%|█████████████████████████████████████████████████████████████████████▍                                                                                                                          | 185/512 [1:29:14<1:41:30, 18.62s/it]
[22:49:09] evaluating:  37%|██████████████████████████████████████████████████████████████████████▏                                                                                                                         | 187/512 [1:29:26<1:04:34, 11.92s/it]
[22:49:31] evaluating:  37%|███████████████████████████████████████████████████████████████████████▌                                                                                                                          | 189/512 [1:29:49<59:07, 10.98s/it]
[22:50:10] evaluating:  37%|███████████████████████████████████████████████████████████████████████▋                                                                                                                        | 191/512 [1:30:27<1:19:32, 14.87s/it]
[22:51:35] evaluating:  38%|█████████████████████████████████████████████████████████████████████████▌                                                                                                                      | 196/512 [1:31:53<1:57:30, 22.31s/it]
[22:51:42] pilot rollouts:  65%|██████████████████████████████████████████████████████████████████████████████████████████████████████████████████████████▊                                                                 | 209/320 [1:00:06<1:21:37, 44.12s/it]
[22:51:45] pilot rollouts:  66%|████████████████████████████████████████████████████████████████████████████████████████████████████████████████████████████▋                                                                 | 210/320 [1:00:10<58:43, 32.03s/it]
[22:51:52] pilot rollouts:  66%|█████████████████████████████████████████████████████████████████████████████████████████████████████████████████████████████▎                                                                | 211/320 [1:00:16<44:08, 24.30s/it]
[22:51:57] pilot rollouts:  66%|█████████████████████████████████████████████████████████████████████████████████████████████████████████████████████████████▉                                                                | 212/320 [1:00:22<33:33, 18.64s/it]
[22:51:57] pilot rollouts:  67%|██████████████████████████████████████████████████████████████████████████████████████████████████████████████████████████████▍                                                               | 213/320 [1:00:22<23:26, 13.14s/it]
[22:52:23] evaluating:  39%|██████████████████████████████████████████████████████████████████████████▎                                                                                                                     | 198/512 [1:32:40<1:52:08, 21.43s/it]
[22:52:23] pilot rollouts:  67%|███████████████████████████████████████████████████████████████████████████████████████████████████████████████████████████████▋                                                              | 215/320 [1:00:48<24:41, 14.11s/it]
[22:52:50] evaluating:  39%|███████████████████████████████████████████████████████████████████████████                                                                                                                     | 200/512 [1:33:07<1:26:10, 16.57s/it]
[22:53:18] evaluating:  40%|█████████████████████████████████████████████████████████████████████████████▎                                                                                                                    | 204/512 [1:33:35<44:19,  8.64s/it]
[22:53:27] evaluating:  40%|█████████████████████████████████████████████████████████████████████████████▋                                                                                                                    | 205/512 [1:33:44<44:29,  8.70s/it]
[22:53:54] pilot rollouts:  68%|██████████████████████████████████████████████████████████████████████████████████████████████████████████████████████████████████                                                            | 219/320 [1:02:19<37:10, 22.08s/it]
[22:53:56] pilot rollouts:  69%|██████████████████████████████████████████████████████████████████████████████████████████████████████████████████████████████████▋                                                           | 220/320 [1:02:21<26:36, 15.97s/it]
[22:54:08] evaluating:  40%|█████████████████████████████████████████████████████████████████████████████▎                                                                                                                  | 206/512 [1:34:25<1:33:25, 18.32s/it]
[22:54:21] evaluating:  40%|█████████████████████████████████████████████████████████████████████████████▋                                                                                                                  | 207/512 [1:34:38<1:25:27, 16.81s/it]
[22:54:35] pilot rollouts:  70%|████████████████████████████████████████████████████████████████████████████████████████████████████████████████████████████████████▍                                                         | 223/320 [1:03:00<23:07, 14.30s/it]
[22:55:10] evaluating:  41%|██████████████████████████████████████████████████████████████████████████████                                                                                                                  | 208/512 [1:35:28<2:14:48, 26.61s/it]
[22:55:16] evaluating:  41%|██████████████████████████████████████████████████████████████████████████████▍                                                                                                                 | 209/512 [1:35:33<1:42:04, 20.21s/it]
[22:55:36] evaluating:  41%|████████████████████████████████████████████████████████████████████████████████▎                                                                                                                 | 212/512 [1:35:54<55:27, 11.09s/it]
[22:55:45] pilot rollouts:  71%|██████████████████████████████████████████████████████████████████████████████████████████████████████████████████████████████████████▊                                                       | 227/320 [1:04:09<26:33, 17.13s/it]
[22:56:00] evaluating:  42%|███████████████████████████████████████████████████████████████████████████████▉                                                                                                                | 213/512 [1:36:17<1:13:25, 14.74s/it]
[22:56:29] evaluating:  42%|████████████████████████████████████████████████████████████████████████████████▎                                                                                                               | 214/512 [1:36:46<1:34:23, 19.01s/it]
[22:56:33] evaluating:  42%|█████████████████████████████████████████████████████████████████████████████████▊                                                                                                                | 216/512 [1:36:50<51:14, 10.39s/it]
[22:56:48] evaluating:  42%|██████████████████████████████████████████████████████████████████████████████████▏                                                                                                               | 217/512 [1:37:05<58:09, 11.83s/it]
[22:56:50] pilot rollouts:  72%|█████████████████████████████████████████████████████████████████████████████████████████████████████████████████████████████████████████▊                                                    | 232/320 [1:05:15<18:39, 12.73s/it]
[22:56:59] evaluating:  43%|██████████████████████████████████████████████████████████████████████████████████▉                                                                                                               | 219/512 [1:37:17<40:15,  8.24s/it]
[22:57:33] evaluating:  43%|███████████████████████████████████████████████████████████████████████████████████▋                                                                                                              | 221/512 [1:37:50<57:43, 11.90s/it]
[22:57:59] pilot rollouts:  73%|███████████████████████████████████████████████████████████████████████████████████████████████████████████████████████████████████████████▌                                                  | 235/320 [1:06:23<30:57, 21.85s/it]
[22:58:09] evaluating:  43%|███████████████████████████████████████████████████████████████████████████████████▎                                                                                                            | 222/512 [1:38:27<1:32:59, 19.24s/it]
[22:58:11] pilot rollouts:  74%|████████████████████████████████████████████████████████████████████████████████████████████████████████████████████████████████████████████▋                                                 | 237/320 [1:06:36<18:36, 13.45s/it]
[22:58:22] evaluating:  44%|███████████████████████████████████████████████████████████████████████████████████▋                                                                                                            | 223/512 [1:38:39<1:23:06, 17.25s/it]
[22:58:22] pilot rollouts:  75%|█████████████████████████████████████████████████████████████████████████████████████████████████████████████████████████████████████████████▉                                                | 239/320 [1:06:47<13:08,  9.73s/it]
[22:58:45] evaluating:  44%|████████████████████████████████████████████████████████████████████████████████████                                                                                                            | 224/512 [1:39:02<1:30:46, 18.91s/it]
[22:58:50] pilot rollouts:  75%|███████████████████████████████████████████████████████████████████████████████████████████████████████████████████████████████████████████████                                               | 241/320 [1:07:14<14:57, 11.36s/it]
[22:58:51] pilot rollouts:  76%|███████████████████████████████████████████████████████████████████████████████████████████████████████████████████████████████████████████████▋                                              | 242/320 [1:07:16<10:57,  8.42s/it]
[22:59:14] pilot rollouts:  76%|████████████████████████████████████████████████████████████████████████████████████████████████████████████████████████████████████████████████▎                                             | 243/320 [1:07:39<16:14, 12.65s/it]
[22:59:18] pilot rollouts:  76%|████████████████████████████████████████████████████████████████████████████████████████████████████████████████████████████████████████████████▉                                             | 244/320 [1:07:43<12:49, 10.12s/it]
[22:59:25] evaluating:  44%|████████████████████████████████████████████████████████████████████████████████████▍                                                                                                           | 225/512 [1:39:43<2:01:46, 25.46s/it]
[22:59:33] pilot rollouts:  77%|██████████████████████████████████████████████████████████████████████████████████████████████████████████████████████████████████████████████████                                            | 246/320 [1:07:58<11:02,  8.96s/it]
[23:00:10] evaluating:  45%|███████████████████████████████████████████████████████████████████████████████████████▏                                                                                                          | 230/512 [1:40:28<48:28, 10.31s/it]
[23:00:14] pilot rollouts:  78%|███████████████████████████████████████████████████████████████████████████████████████████████████████████████████████████████████████████████████▎                                          | 248/320 [1:08:39<19:33, 16.30s/it]
[23:00:40] pilot rollouts:  78%|███████████████████████████████████████████████████████████████████████████████████████████████████████████████████████████████████████████████████▊                                          | 249/320 [1:09:05<22:57, 19.39s/it]
[23:01:37] evaluating:  46%|███████████████████████████████████████████████████████████████████████████████████████▍                                                                                                        | 233/512 [1:41:54<1:31:40, 19.71s/it]
[23:01:40] evaluating:  46%|███████████████████████████████████████████████████████████████████████████████████████▊                                                                                                        | 234/512 [1:41:57<1:08:22, 14.76s/it]
[23:01:58] pilot rollouts:  79%|█████████████████████████████████████████████████████████████████████████████████████████████████████████████████████████████████████████████████████▋                                        | 252/320 [1:10:23<26:50, 23.68s/it]
[23:01:59] pilot rollouts:  79%|██████████████████████████████████████████████████████████████████████████████████████████████████████████████████████████████████████████████████████▏                                       | 253/320 [1:10:24<18:49, 16.86s/it]
[23:02:08] evaluating:  46%|████████████████████████████████████████████████████████████████████████████████████████▏                                                                                                       | 235/512 [1:42:25<1:26:27, 18.73s/it]
[23:02:22] evaluating:  46%|█████████████████████████████████████████████████████████████████████████████████████████▊                                                                                                        | 237/512 [1:42:39<56:42, 12.37s/it]
[23:02:29] evaluating:  46%|██████████████████████████████████████████████████████████████████████████████████████████▏                                                                                                       | 238/512 [1:42:47<50:11, 10.99s/it]
[23:02:47] evaluating:  47%|██████████████████████████████████████████████████████████████████████████████████████████▌                                                                                                       | 239/512 [1:43:04<59:12, 13.01s/it]
[23:03:56] evaluating:  47%|██████████████████████████████████████████████████████████████████████████████████████████▍                                                                                                     | 241/512 [1:44:13<2:00:09, 26.60s/it]
[23:04:14] evaluating:  47%|██████████████████████████████████████████████████████████████████████████████████████████▊                                                                                                     | 242/512 [1:44:31<1:48:08, 24.03s/it]
[23:04:25] pilot rollouts:  81%|██████████████████████████████████████████████████████████████████████████████████████████████████████████████████████████████████████████████████████████▍                                   | 260/320 [1:12:50<28:03, 28.05s/it]
[23:04:27] pilot rollouts:  82%|██████████████████████████████████████████████████████████████████████████████████████████████████████████████████████████████████████████████████████████▉                                   | 261/320 [1:12:52<19:54, 20.24s/it]
[23:04:27] evaluating:  47%|███████████████████████████████████████████████████████████████████████████████████████████▏                                                                                                    | 243/512 [1:44:45<1:34:08, 21.00s/it]
[23:05:10] pilot rollouts:  82%|████████████████████████████████████████████████████████████████████████████████████████████████████████████████████████████████████████████████████████████▏                                 | 263/320 [1:13:35<21:46, 22.92s/it]
[23:05:15] pilot rollouts:  82%|████████████████████████████████████████████████████████████████████████████████████████████████████████████████████████████████████████████████████████████▊                                 | 264/320 [1:13:40<16:19, 17.49s/it]
[23:05:50] evaluating:  48%|████████████████████████████████████████████████████████████████████████████████████████████▎                                                                                                   | 246/512 [1:46:07<1:48:33, 24.49s/it]
[23:05:53] pilot rollouts:  83%|█████████████████████████████████████████████████████████████████████████████████████████████████████████████████████████████████████████████████████████████▉                                | 266/320 [1:14:18<16:57, 18.83s/it]
[23:06:30] evaluating:  48%|█████████████████████████████████████████████████████████████████████████████████████████████                                                                                                   | 248/512 [1:46:47<1:41:00, 22.96s/it]
[23:07:12] pilot rollouts:  84%|███████████████████████████████████████████████████████████████████████████████████████████████████████████████████████████████████████████████████████████████▏                              | 268/320 [1:15:37<28:08, 32.48s/it]
[23:07:35] evaluating:  49%|█████████████████████████████████████████████████████████████████████████████████████████████▊                                                                                                  | 250/512 [1:47:53<1:52:12, 25.70s/it]
[23:07:53] evaluating:  49%|██████████████████████████████████████████████████████████████████████████████████████████████▌                                                                                                 | 252/512 [1:48:10<1:12:48, 16.80s/it]
[23:07:58] pilot rollouts:  85%|████████████████████████████████████████████████████████████████████████████████████████████████████████████████████████████████████████████████████████████████▉                             | 271/320 [1:16:22<17:54, 21.93s/it]
[23:07:58] pilot rollouts:  85%|█████████████████████████████████████████████████████████████████████████████████████████████████████████████████████████████████████████████████████████████████▌                            | 272/320 [1:16:23<12:24, 15.52s/it]
[23:08:17] evaluating:  49%|██████████████████████████████████████████████████████████████████████████████████████████████▉                                                                                                 | 253/512 [1:48:35<1:22:34, 19.13s/it]
[23:08:25] pilot rollouts:  86%|██████████████████████████████████████████████████████████████████████████████████████████████████████████████████████████████████████████████████████████████████▋                           | 274/320 [1:16:50<11:09, 14.54s/it]
[23:08:42] evaluating:  50%|█████████████████████████████████████████████████████████████████████████████████████████████████                                                                                                 | 256/512 [1:49:00<48:54, 11.46s/it]
[23:09:35] pilot rollouts:  86%|███████████████████████████████████████████████████████████████████████████████████████████████████████████████████████████████████████████████████████████████████▉                          | 276/320 [1:18:00<20:23, 27.80s/it]
[23:09:42] pilot rollouts:  87%|████████████████████████████████████████████████████████████████████████████████████████████████████████████████████████████████████████████████████████████████████▍                         | 277/320 [1:18:07<15:23, 21.48s/it]
[23:09:50] evaluating:  51%|█████████████████████████████████████████████████████████████████████████████████████████████████▏                                                                                              | 259/512 [1:50:08<1:01:32, 14.59s/it]
[23:10:05] pilot rollouts:  87%|█████████████████████████████████████████████████████████████████████████████████████████████████████████████████████████████████████████████████████████████████████▋                        | 279/320 [1:18:30<11:48, 17.28s/it]
[23:10:17] evaluating:  51%|█████████████████████████████████████████████████████████████████████████████████████████████████▌                                                                                              | 260/512 [1:50:34<1:15:59, 18.09s/it]
[23:11:04] evaluating:  52%|████████████████████████████████████████████████████████████████████████████████████████████████████▍                                                                                             | 265/512 [1:51:21<53:07, 12.90s/it]
[23:11:30] evaluating:  52%|███████████████████████████████████████████████████████████████████████████████████████████████████▊                                                                                            | 266/512 [1:51:47<1:08:40, 16.75s/it]
[23:11:49] evaluating:  52%|████████████████████████████████████████████████████████████████████████████████████████████████████▏                                                                                           | 267/512 [1:52:07<1:11:52, 17.60s/it]
[23:11:55] evaluating:  52%|█████████████████████████████████████████████████████████████████████████████████████████████████████▌                                                                                            | 268/512 [1:52:12<57:05, 14.04s/it]
[23:12:10] evaluating:  53%|█████████████████████████████████████████████████████████████████████████████████████████████████████▉                                                                                            | 269/512 [1:52:28<58:41, 14.49s/it]
[23:12:11] pilot rollouts:  89%|█████████████████████████████████████████████████████████████████████████████████████████████████████████████████████████████████████████████████████████████████████████▊                    | 286/320 [1:20:35<08:04, 14.25s/it]
[23:12:11] pilot rollouts:  90%|██████████████████████████████████████████████████████████████████████████████████████████████████████████████████████████████████████████████████████████████████████████▍                   | 287/320 [1:20:36<05:35, 10.17s/it]
[23:12:34] evaluating:  53%|███████████████████████████████████████████████████████████████████████████████████████████████████████                                                                                           | 272/512 [1:52:51<41:22, 10.34s/it]
[23:12:58] pilot rollouts:  90%|███████████████████████████████████████████████████████████████████████████████████████████████████████████████████████████████████████████████████████████████████████████▌                  | 289/320 [1:21:23<09:00, 17.44s/it]
[23:13:20] evaluating:  54%|████████████████████████████████████████████████████████████████████████████████████████████████████████▏                                                                                         | 275/512 [1:53:37<43:47, 11.09s/it]
[23:13:44] pilot rollouts:  91%|████████████████████████████████████████████████████████████████████████████████████████████████████████████████████████████████████████████████████████████████████████████▊                 | 291/320 [1:22:09<10:44, 22.22s/it]
[23:13:58] pilot rollouts:  91%|█████████████████████████████████████████████████████████████████████████████████████████████████████████████████████████████████████████████████████████████████████████████▍                | 292/320 [1:22:23<09:13, 19.76s/it]
[23:14:09] evaluating:  54%|███████████████████████████████████████████████████████████████████████████████████████████████████████▌                                                                                        | 276/512 [1:54:26<1:26:30, 21.99s/it]
[23:14:11] pilot rollouts:  92%|██████████████████████████████████████████████████████████████████████████████████████████████████████████████████████████████████████████████████████████████████████████████▌               | 294/320 [1:22:36<05:33, 12.81s/it]
[23:14:16] pilot rollouts:  92%|███████████████████████████████████████████████████████████████████████████████████████████████████████████████████████████████████████████████████████████████████████████████▏              | 295/320 [1:22:41<04:24, 10.57s/it]
[23:14:42] evaluating:  54%|███████████████████████████████████████████████████████████████████████████████████████████████████████▉                                                                                        | 277/512 [1:54:59<1:38:45, 25.21s/it]
[23:14:52] evaluating:  54%|█████████████████████████████████████████████████████████████████████████████████████████████████████████▋                                                                                        | 279/512 [1:55:09<56:47, 14.62s/it]
[23:15:23] evaluating:  55%|█████████████████████████████████████████████████████████████████████████████████████████████████████████                                                                                       | 280/512 [1:55:40<1:15:41, 19.58s/it]
[23:15:41] evaluating:  55%|█████████████████████████████████████████████████████████████████████████████████████████████████████████▍                                                                                      | 281/512 [1:55:59<1:13:53, 19.19s/it]
[23:15:57] pilot rollouts:  94%|██████████████████████████████████████████████████████████████████████████████████████████████████████████████████████████████████████████████████████████████████████████████████▏           | 300/320 [1:24:21<06:04, 18.21s/it]
[23:16:21] evaluating:  55%|███████████████████████████████████████████████████████████████████████████████████████████████████████████▌                                                                                      | 284/512 [1:56:38<50:29, 13.29s/it]
[23:16:28] evaluating:  56%|████████████████████████████████████████████████████████████████████████████████████████████████████████████▎                                                                                     | 286/512 [1:56:45<31:23,  8.33s/it]
[23:16:29] evaluating:  56%|████████████████████████████████████████████████████████████████████████████████████████████████████████████▋                                                                                     | 287/512 [1:56:46<22:47,  6.08s/it]
[23:17:46] evaluating:  57%|██████████████████████████████████████████████████████████████████████████████████████████████████████████████▎                                                                                   | 291/512 [1:58:03<56:39, 15.38s/it]
[23:18:13] evaluating:  57%|█████████████████████████████████████████████████████████████████████████████████████████████████████████████▌                                                                                  | 292/512 [1:58:30<1:09:16, 18.89s/it]
[23:18:26] evaluating:  57%|█████████████████████████████████████████████████████████████████████████████████████████████████████████████▉                                                                                  | 293/512 [1:58:44<1:03:23, 17.37s/it]
[23:18:50] evaluating:  57%|██████████████████████████████████████████████████████████████████████████████████████████████████████████████▎                                                                                 | 294/512 [1:59:08<1:10:13, 19.33s/it]
[23:19:27] pilot rollouts:  96%|██████████████████████████████████████████████████████████████████████████████████████████████████████████████████████████████████████████████████████████████████████████████████████▉       | 308/320 [1:27:52<06:18, 31.55s/it]
[23:20:04] pilot rollouts:  97%|███████████████████████████████████████████████████████████████████████████████████████████████████████████████████████████████████████████████████████████████████████████████████████▍      | 309/320 [1:28:28<06:02, 32.99s/it]
[23:20:09] pilot rollouts:  97%|████████████████████████████████████████████████████████████████████████████████████████████████████████████████████████████████████████████████████████████████████████████████████████      | 310/320 [1:28:33<04:06, 24.61s/it]
[23:20:23] evaluating:  58%|██████████████████████████████████████████████████████████████████████████████████████████████████████████████▋                                                                                 | 295/512 [2:00:41<2:29:37, 41.37s/it]
[23:21:00] evaluating:  58%|███████████████████████████████████████████████████████████████████████████████████████████████████████████████▊                                                                                | 298/512 [2:01:17<1:21:14, 22.78s/it]
[23:21:20] evaluating:  58%|████████████████████████████████████████████████████████████████████████████████████████████████████████████████▏                                                                               | 299/512 [2:01:37<1:17:38, 21.87s/it]
[23:21:23] pilot rollouts:  98%|██████████████████████████████████████████████████████████████████████████████████████████████████████████████████████████████████████████████████████████████████████████████████████████▍   | 314/320 [1:29:47<01:56, 19.42s/it]
[23:21:26] pilot rollouts:  98%|███████████████████████████████████████████████████████████████████████████████████████████████████████████████████████████████████████████████████████████████████████████████████████████   | 315/320 [1:29:50<01:12, 14.52s/it]
[23:23:12] evaluating:  59%|█████████████████████████████████████████████████████████████████████████████████████████████████████████████████▎                                                                              | 302/512 [2:03:29<1:35:35, 27.31s/it]
[23:25:10] pilot rollouts:  99%|████████████████████████████████████████████████████████████████████████████████████████████████████████████████████████████████████████████████████████████████████████████████████████████▏ | 317/320 [1:33:35<03:39, 73.14s/it]
[23:25:46] pilot rollouts:  99%|████████████████████████████████████████████████████████████████████████████████████████████████████████████████████████████████████████████████████████████████████████████████████████████▊ | 318/320 [1:34:11<02:03, 61.99s/it]
[23:27:10] pilot rollouts: 100%|█████████████████████████████████████████████████████████████████████████████████████████████████████████████████████████████████████████████████████████████████████████████████████████████▍| 319/320 [1:35:35<01:08, 68.60s/it]
[23:27:26] pilot rollouts: 100%|██████████████████████████████████████████████████████████████████████████████████████████████████████████████████████████████████████████████████████████████████████████████████████████████| 320/320 [1:35:50<00:00, 17.97s/it]
[23:27:26] [step 0] adaptive phase 2: 192 programs total; each parent is dispatched as soon as its complete pilot set is evaluated
[23:27:26] [step 0] rollout pilot parent 0/fold 0: hurdle expected-best; parent reward=2.042363182, pilot best reward=2.623339641, projected phase-2 gain=0.134079321; allocating 24 phase-2 rollouts
[23:27:26] [step 0]   strategy 0: mean=2.010193490, variance=1.041249061, valid=8/10, improved=7/10, posterior-improve=0.666667, initial-EI=0.0169333372, phase2=24, total=34, [38;5;208mpilot best raw C₅ bound=0.381193483[0m
[23:27:26] [step 0]   strategy 1: mean=1.936068946, variance=0.970925954, valid=8/10, improved=8/10, posterior-improve=0.750000, initial-EI=0.0100740292, phase2=0, total=10, [38;5;208mpilot best raw C₅ bound=0.381294351[0m
[23:27:26] [step 0]   strategy 2: mean=1.694631843, variance=1.249817852, valid=7/10, improved=7/10, posterior-improve=0.666667, initial-EI=0.00731354329, phase2=0, total=10, [38;5;208mpilot best raw C₅ bound=0.381502207[0m
[23:27:26] [step 0]   strategy 3: mean=1.963717324, variance=0.995296810, valid=8/10, improved=8/10, posterior-improve=0.750000, initial-EI=0.0127444876, phase2=0, total=10, [38;5;208mpilot best raw C₅ bound=0.381519753[0m
[23:27:26] [step 0] rollout pilot parent 1/fold 0: hurdle expected-best; parent reward=2.008811601, pilot best reward=2.624119489, projected phase-2 gain=0.0614860984; allocating 24 phase-2 rollouts
[23:27:26] [step 0]   strategy 0: mean=1.755445457, variance=1.347164101, valid=7/10, improved=7/10, posterior-improve=0.666667, initial-EI=0.00660009003, phase2=2, total=12, [38;5;208mpilot best raw C₅ bound=0.381281966[0m
[23:27:26] [step 0]   strategy 1: mean=1.819121332, variance=1.419444872, valid=7/10, improved=7/10, posterior-improve=0.666667, initial-EI=0.00725013605, phase2=22, total=32, [38;5;208mpilot best raw C₅ bound=0.381342914[0m
[23:27:26] [step 0]   strategy 2: mean=2.018780913, variance=1.026018998, valid=8/10, improved=8/10, posterior-improve=0.750000, initial-EI=0.00510466891, phase2=0, total=10, [38;5;208mpilot best raw C₅ bound=0.381080198[0m
[23:27:26] [step 0]   strategy 3: mean=1.807533686, variance=1.402808997, valid=7/10, improved=7/10, posterior-improve=0.666667, initial-EI=0.00598207175, phase2=0, total=10, [38;5;208mpilot best raw C₅ bound=0.381338957[0m
[23:27:26] [step 0] rollout pilot parent 2/fold 0: hurdle expected-best; parent reward=2.007405852, pilot best reward=2.624310577, projected phase-2 gain=0.0422421354; allocating 24 phase-2 rollouts
[23:27:26] [step 0]   strategy 0: mean=1.818125975, variance=1.417667594, valid=7/10, improved=7/10, posterior-improve=0.666667, initial-EI=0.0046601222, phase2=10, total=20, [38;5;208mpilot best raw C₅ bound=0.381374962[0m
[23:27:26] [step 0]   strategy 1: mean=0.969581500, variance=1.424097917, valid=4/10, improved=4/10, posterior-improve=0.416667, initial-EI=0.00160301261, phase2=0, total=10, [38;5;208mpilot best raw C₅ bound=0.381458177[0m
[23:27:26] [step 0]   strategy 2: mean=2.214487832, variance=0.593889119, valid=9/10, improved=8/10, posterior-improve=0.750000, initial-EI=0.00406758239, phase2=0, total=10, [38;5;208mpilot best raw C₅ bound=0.381052450[0m
[23:27:26] [step 0]   strategy 3: mean=2.203286664, variance=0.591844637, valid=9/10, improved=8/10, posterior-improve=0.750000, initial-EI=0.00478583916, phase2=14, total=24, [38;5;208mpilot best raw C₅ bound=0.381100771[0m
[23:27:26] [step 0] rollout pilot parent 3/fold 0: hurdle expected-best; parent reward=2.000836874, pilot best reward=2.624858205, projected phase-2 gain=0.110644739; allocating 24 phase-2 rollouts
[23:27:26] [step 0]   strategy 0: mean=1.490345805, variance=1.491360167, valid=6/10, improved=6/10, posterior-improve=0.583333, initial-EI=0.00687425457, phase2=0, total=10, [38;5;208mpilot best raw C₅ bound=0.380981903[0m
[23:27:26] [step 0]   strategy 1: mean=1.685097230, variance=1.270625079, valid=7/10, improved=6/10, posterior-improve=0.583333, initial-EI=0.00825930575, phase2=0, total=10, [38;5;208mpilot best raw C₅ bound=0.381091795[0m
[23:27:26] [step 0]   strategy 2: mean=1.502817810, variance=1.518781202, valid=6/10, improved=6/10, posterior-improve=0.583333, initial-EI=0.0076458036, phase2=0, total=10, [38;5;208mpilot best raw C₅ bound=0.381359931[0m
[23:27:26] [step 0]   strategy 3: mean=2.087679695, variance=1.090624879, valid=8/10, improved=8/10, posterior-improve=0.750000, initial-EI=0.0160849495, phase2=24, total=34, [38;5;208mpilot best raw C₅ bound=0.380972950[0m
[23:27:26] [step 0] rollout pilot parent 4/fold 0: hurdle expected-best; parent reward=1.989053788, pilot best reward=2.623197698, projected phase-2 gain=0.0769622306; allocating 24 phase-2 rollouts
[23:27:26] [step 0]   strategy 0: mean=1.746566287, variance=1.321098174, valid=7/10, improved=7/10, posterior-improve=0.666667, initial-EI=0.00663980684, phase2=0, total=10, [38;5;208mpilot best raw C₅ bound=0.381479829[0m
[23:27:26] [step 0]   strategy 1: mean=1.567575844, variance=1.638329188, valid=6/10, improved=6/10, posterior-improve=0.583333, initial-EI=0.00909921525, phase2=24, total=34, [38;5;208mpilot best raw C₅ bound=0.381214109[0m
[23:27:26] [step 0]   strategy 2: mean=1.751275580, variance=1.323666352, valid=7/10, improved=7/10, posterior-improve=0.666667, initial-EI=0.00413091012, phase2=0, total=10, [38;5;208mpilot best raw C₅ bound=0.381968845[0m
[23:27:26] [step 0]   strategy 3: mean=1.377152873, variance=1.468102885, valid=6/10, improved=5/10, posterior-improve=0.500000, initial-EI=0.00392879254, phase2=0, total=10, [38;5;208mpilot best raw C₅ bound=0.382521661[0m
[23:27:26] [step 0] rollout pilot parent 5/fold 0: hurdle expected-best; parent reward=1.983314685, pilot best reward=2.624579567, projected phase-2 gain=0.0625612306; allocating 24 phase-2 rollouts
[23:27:26] [step 0]   strategy 0: mean=1.547839049, variance=1.601954784, valid=6/10, improved=6/10, posterior-improve=0.583333, initial-EI=0.00655634874, phase2=0, total=10, [38;5;208mpilot best raw C₅ bound=0.381018567[0m
[23:27:26] [step 0]   strategy 1: mean=2.370894154, variance=0.051667173, valid=10/10, improved=9/10, posterior-improve=0.833333, initial-EI=0.00387295009, phase2=0, total=10, [38;5;208mpilot best raw C₅ bound=0.381013396[0m
[23:27:26] [step 0]   strategy 2: mean=2.181986896, variance=0.745416946, valid=9/10, improved=8/10, posterior-improve=0.750000, initial-EI=0.00764454005, phase2=24, total=34, [38;5;208mpilot best raw C₅ bound=0.381022154[0m
[23:27:26] [step 0]   strategy 3: mean=1.532325297, variance=1.567502947, valid=6/10, improved=6/10, posterior-improve=0.583333, initial-EI=0.00368075759, phase2=0, total=10, [38;5;208mpilot best raw C₅ bound=0.381092671[0m
[23:32:01] evaluating:  61%|██████████████████████████████████████████████████████████████████████████████████████████████████████████████████████████████████████████████████████████████████████████████▍                                                                                                                 | 310/512 [2:12:19<3:02:17, 54.15s/it]
[23:32:18] evaluating:  61%|██████████████████████████████████████████████████████████████████████████████████████████████████████████████████████████████████████████████████████████████████████████████▉                                                                                                                 | 311/512 [2:12:35<2:23:26, 42.82s/it]
[23:33:56] evaluating:  61%|████████████████████████████████████████████████████████████████████████████████████████████████████████████████████████████████████████████████████████████████████████████████▋                                                                                                               | 314/512 [2:14:14<1:41:57, 30.90s/it]
[23:34:39] adaptive rollouts 144/192:   2%|█████▊                                                                                                                                                                                                                                                                              | 3/144 [07:13<4:42:03, 120.02s/it]
[23:35:17] adaptive rollouts 144/192:   3%|███████▋                                                                                                                                                                                                                                                                             | 4/144 [07:51<3:24:23, 87.59s/it]
[23:35:28] adaptive rollouts 144/192:   3%|█████████▌                                                                                                                                                                                                                                                                           | 5/144 [08:02<2:18:33, 59.81s/it]
[23:35:46] evaluating:  62%|█████████████████████████████████████████████████████████████████████████████████████████████████████████████████████████████████████████████████████████████████████████████████▊                                                                                                              | 316/512 [2:16:03<2:05:07, 38.30s/it]
[23:36:01] evaluating:  62%|██████████████████████████████████████████████████████████████████████████████████████████████████████████████████████████████████████████████████████████████████████████████████▉                                                                                                             | 318/512 [2:16:19<1:11:30, 22.12s/it]
[23:36:07] adaptive rollouts 144/192:   6%|███████████████▍                                                                                                                                                                                                                                                                     | 8/144 [08:41<1:04:20, 28.39s/it]
[23:36:12] evaluating:  62%|█████████████████████████████████████████████████████████████████████████████████████████████████████████████████████████████████████████████████████████████████████████████████████▎                                                                                                            | 320/512 [2:16:29<42:00, 13.13s/it]
[23:36:21] evaluating:  63%|█████████████████████████████████████████████████████████████████████████████████████████████████████████████████████████████████████████████████████████████████████████████████████▊                                                                                                            | 321/512 [2:16:38<37:37, 11.82s/it]
[23:36:46] evaluating:  63%|██████████████████████████████████████████████████████████████████████████████████████████████████████████████████████████████████████████████████████████████████████████████████████▍                                                                                                           | 322/512 [2:17:03<49:48, 15.73s/it]
[23:36:58] evaluating:  63%|███████████████████████████████████████████████████████████████████████████████████████████████████████████████████████████████████████████████████████████████████████████████████████▌                                                                                                          | 324/512 [2:17:15<33:32, 10.71s/it]
[23:37:05] evaluating:  63%|████████████████████████████████████████████████████████████████████████████████████████████████████████████████████████████████████████████████████████████████████████████████████████                                                                                                          | 325/512 [2:17:23<30:07,  9.67s/it]
[23:37:09] adaptive rollouts 144/192:  10%|███████████████████████████                                                                                                                                                                                                                                                           | 14/144 [09:43<26:36, 12.28s/it]
[23:37:10] adaptive rollouts 144/192:  10%|████████████████████████████▉                                                                                                                                                                                                                                                         | 15/144 [09:44<19:04,  8.88s/it]
[23:37:12] evaluating:  64%|████████████████████████████████████████████████████████████████████████████████████████████████████████████████████████████████████████████████████████████████████████████████████████▋                                                                                                         | 326/512 [2:17:30<27:29,  8.87s/it]
[23:37:15] adaptive rollouts 144/192:  12%|████████████████████████████████▊                                                                                                                                                                                                                                                     | 17/144 [09:49<12:06,  5.72s/it]
[23:37:16] evaluating:  64%|█████████████████████████████████████████████████████████████████████████████████████████████████████████████████████████████████████████████████████████████████████████████████████████▏                                                                                                        | 327/512 [2:17:34<22:42,  7.37s/it]
[23:37:26] evaluating:  64%|█████████████████████████████████████████████████████████████████████████████████████████████████████████████████████████████████████████████████████████████████████████████████████████▊                                                                                                        | 328/512 [2:17:43<24:41,  8.05s/it]
[23:37:46] evaluating:  65%|████████████████████████████████████████████████████████████████████████████████████████████████████████████████████████████████████████████████████████████████████████████████████████████▌                                                                                                     | 333/512 [2:18:03<12:47,  4.29s/it]
[23:37:54] adaptive rollouts 144/192:  15%|████████████████████████████████████████▌                                                                                                                                                                                                                                             | 21/144 [10:28<22:03, 10.76s/it]
[23:37:55] adaptive rollouts 144/192:  15%|██████████████████████████████████████████▍                                                                                                                                                                                                                                           | 22/144 [10:29<16:21,  8.05s/it]
[23:38:00] adaptive rollouts 144/192:  16%|████████████████████████████████████████████▍                                                                                                                                                                                                                                         | 23/144 [10:34<14:20,  7.11s/it]
[23:38:03] evaluating:  65%|█████████████████████████████████████████████████████████████████████████████████████████████████████████████████████████████████████████████████████████████████████████████████████████████▏                                                                                                    | 334/512 [2:18:21<24:50,  8.38s/it]
[23:38:21] evaluating:  66%|██████████████████████████████████████████████████████████████████████████████████████████████████████████████████████████████████████████████████████████████████████████████████████████████▉                                                                                                   | 337/512 [2:18:38<18:18,  6.28s/it]
[23:38:21] adaptive rollouts 144/192:  18%|██████████████████████████████████████████████████▏                                                                                                                                                                                                                                   | 26/144 [10:55<15:57,  8.12s/it]
[23:38:28] evaluating:  66%|████████████████████████████████████████████████████████████████████████████████████████████████████████████████████████████████████████████████████████████████████████████████████████████████                                                                                                  | 339/512 [2:18:46<13:35,  4.71s/it]
[23:38:38] adaptive rollouts 144/192:  20%|███████████████████████████████████████████████████████▉                                                                                                                                                                                                                              | 29/144 [11:12<12:22,  6.46s/it]
[23:39:02] evaluating:  67%|█████████████████████████████████████████████████████████████████████████████████████████████████████████████████████████████████████████████████████████████████████████████████████████████████▏                                                                                                | 341/512 [2:19:20<29:25, 10.33s/it]
[23:39:05] adaptive rollouts 144/192:  22%|███████████████████████████████████████████████████████████▊                                                                                                                                                                                                                          | 31/144 [11:39<19:17, 10.24s/it]
[23:39:08] adaptive rollouts 144/192:  22%|█████████████████████████████████████████████████████████████▊                                                                                                                                                                                                                        | 32/144 [11:42<15:51,  8.49s/it]
[23:39:32] evaluating:  67%|██████████████████████████████████████████████████████████████████████████████████████████████████████████████████████████████████████████████████████████████████████████████████████████████████▎                                                                                               | 343/512 [2:19:49<32:26, 11.52s/it]
[23:39:36] evaluating:  67%|██████████████████████████████████████████████████████████████████████████████████████████████████████████████████████████████████████████████████████████████████████████████████████████████████▊                                                                                               | 344/512 [2:19:53<25:51,  9.24s/it]
[23:39:59] evaluating:  68%|█████████████████████████████████████████████████████████████████████████████████████████████████████████████████████████████████████████████████████████████████████████████████████████████████████                                                                                             | 348/512 [2:20:16<14:50,  5.43s/it]
[23:40:06] adaptive rollouts 144/192:  25%|█████████████████████████████████████████████████████████████████████▌                                                                                                                                                                                                                | 36/144 [12:40<24:08, 13.41s/it]
[23:40:16] adaptive rollouts 144/192:  26%|███████████████████████████████████████████████████████████████████████▍                                                                                                                                                                                                              | 37/144 [12:50<21:43, 12.18s/it]
[23:40:26] adaptive rollouts 144/192:  26%|█████████████████████████████████████████████████████████████████████████▎                                                                                                                                                                                                            | 38/144 [13:00<20:43, 11.73s/it]
[23:41:04] evaluating:  69%|██████████████████████████████████████████████████████████████████████████████████████████████████████████████████████████████████████████████████████████████████████████████████████████████████████▊                                                                                           | 351/512 [2:21:22<44:22, 16.54s/it]
[23:41:21] evaluating:  69%|███████████████████████████████████████████████████████████████████████████████████████████████████████████████████████████████████████████████████████████████████████████████████████████████████████▍                                                                                          | 352/512 [2:21:38<43:50, 16.44s/it]
[23:41:38] evaluating:  69%|████████████████████████████████████████████████████████████████████████████████████████████████████████████████████████████████████████████████████████████████████████████████████████████████████████▌                                                                                         | 354/512 [2:21:56<32:05, 12.19s/it]
[23:41:43] evaluating:  69%|█████████████████████████████████████████████████████████████████████████████████████████████████████████████████████████████████████████████████████████████████████████████████████████████████████████                                                                                         | 355/512 [2:22:00<25:39,  9.80s/it]
[23:41:51] adaptive rollouts 144/192:  31%|████████████████████████████████████████████████████████████████████████████████████▉                                                                                                                                                                                                 | 44/144 [14:25<18:19, 11.00s/it]
[23:42:12] evaluating:  70%|██████████████████████████████████████████████████████████████████████████████████████████████████████████████████████████████████████████████████████████████████████████████████████████████████████████▏                                                                                       | 357/512 [2:22:30<31:52, 12.34s/it]
[23:43:39] evaluating:  70%|███████████████████████████████████████████████████████████████████████████████████████████████████████████████████████████████████████████████████████████████████████████████████████████████████████████▉                                                                                      | 360/512 [2:23:56<55:48, 22.03s/it]
[23:43:39] adaptive rollouts 144/192:  33%|██████████████████████████████████████████████████████████████████████████████████████████▋                                                                                                                                                                                           | 47/144 [16:13<49:58, 30.91s/it]
[23:43:51] adaptive rollouts 144/192:  33%|████████████████████████████████████████████████████████████████████████████████████████████▋                                                                                                                                                                                         | 48/144 [16:25<41:03, 25.66s/it]
[23:44:08] evaluating:  71%|███████████████████████████████████████████████████████████████████████████████████████████████████████████████████████████████████████████████████████████████████████████████████████████████████████████                                                                                     | 361/512 [2:24:26<1:01:11, 24.31s/it]
[23:44:21] evaluating:  71%|█████████████████████████████████████████████████████████████████████████████████████████████████████████████████████████████████████████████████████████████████████████████████████████████████████████████                                                                                     | 362/512 [2:24:38<52:11, 20.88s/it]
[23:44:45] adaptive rollouts 144/192:  35%|██████████████████████████████████████████████████████████████████████████████████████████████████▍                                                                                                                                                                                   | 51/144 [17:19<33:59, 21.93s/it]
[23:44:46] adaptive rollouts 144/192:  36%|████████████████████████████████████████████████████████████████████████████████████████████████████▍                                                                                                                                                                                 | 52/144 [17:20<24:09, 15.76s/it]
[23:44:54] evaluating:  71%|████████████████████████████████████████████████████████████████████████████████████████████████████████████████████████████████████████████████████████████████████████████████████████████████████████████▏                                                                                   | 363/512 [2:25:11<1:00:31, 24.38s/it]
[23:45:14] adaptive rollouts 144/192:  38%|████████████████████████████████████████████████████████████████████████████████████████████████████████▎                                                                                                                                                                             | 54/144 [17:48<23:36, 15.74s/it]
[23:45:35] evaluating:  71%|████████████████████████████████████████████████████████████████████████████████████████████████████████████████████████████████████████████████████████████████████████████████████████████████████████████▊                                                                                   | 364/512 [2:25:52<1:12:40, 29.46s/it]
[23:46:05] evaluating:  71%|███████████████████████████████████████████████████████████████████████████████████████████████████████████████████████████████████████████████████████████████████████████████████████████████████████████████▎                                                                                  | 366/512 [2:26:22<53:03, 21.81s/it]
[23:46:40] adaptive rollouts 144/192:  40%|██████████████████████████████████████████████████████████████████████████████████████████████████████████████                                                                                                                                                                        | 57/144 [19:14<40:03, 27.63s/it]
[23:46:50] adaptive rollouts 144/192:  40%|███████████████████████████████████████████████████████████████████████████████████████████████████████████████▉                                                                                                                                                                      | 58/144 [19:24<31:55, 22.27s/it]
[23:46:58] adaptive rollouts 144/192:  41%|█████████████████████████████████████████████████████████████████████████████████████████████████████████████████▉                                                                                                                                                                    | 59/144 [19:32<25:38, 18.09s/it]
[23:47:22] adaptive rollouts 144/192:  42%|███████████████████████████████████████████████████████████████████████████████████████████████████████████████████▊                                                                                                                                                                  | 60/144 [19:56<27:31, 19.67s/it]
[23:47:52] adaptive rollouts 144/192:  42%|█████████████████████████████████████████████████████████████████████████████████████████████████████████████████████▊                                                                                                                                                                | 61/144 [20:26<31:47, 22.98s/it]
[23:47:55] adaptive rollouts 144/192:  43%|███████████████████████████████████████████████████████████████████████████████████████████████████████████████████████▋                                                                                                                                                              | 62/144 [20:29<22:57, 16.80s/it]
[23:48:01] evaluating:  72%|██████████████████████████████████████████████████████████████████████████████████████████████████████████████████████████████████████████████████████████████████████████████████████████████████████████████▍                                                                                 | 367/512 [2:28:19<2:01:33, 50.30s/it]
[23:48:12] evaluating:  72%|███████████████████████████████████████████████████████████████████████████████████████████████████████████████████████████████████████████████████████████████████████████████████████████████████████████████                                                                                 | 368/512 [2:28:30<1:32:20, 38.47s/it]
[23:48:15] adaptive rollouts 144/192:  45%|█████████████████████████████████████████████████████████████████████████████████████████████████████████████████████████████▍                                                                                                                                                        | 65/144 [20:49<14:12, 10.79s/it]
[23:48:23] adaptive rollouts 144/192:  46%|███████████████████████████████████████████████████████████████████████████████████████████████████████████████████████████████▍                                                                                                                                                      | 66/144 [20:57<12:50,  9.88s/it]
[23:48:35] evaluating:  72%|███████████████████████████████████████████████████████████████████████████████████████████████████████████████████████████████████████████████████████████████████████████████████████████████████████████████▌                                                                                | 369/512 [2:28:53<1:20:49, 33.91s/it]
[23:48:37] adaptive rollouts 144/192:  47%|███████████████████████████████████████████████████████████████████████████████████████████████████████████████████████████████████▎                                                                                                                                                  | 68/144 [21:11<11:10,  8.82s/it]
[23:48:44] adaptive rollouts 144/192:  48%|█████████████████████████████████████████████████████████████████████████████████████████████████████████████████████████████████████▏                                                                                                                                                | 69/144 [21:18<10:08,  8.11s/it]
[23:48:51] evaluating:  72%|████████████████████████████████████████████████████████████████████████████████████████████████████████████████████████████████████████████████████████████████████████████████████████████████████████████████▏                                                                               | 370/512 [2:29:08<1:07:15, 28.42s/it]
[23:49:37] evaluating:  73%|██████████████████████████████████████████████████████████████████████████████████████████████████████████████████████████████████████████████████████████████████████████████████████████████████████████████████▋                                                                               | 372/512 [2:29:54<58:21, 25.01s/it]
[23:49:47] adaptive rollouts 144/192:  50%|███████████████████████████████████████████████████████████████████████████████████████████████████████████████████████████████████████████                                                                                                                                           | 72/144 [22:21<25:05, 20.90s/it]
[23:49:53] evaluating:  73%|███████████████████████████████████████████████████████████████████████████████████████████████████████████████████████████████████████████████████████████████████████████████████████████████████████████████████▎                                                                              | 373/512 [2:30:10<51:39, 22.30s/it]
[23:49:59] adaptive rollouts 144/192:  51%|██████████████████████████████████████████████████████████████████████████████████████████████████████████████████████████████████████████████▊                                                                                                                                       | 74/144 [22:33<15:48, 13.55s/it]
[23:50:25] evaluating:  73%|███████████████████████████████████████████████████████████████████████████████████████████████████████████████████████████████████████████████████████████████████████████████████████████████████████████████████▊                                                                              | 374/512 [2:30:43<58:21, 25.37s/it]
[23:50:33] evaluating:  73%|████████████████████████████████████████████████████████████████████████████████████████████████████████████████████████████████████████████████████████████████████████████████████████████████████████████████████▍                                                                             | 375/512 [2:30:51<46:09, 20.22s/it]
[23:50:43] adaptive rollouts 144/192:  53%|████████████████████████████████████████████████████████████████████████████████████████████████████████████████████████████████████████████████████▋                                                                                                                                 | 77/144 [23:17<15:15, 13.67s/it]
[23:50:46] adaptive rollouts 144/192:  54%|██████████████████████████████████████████████████████████████████████████████████████████████████████████████████████████████████████████████████████▌                                                                                                                               | 78/144 [23:20<11:36, 10.56s/it]
[23:50:53] evaluating:  73%|████████████████████████████████████████████████████████████████████████████████████████████████████████████████████████████████████████████████████████████████████████████████████████████████████████████████████▉                                                                             | 376/512 [2:31:10<45:05, 19.89s/it]
[23:50:55] adaptive rollouts 144/192:  56%|██████████████████████████████████████████████████████████████████████████████████████████████████████████████████████████████████████████████████████████▍                                                                                                                           | 80/144 [23:29<08:03,  7.55s/it]
[23:50:59] adaptive rollouts 144/192:  56%|████████████████████████████████████████████████████████████████████████████████████████████████████████████████████████████████████████████████████████████▍                                                                                                                         | 81/144 [23:33<06:50,  6.52s/it]
[23:51:16] evaluating:  74%|██████████████████████████████████████████████████████████████████████████████████████████████████████████████████████████████████████████████████████████████████████████████████████████████████████████████████████                                                                            | 378/512 [2:31:33<33:26, 14.97s/it]
[23:51:16] adaptive rollouts 144/192:  58%|████████████████████████████████████████████████████████████████████████████████████████████████████████████████████████████████████████████████████████████████▏                                                                                                                     | 83/144 [23:50<07:27,  7.33s/it]
[23:51:25] adaptive rollouts 144/192:  58%|██████████████████████████████████████████████████████████████████████████████████████████████████████████████████████████████████████████████████████████████████▏                                                                                                                   | 84/144 [23:59<07:42,  7.71s/it]
[23:51:28] evaluating:  74%|███████████████████████████████████████████████████████████████████████████████████████████████████████████████████████████████████████████████████████████████████████████████████████████████████████████████████████▏                                                                          | 380/512 [2:31:46<22:14, 10.11s/it]
[23:51:30] evaluating:  74%|███████████████████████████████████████████████████████████████████████████████████████████████████████████████████████████████████████████████████████████████████████████████████████████████████████████████████████▊                                                                          | 381/512 [2:31:47<16:33,  7.58s/it]
[23:52:17] evaluating:  75%|████████████████████████████████████████████████████████████████████████████████████████████████████████████████████████████████████████████████████████████████████████████████████████████████████████████████████████▉                                                                         | 383/512 [2:32:34<31:08, 14.49s/it]
[23:52:48] evaluating:  75%|██████████████████████████████████████████████████████████████████████████████████████████████████████████████████████████████████████████████████████████████████████████████████████████████████████████████████████████                                                                        | 385/512 [2:33:06<34:44, 16.41s/it]
[23:53:06] evaluating:  75%|██████████████████████████████████████████████████████████████████████████████████████████████████████████████████████████████████████████████████████████████████████████████████████████████████████████████████████████▋                                                                       | 386/512 [2:33:23<34:55, 16.63s/it]
[23:53:08] adaptive rollouts 144/192:  62%|█████████████████████████████████████████████████████████████████████████████████████████████████████████████████████████████████████████████████████████████████████████████▊                                                                                                        | 90/144 [25:42<15:53, 17.65s/it]
[23:53:31] adaptive rollouts 144/192:  63%|███████████████████████████████████████████████████████████████████████████████████████████████████████████████████████████████████████████████████████████████████████████████▋                                                                                                      | 91/144 [26:04<16:54, 19.15s/it]
[23:53:48] evaluating:  76%|███████████████████████████████████████████████████████████████████████████████████████████████████████████████████████████████████████████████████████████████████████████████████████████████████████████████████████████▏                                                                      | 387/512 [2:34:06<50:53, 24.43s/it]
[23:53:54] evaluating:  76%|███████████████████████████████████████████████████████████████████████████████████████████████████████████████████████████████████████████████████████████████████████████████████████████████████████████████████████████▊                                                                      | 388/512 [2:34:11<38:47, 18.77s/it]
[23:54:12] evaluating:  76%|████████████████████████████████████████████████████████████████████████████████████████████████████████████████████████████████████████████████████████████████████████████████████████████████████████████████████████████▎                                                                     | 389/512 [2:34:30<38:18, 18.69s/it]
[23:54:27] adaptive rollouts 144/192:  66%|███████████████████████████████████████████████████████████████████████████████████████████████████████████████████████████████████████████████████████████████████████████████████████▍                                                                                              | 95/144 [27:01<13:58, 17.12s/it]
[23:54:53] evaluating:  77%|██████████████████████████████████████████████████████████████████████████████████████████████████████████████████████████████████████████████████████████████████████████████████████████████████████████████████████████████                                                                    | 392/512 [2:35:11<26:01, 13.02s/it]
[23:55:11] adaptive rollouts 144/192:  67%|███████████████████████████████████████████████████████████████████████████████████████████████████████████████████████████████████████████████████████████████████████████████████████████▎                                                                                          | 97/144 [27:45<15:33, 19.85s/it]
[23:55:37] evaluating:  77%|██████████████████████████████████████████████████████████████████████████████████████████████████████████████████████████████████████████████████████████████████████████████████████████████████████████████████████████████▌                                                                   | 393/512 [2:35:54<43:59, 22.18s/it]
[23:56:08] evaluating:  77%|███████████████████████████████████████████████████████████████████████████████████████████████████████████████████████████████████████████████████████████████████████████████████████████████████████████████████████████████▏                                                                  | 394/512 [2:36:25<49:01, 24.93s/it]
[23:56:22] adaptive rollouts 144/192:  69%|████████████████████████████████████████████████████████████████████████████████████████████████████████████████████████████████████████████████████████████████████████████████████████████████▎                                                                                    | 100/144 [28:56<17:17, 23.57s/it]
[23:56:25] adaptive rollouts 144/192:  70%|██████████████████████████████████████████████████████████████████████████████████████████████████████████████████████████████████████████████████████████████████████████████████████████████████▎                                                                                  | 101/144 [28:59<12:25, 17.34s/it]
[23:56:31] evaluating:  77%|████████████████████████████████████████████████████████████████████████████████████████████████████████████████████████████████████████████████████████████████████████████████████████████████████████████████████████████████▎                                                                 | 396/512 [2:36:48<32:58, 17.06s/it]
[23:56:34] adaptive rollouts 144/192:  72%|██████████████████████████████████████████████████████████████████████████████████████████████████████████████████████████████████████████████████████████████████████████████████████████████████████▏                                                                              | 103/144 [29:08<07:22, 10.80s/it]
[23:56:36] adaptive rollouts 144/192:  72%|████████████████████████████████████████████████████████████████████████████████████████████████████████████████████████████████████████████████████████████████████████████████████████████████████████                                                                             | 104/144 [29:10<05:33,  8.33s/it]
[23:56:37] evaluating:  78%|████████████████████████████████████████████████████████████████████████████████████████████████████████████████████████████████████████████████████████████████████████████████████████████████████████████████████████████████▊                                                                 | 397/512 [2:36:54<26:34, 13.86s/it]
[23:57:17] evaluating:  78%|█████████████████████████████████████████████████████████████████████████████████████████████████████████████████████████████████████████████████████████████████████████████████████████████████████████████████████████████████▉                                                                | 399/512 [2:37:35<30:17, 16.08s/it]
[23:57:28] adaptive rollouts 144/192:  74%|█████████████████████████████████████████████████████████████████████████████████████████████████████████████████████████████████████████████████████████████████████████████████████████████████████████████▊                                                                       | 107/144 [30:02<10:07, 16.41s/it]
[23:57:42] evaluating:  78%|██████████████████████████████████████████████████████████████████████████████████████████████████████████████████████████████████████████████████████████████████████████████████████████████████████████████████████████████████▌                                                               | 400/512 [2:37:59<34:41, 18.59s/it]
[23:58:12] adaptive rollouts 144/192:  76%|█████████████████████████████████████████████████████████████████████████████████████████████████████████████████████████████████████████████████████████████████████████████████████████████████████████████████▋                                                                   | 109/144 [30:46<11:43, 20.10s/it]
[23:58:14] evaluating:  78%|███████████████████████████████████████████████████████████████████████████████████████████████████████████████████████████████████████████████████████████████████████████████████████████████████████████████████████████████████▏                                                              | 401/512 [2:38:32<42:04, 22.74s/it]
[23:58:53] evaluating:  79%|████████████████████████████████████████████████████████████████████████████████████████████████████████████████████████████████████████████████████████████████████████████████████████████████████████████████████████████████████▊                                                             | 404/512 [2:39:10<30:22, 16.87s/it]
[23:59:08] evaluating:  79%|█████████████████████████████████████████████████████████████████████████████████████████████████████████████████████████████████████████████████████████████████████████████████████████████████████████████████████████████████████▍                                                            | 405/512 [2:39:25<29:07, 16.34s/it]
[23:59:31] evaluating:  79%|█████████████████████████████████████████████████████████████████████████████████████████████████████████████████████████████████████████████████████████████████████████████████████████████████████████████████████████████████████▉                                                            | 406/512 [2:39:48<32:19, 18.30s/it]
[23:59:50] evaluating:  80%|███████████████████████████████████████████████████████████████████████████████████████████████████████████████████████████████████████████████████████████████████████████████████████████████████████████████████████████████████████                                                           | 408/512 [2:40:08<23:15, 13.42s/it]
[00:00:10] evaluating:  80%|███████████████████████████████████████████████████████████████████████████████████████████████████████████████████████████████████████████████████████████████████████████████████████████████████████████████████████████████████████▋                                                          | 409/512 [2:40:27<26:13, 15.28s/it]
[00:00:17] adaptive rollouts 144/192:  81%|███████████████████████████████████████████████████████████████████████████████████████████████████████████████████████████████████████████████████████████████████████████████████████████████████████████████████████████████▏                                                     | 116/144 [32:51<08:38, 18.52s/it]
[00:00:22] evaluating:  80%|████████████████████████████████████████████████████████████████████████████████████████████████████████████████████████████████████████████████████████████████████████████████████████████████████████████████████████████████████████▏                                                         | 410/512 [2:40:39<24:22, 14.34s/it]
[00:01:12] evaluating:  80%|█████████████████████████████████████████████████████████████████████████████████████████████████████████████████████████████████████████████████████████████████████████████████████████████████████████████████████████████████████████▎                                                        | 412/512 [2:41:29<33:24, 20.05s/it]
[00:01:19] evaluating:  81%|█████████████████████████████████████████████████████████████████████████████████████████████████████████████████████████████████████████████████████████████████████████████████████████████████████████████████████████████████████████▉                                                        | 413/512 [2:41:37<26:48, 16.25s/it]
[00:01:36] evaluating:  81%|███████████████████████████████████████████████████████████████████████████████████████████████████████████████████████████████████████████████████████████████████████████████████████████████████████████████████████████████████████████                                                       | 415/512 [2:41:53<18:39, 11.54s/it]
[00:01:43] evaluating:  81%|███████████████████████████████████████████████████████████████████████████████████████████████████████████████████████████████████████████████████████████████████████████████████████████████████████████████████████████████████████████▋                                                      | 416/512 [2:42:00<16:18, 10.20s/it]
[00:02:12] evaluating:  81%|████████████████████████████████████████████████████████████████████████████████████████████████████████████████████████████████████████████████████████████████████████████████████████████████████████████████████████████████████████████▏                                                     | 417/512 [2:42:29<25:04, 15.84s/it]
[00:02:30] evaluating:  82%|████████████████████████████████████████████████████████████████████████████████████████████████████████████████████████████████████████████████████████████████████████████████████████████████████████████████████████████████████████████▊                                                     | 418/512 [2:42:47<25:40, 16.39s/it]
[00:02:37] adaptive rollouts 144/192:  86%|██████████████████████████████████████████████████████████████████████████████████████████████████████████████████████████████████████████████████████████████████████████████████████████████████████████████████████████████████████████████▌                                      | 124/144 [35:11<05:31, 16.55s/it]
[00:02:50] evaluating:  82%|█████████████████████████████████████████████████████████████████████████████████████████████████████████████████████████████████████████████████████████████████████████████████████████████████████████████████████████████████████████████▎                                                    | 419/512 [2:43:08<27:17, 17.61s/it]
[00:02:56] adaptive rollouts 144/192:  88%|██████████████████████████████████████████████████████████████████████████████████████████████████████████████████████████████████████████████████████████████████████████████████████████████████████████████████████████████████████████████████▍                                  | 126/144 [35:30<03:53, 12.96s/it]
[00:03:00] adaptive rollouts 144/192:  88%|████████████████████████████████████████████████████████████████████████████████████████████████████████████████████████████████████████████████████████████████████████████████████████████████████████████████████████████████████████████████████▎                                | 127/144 [35:34<02:56, 10.38s/it]
[00:03:03] adaptive rollouts 144/192:  89%|██████████████████████████████████████████████████████████████████████████████████████████████████████████████████████████████████████████████████████████████████████████████████████████████████████████████████████████████████████████████████████▏                              | 128/144 [35:37<02:10,  8.19s/it]
[00:03:14] evaluating:  82%|█████████████████████████████████████████████████████████████████████████████████████████████████████████████████████████████████████████████████████████████████████████████████████████████████████████████████████████████████████████████▉                                                    | 420/512 [2:43:31<29:36, 19.31s/it]
[00:03:25] evaluating:  82%|███████████████████████████████████████████████████████████████████████████████████████████████████████████████████████████████████████████████████████████████████████████████████████████████████████████████████████████████████████████████                                                   | 422/512 [2:43:42<17:57, 11.97s/it]
[00:03:35] evaluating:  83%|████████████████████████████████████████████████████████████████████████████████████████████████████████████████████████████████████████████████████████████████████████████████████████████████████████████████████████████████████████████████▋                                                 | 425/512 [2:43:52<09:36,  6.62s/it]
[00:03:49] adaptive rollouts 144/192:  92%|█████████████████████████████████████████████████████████████████████████████████████████████████████████████████████████████████████████████████████████████████████████████████████████████████████████████████████████████████████████████████████████████▉                       | 132/144 [36:23<02:30, 12.55s/it]
[00:05:41] evaluating:  84%|████████████████████████████████████████████████████████████████████████████████████████████████████████████████████████████████████████████████████████████████████████████████████████████████████████████████████████████████████████████████████                                              | 431/512 [2:45:58<15:38, 11.59s/it]
[00:05:58] evaluating:  84%|████████████████████████████████████████████████████████████████████████████████████████████████████████████████████████████████████████████████████████████████████████████████████████████████████████████████████████████████████████████████████▋                                             | 432/512 [2:46:15<17:44, 13.31s/it]
[00:06:19] evaluating:  85%|█████████████████████████████████████████████████████████████████████████████████████████████████████████████████████████████████████████████████████████████████████████████████████████████████████████████████████████████████████████████████████▎                                            | 433/512 [2:46:37<20:39, 15.69s/it]
[00:07:50] evaluating:  86%|█████████████████████████████████████████████████████████████████████████████████████████████████████████████████████████████████████████████████████████████████████▉                            | 438/512 [2:48:08<24:30, 19.88s/it]
[00:07:59] evaluating:  86%|██████████████████████████████████████████████████████████████████████████████████████████████████████████████████████████████████████████████████████████████████████▎                           | 439/512 [2:48:16<19:58, 16.41s/it]
[00:08:03] evaluating:  86%|██████████████████████████████████████████████████████████████████████████████████████████████████████████████████████████████████████████████████████████████████████▋                           | 440/512 [2:48:20<15:18, 12.76s/it]
[00:08:07] adaptive rollouts 144/192:  97%|██████████████████████████████████████████████████████████████████████████████████████████████████████████████████████████████████████████████████████████████████████████████▋      | 139/144 [40:41<02:09, 25.83s/it]
[00:08:08] evaluating:  86%|███████████████████████████████████████████████████████████████████████████████████████████████████████████████████████████████████████████████████████████████████████                           | 441/512 [2:48:25<12:25, 10.50s/it]
[00:08:30] evaluating:  86%|███████████████████████████████████████████████████████████████████████████████████████████████████████████████████████████████████████████████████████████████████████▍                          | 442/512 [2:48:47<16:11, 13.87s/it]
[00:10:45] evaluating:  88%|██████████████████████████████████████████████████████████████████████████████████████████████████████████████████████████████████████████████████████████████████████████▌                       | 450/512 [2:51:02<22:05, 21.38s/it]
[00:11:48] evaluating:  89%|████████████████████████████████████████████████████████████████████████████████████████████████████████████████████████████████████████████████████████████████████████████                      | 454/512 [2:52:05<15:16, 15.80s/it]
[00:12:00] adaptive rollouts 144/192: 100%|█████████████████████████████████████████████████████████████████████████████████████████████████████████████████████████████████████████████████████████████████████████████████████| 144/144 [44:34<00:00, 18.57s/it]
[00:12:00] [step 0] rollout pilot parent 6/fold 0: hurdle expected-best; parent reward=1.974981217, pilot best reward=2.624697440, projected phase-2 gain=0.119142195; allocating 24 phase-2 rollouts
[00:12:00] [step 0]   strategy 0: mean=1.686136150, variance=1.246330268, valid=7/10, improved=7/10, posterior-improve=0.666667, initial-EI=0.0054502487, phase2=0, total=10, [38;5;208mpilot best raw C₅ bound=0.384142952[0m
[00:12:00] [step 0]   strategy 1: mean=1.165119751, variance=1.392061594, valid=5/10, improved=5/10, posterior-improve=0.500000, initial-EI=0.00260137802, phase2=0, total=10, [38;5;208mpilot best raw C₅ bound=0.390795716[0m
[00:12:00] [step 0]   strategy 2: mean=1.744443163, variance=1.334693079, valid=7/10, improved=7/10, posterior-improve=0.666667, initial-EI=0.0114949174, phase2=0, total=10, [38;5;208mpilot best raw C₅ bound=0.381423706[0m
[00:12:00] [step 0]   strategy 3: mean=1.832321186, variance=1.438895441, valid=7/10, improved=7/10, posterior-improve=0.666667, initial-EI=0.0163273001, phase2=24, total=34, [38;5;208mpilot best raw C₅ bound=0.380996285[0m
[00:12:00] [step 0] rollout pilot parent 7/fold 0: hurdle expected-best; parent reward=1.962550990, pilot best reward=2.620022783, projected phase-2 gain=0.0478677447; allocating 24 phase-2 rollouts
[00:12:00] [step 0]   strategy 0: mean=1.000038217, variance=1.503352106, valid=4/10, improved=4/10, posterior-improve=0.416667, initial-EI=0.00141580372, phase2=0, total=10, [38;5;208mpilot best raw C₅ bound=0.387596785[0m
[00:12:00] [step 0]   strategy 1: mean=1.204426498, variance=1.473503774, valid=5/10, improved=5/10, posterior-improve=0.500000, initial-EI=0.0022502809, phase2=0, total=10, [38;5;208mpilot best raw C₅ bound=0.381676060[0m
[00:12:00] [step 0]   strategy 2: mean=0.721796247, variance=1.237038866, valid=3/10, improved=3/10, posterior-improve=0.333333, initial-EI=0.00227910931, phase2=0, total=10, [38;5;208mpilot best raw C₅ bound=0.385046148[0m
[00:12:00] [step 0]   strategy 3: mean=1.698345011, variance=1.295659467, valid=7/10, improved=6/10, posterior-improve=0.583333, initial-EI=0.00364038022, phase2=24, total=34, [38;5;208mpilot best raw C₅ bound=0.383367431[0m
[00:15:42] evaluating:  90%|█████████████████████████████████████████████████████████████████████████████████████████████████████████████████████████████████████████████████████████████████████████████▉                    | 459/512 [2:55:59<37:46, 42.76s/it]
[00:17:34] adaptive rollouts 192/192:   2%|███▊                                                                                                                                                                                 | 1/48 [05:34<4:21:45, 334.16s/it]
[00:17:35] adaptive rollouts 192/192:   4%|███████▌                                                                                                                                                                             | 2/48 [05:34<1:45:41, 137.86s/it]
[00:17:54] evaluating:  90%|████████████████████████████████████████████████████████████████████████████████████████████████████████████████████████████████████████████████████████████████████████████▌                   | 460/512 [2:58:11<1:00:15, 69.53s/it]
[00:18:30] evaluating:  90%|██████████████████████████████████████████████████████████████████████████████████████████████████████████████████████████████████████████████████████████████████████████████▋                   | 461/512 [2:58:47<50:33, 59.48s/it]
[00:18:58] evaluating:  90%|███████████████████████████████████████████████████████████████████████████████████████████████████████████████████████████████████████████████████████████████████████████████                   | 462/512 [2:59:16<41:47, 50.16s/it]
[00:19:38] adaptive rollouts 192/192:  12%|███████████████████████                                                                                                                                                                 | 6/48 [07:37<33:30, 47.88s/it]
[00:19:40] evaluating:  90%|███████████████████████████████████████████████████████████████████████████████████████████████████████████████████████████████████████████████████████████████████████████████▍                  | 463/512 [2:59:57<38:49, 47.54s/it]
[00:19:47] adaptive rollouts 192/192:  17%|██████████████████████████████▋                                                                                                                                                         | 8/48 [07:46<16:28, 24.72s/it]
[00:19:56] evaluating:  91%|████████████████████████████████████████████████████████████████████████████████████████████████████████████████████████████████████████████████████████████████████████████████▏                 | 465/512 [3:00:14<21:24, 27.32s/it]
[00:20:20] evaluating:  91%|████████████████████████████████████████████████████████████████████████████████████████████████████████████████████████████████████████████████████████████████████████████████▌                 | 466/512 [3:00:37<20:03, 26.17s/it]
[00:20:32] adaptive rollouts 192/192:  23%|█████████████████████████████████████████▉                                                                                                                                             | 11/48 [08:31<11:50, 19.21s/it]
[00:20:36] adaptive rollouts 192/192:  25%|█████████████████████████████████████████████▊                                                                                                                                         | 12/48 [08:35<08:49, 14.71s/it]
[00:20:53] evaluating:  91%|████████████████████████████████████████████████████████████████████████████████████████████████████████████████████████████████████████████████████████████████████████████████▉                 | 467/512 [3:01:10<21:11, 28.26s/it]
[00:21:01] adaptive rollouts 192/192:  29%|█████████████████████████████████████████████████████▍                                                                                                                                 | 14/48 [09:00<07:50, 13.85s/it]
[00:21:36] evaluating:  92%|██████████████████████████████████████████████████████████████████████████████████████████████████████████████████████████████████████████████████████████████████████████████████                | 470/512 [3:01:53<12:34, 17.96s/it]
[00:21:49] adaptive rollouts 192/192:  33%|█████████████████████████████████████████████████████████████                                                                                                                          | 16/48 [09:49<10:50, 20.33s/it]
[00:21:53] adaptive rollouts 192/192:  35%|████████████████████████████████████████████████████████████████▊                                                                                                                      | 17/48 [09:53<07:58, 15.42s/it]
[00:21:59] adaptive rollouts 192/192:  38%|████████████████████████████████████████████████████████████████████▋                                                                                                                  | 18/48 [09:58<06:14, 12.48s/it]
[00:22:06] adaptive rollouts 192/192:  40%|████████████████████████████████████████████████████████████████████████▍                                                                                                              | 19/48 [10:05<05:09, 10.67s/it]
[00:22:14] adaptive rollouts 192/192:  42%|████████████████████████████████████████████████████████████████████████████▎                                                                                                          | 20/48 [10:13<04:38,  9.96s/it]
[00:22:20] adaptive rollouts 192/192:  44%|████████████████████████████████████████████████████████████████████████████████                                                                                                       | 21/48 [10:19<03:57,  8.79s/it]
[00:22:22] evaluating:  92%|██████████████████████████████████████████████████████████████████████████████████████████████████████████████████████████████████████████████████████████████████████████████████▍               | 471/512 [3:02:39<17:59, 26.34s/it]
[00:22:45] evaluating:  92%|██████████████████████████████████████████████████████████████████████████████████████████████████████████████████████████████████████████████████████████████████████████████████▊               | 472/512 [3:03:02<16:58, 25.47s/it]
[00:22:45] adaptive rollouts 192/192:  50%|███████████████████████████████████████████████████████████████████████████████████████████▌                                                                                           | 24/48 [10:44<04:02, 10.09s/it]
[00:22:59] adaptive rollouts 192/192:  52%|███████████████████████████████████████████████████████████████████████████████████████████████▎                                                                                       | 25/48 [10:58<04:16, 11.15s/it]
[00:23:03] adaptive rollouts 192/192:  54%|███████████████████████████████████████████████████████████████████████████████████████████████████▏                                                                                   | 26/48 [11:02<03:18,  9.02s/it]
[00:23:23] adaptive rollouts 192/192:  56%|██████████████████████████████████████████████████████████████████████████████████████████████████████▉                                                                                | 27/48 [11:23<04:22, 12.50s/it]
[00:23:45] evaluating:  93%|███████████████████████████████████████████████████████████████████████████████████████████████████████████████████████████████████████████████████████████████████████████████████▉              | 475/512 [3:04:02<11:48, 19.14s/it]
[00:23:57] evaluating:  93%|████████████████████████████████████████████████████████████████████████████████████████████████████████████████████████████████████████████████████████████████████████████████████▎             | 476/512 [3:04:15<10:16, 17.12s/it]
[00:24:46] adaptive rollouts 192/192:  62%|██████████████████████████████████████████████████████████████████████████████████████████████████████████████████▍                                                                    | 30/48 [12:45<08:02, 26.80s/it]
[00:24:52] adaptive rollouts 192/192:  65%|██████████████████████████████████████████████████████████████████████████████████████████████████████████████████████▏                                                                | 31/48 [12:51<05:49, 20.54s/it]
[00:25:18] evaluating:  93%|████████████████████████████████████████████████████████████████████████████████████████████████████████████████████████████████████████████████████████████████████████████████████▋             | 477/512 [3:05:36<21:09, 36.26s/it]
[00:25:19] adaptive rollouts 192/192:  69%|█████████████████████████████████████████████████████████████████████████████████████████████████████████████████████████████▊                                                         | 33/48 [13:18<03:57, 15.84s/it]
[00:25:25] evaluating:  93%|█████████████████████████████████████████████████████████████████████████████████████████████████████████████████████████████████████████████████████████████████████████████████████             | 478/512 [3:05:42<15:30, 27.37s/it]
[00:25:40] adaptive rollouts 192/192:  73%|█████████████████████████████████████████████████████████████████████████████████████████████████████████████████████████████████████▍                                                 | 35/48 [13:39<02:54, 13.44s/it]
[00:25:59] evaluating:  94%|█████████████████████████████████████████████████████████████████████████████████████████████████████████████████████████████████████████████████████████████████████████████████████▉            | 480/512 [3:06:16<11:04, 20.77s/it]
[00:26:25] evaluating:  94%|██████████████████████████████████████████████████████████████████████████████████████████████████████████████████████████████████████████████████████████████████████████████████████▋           | 482/512 [3:06:42<08:02, 16.08s/it]
[00:27:06] evaluating:  94%|███████████████████████████████████████████████████████████████████████████████████████████████████████████████████████████████████████████████████████████████████████████████████████           | 483/512 [3:07:24<11:31, 23.84s/it]
[00:27:24] adaptive rollouts 192/192:  81%|████████████████████████████████████████████████████████████████████████████████████████████████████████████████████████████████████████████████████▋                                  | 39/48 [15:23<03:35, 23.98s/it]
[00:27:59] evaluating:  95%|███████████████████████████████████████████████████████████████████████████████████████████████████████████████████████████████████████████████████████████████████████████████████████▍          | 484/512 [3:08:17<15:10, 32.51s/it]
[00:28:26] adaptive rollouts 192/192:  85%|████████████████████████████████████████████████████████████████████████████████████████████████████████████████████████████████████████████████████████████▎                          | 41/48 [16:25<03:14, 27.73s/it]
[00:28:36] evaluating:  95%|███████████████████████████████████████████████████████████████████████████████████████████████████████████████████████████████████████████████████████████████████████████████████████▊          | 485/512 [3:08:53<15:13, 33.82s/it]
[00:28:40] adaptive rollouts 192/192:  90%|███████████████████████████████████████████████████████████████████████████████████████████████████████████████████████████████████████████████████████████████████▉                   | 43/48 [16:39<01:24, 16.86s/it]
[00:30:41] evaluating:  95%|████████████████████████████████████████████████████████████████████████████████████████████████████████████████████████████████████████████████████████████████████████████████████████▏         | 486/512 [3:10:59<26:32, 61.23s/it]
[00:31:56] evaluating:  95%|████████████████████████████████████████████████████████████████████████████████████████████████████████████████████████████████████████████████████████████████████████████████████████▌         | 487/512 [3:12:13<27:08, 65.14s/it]
[00:32:28] adaptive rollouts 192/192:  96%|███████████████████████████████████████████████████████████████████████████████████████████████████████████████████████████████████████████████████████████████████████████████▍       | 46/48 [20:27<01:59, 59.81s/it]
[00:34:10] evaluating:  96%|█████████████████████████████████████████████████████████████████████████████████████████████████████████████████████████████████████████████████████████████████████████████████████████▋        | 490/512 [3:14:27<19:01, 51.86s/it]
[00:34:57] adaptive rollouts 192/192: 100%|███████████████████████████████████████████████████████████████████████████████████████████████████████████████████████████████████████████████████████████████████████████████████████| 48/48 [22:57<00:00, 28.69s/it]
[00:34:57] [step 0] coder format recovery skipped: 467/512 complete blocks (at least 50%); 45 incomplete original(s) retain failure reward
[00:34:57] evaluating:  96%|██████████████████████████████████████████████████████████████████████████████████████████████████████████████████████████████████████████████████████████████████████████████████████████        | 491/512 [3:15:15<17:43, 50.66s/it]
[00:37:35] evaluating:  97%|███████████████████████████████████████████████████████████████████████████████████████████████████████████████████████████████████████████████████████████████████████████████████████████▉      | 496/512 [3:17:53<09:56, 37.28s/it]
[00:38:17] vllm reference logprobs:  12%|███████████████████████                                                                                                                                                                 | 64/512 [03:19<23:15,  3.12s/it]
[00:38:17] vllm reference logprobs:  25%|█████████████████████████████████████████████▊                                                                                                                                         | 128/512 [03:19<08:13,  1.29s/it]
[00:38:17] vllm reference logprobs:  38%|████████████████████████████████████████████████████████████████████▋                                                                                                                  | 192/512 [03:19<03:43,  1.43it/s]
[00:38:18] vllm reference logprobs:  50%|███████████████████████████████████████████████████████████████████████████████████████████▌                                                                                           | 256/512 [03:20<01:49,  2.34it/s]
[00:38:19] vllm reference logprobs:  62%|██████████████████████████████████████████████████████████████████████████████████████████████████████████████████▍                                                                    | 320/512 [03:21<00:53,  3.57it/s]
[00:38:19] vllm reference logprobs:  75%|█████████████████████████████████████████████████████████████████████████████████████████████████████████████████████████████████████████▌                                             | 385/512 [03:21<00:23,  5.40it/s]
[00:38:20] vllm reference logprobs:  88%|████████████████████████████████████████████████████████████████████████████████████████████████████████████████████████████████████████████████████████████████▍                      | 449/512 [03:22<00:08,  7.86it/s]
[00:38:21] vllm reference logprobs: 100%|███████████████████████████████████████████████████████████████████████████████████████████████████████████████████████████████████████████████████████████████████████████████████████| 512/512 [03:23<00:00,  2.51it/s]
[00:38:21] [step 0] vLLM logprobs: rollout 512/512, reference 512/512 in 204.0s (HF exact reference fallbacks: 0; CPU evaluations completed during scoring: 490->496)
[00:39:14] [gpu] keeping trainer replicas offloaded until the adapter update
[00:39:14] [train-process] restoring 8 process trainers while CPU evaluation continues
[00:39:37] [step 0] entropic evaluation/training overlap started; 15/512 CPU evaluations still pending
[00:39:37] [step 0] entropic overlap: group 0 reward-complete; queued 64 examples to all GPUs; 12/512 CPU evaluations still pending
[00:39:37] [train-memory] cuda:4: starting long-sequence mode (gradient checkpointing, reserved GPU headroom)
[00:39:37] [train-memory] cuda:6: starting long-sequence mode (gradient checkpointing, reserved GPU headroom)
[00:39:37] [train-memory] cuda:7: starting long-sequence mode (gradient checkpointing, reserved GPU headroom)
[00:39:37] [train-memory] cuda:5: starting long-sequence mode (gradient checkpointing, reserved GPU headroom)
[00:39:37] [train-memory] cuda:1: starting long-sequence mode (gradient checkpointing, reserved GPU headroom)
[00:39:37] [train-memory] cuda:3: starting long-sequence mode (gradient checkpointing, reserved GPU headroom)
[00:39:38] [train-memory] cuda:0: starting long-sequence mode (gradient checkpointing, reserved GPU headroom)
[00:39:38] [train-memory] cuda:2: starting long-sequence mode (gradient checkpointing, reserved GPU headroom)
[00:39:38] [step 0] entropic overlap: group 1 reward-complete; queued 64 examples to all GPUs; 12/512 CPU evaluations still pending
[00:39:38] [step 0] entropic overlap: group 2 reward-complete; queued 64 examples to all GPUs; 12/512 CPU evaluations still pending
[00:39:38] [step 0] entropic overlap: group 3 reward-complete; queued 64 examples to all GPUs; 12/512 CPU evaluations still pending
[00:39:38] [step 0] entropic overlap: group 4 reward-complete; queued 64 examples to all GPUs; 12/512 CPU evaluations still pending
[00:39:39] [step 0] entropic overlap: group 5 reward-complete; queued 64 examples to all GPUs; 12/512 CPU evaluations still pending
[00:44:17] [step 0] entropic overlap: group 6 reward-complete; queued 64 examples to all GPUs; 2/512 CPU evaluations still pending
[00:45:39] [step 0] entropic overlap: group 7 reward-complete; queued 64 examples to all GPUs; 0/512 CPU evaluations still pending
[00:45:39] [step 0] entropic overlap queued 512 examples (old logprobs 512/512, reference 512/512); backward continues while rollout artifacts are processed; optimizer step deferred
[00:45:39] evaluating: 100%|████████████████████████████████████████████████████████████████████████████████████████████████████████████████████████████████████████████████████████| 512/512 [3:25:57<00:00, 24.13s/it]
[00:45:39] [step 0] rollout phase 2 complete parent 0/fold 0: hurdle expected-best; evaluated 24 phase-2 rollouts
[00:45:39] [step 0]   strategy 0: mean=2.010193490, variance=1.041249061, valid=8/10, improved=7/10, posterior-improve=0.666667, initial-EI=0.0169333372, phase2=24, total=34, [38;5;208mpilot best raw C₅ bound=0.381193483[0m [93m--> best raw after new rollouts C₅ bound=0.381076071[0m
[00:45:39] [step 0]   strategy 1: mean=1.936068946, variance=0.970925954, valid=8/10, improved=8/10, posterior-improve=0.750000, initial-EI=0.0100740292, phase2=0, total=10, [38;5;208mpilot best raw C₅ bound=0.381294351[0m
[00:45:39] [step 0]   strategy 2: mean=1.694631843, variance=1.249817852, valid=7/10, improved=7/10, posterior-improve=0.666667, initial-EI=0.00731354329, phase2=0, total=10, [38;5;208mpilot best raw C₅ bound=0.381502207[0m
[00:45:39] [step 0]   strategy 3: mean=1.963717324, variance=0.995296810, valid=8/10, improved=8/10, posterior-improve=0.750000, initial-EI=0.0127444876, phase2=0, total=10, [38;5;208mpilot best raw C₅ bound=0.381519753[0m
[00:45:39] [step 0] rollout phase 2 complete parent 1/fold 0: hurdle expected-best; evaluated 24 phase-2 rollouts
[00:45:39] [step 0]   strategy 0: mean=1.755445457, variance=1.347164101, valid=7/10, improved=7/10, posterior-improve=0.666667, initial-EI=0.00660009003, phase2=2, total=12, [38;5;208mpilot best raw C₅ bound=0.381281966[0m [93m--> best raw after new rollouts C₅ bound=0.381281966[0m
[00:45:39] [step 0]   strategy 1: mean=1.819121332, variance=1.419444872, valid=7/10, improved=7/10, posterior-improve=0.666667, initial-EI=0.00725013605, phase2=22, total=32, [38;5;208mpilot best raw C₅ bound=0.381342914[0m [93m--> best raw after new rollouts C₅ bound=0.380935247[0m
[00:45:39] [step 0]   strategy 2: mean=2.018780913, variance=1.026018998, valid=8/10, improved=8/10, posterior-improve=0.750000, initial-EI=0.00510466891, phase2=0, total=10, [38;5;208mpilot best raw C₅ bound=0.381080198[0m
[00:45:39] [step 0]   strategy 3: mean=1.807533686, variance=1.402808997, valid=7/10, improved=7/10, posterior-improve=0.666667, initial-EI=0.00598207175, phase2=0, total=10, [38;5;208mpilot best raw C₅ bound=0.381338957[0m
[00:45:39] [step 0] rollout phase 2 complete parent 2/fold 0: hurdle expected-best; evaluated 24 phase-2 rollouts
[00:45:39] [step 0]   strategy 0: mean=1.818125975, variance=1.417667594, valid=7/10, improved=7/10, posterior-improve=0.666667, initial-EI=0.0046601222, phase2=10, total=20, [38;5;208mpilot best raw C₅ bound=0.381374962[0m [93m--> best raw after new rollouts C₅ bound=0.381166464[0m
[00:45:39] [step 0]   strategy 1: mean=0.969581500, variance=1.424097917, valid=4/10, improved=4/10, posterior-improve=0.416667, initial-EI=0.00160301261, phase2=0, total=10, [38;5;208mpilot best raw C₅ bound=0.381458177[0m
[00:45:39] [step 0]   strategy 2: mean=2.214487832, variance=0.593889119, valid=9/10, improved=8/10, posterior-improve=0.750000, initial-EI=0.00406758239, phase2=0, total=10, [38;5;208mpilot best raw C₅ bound=0.381052450[0m
[00:45:39] [step 0]   strategy 3: mean=2.203286664, variance=0.591844637, valid=9/10, improved=8/10, posterior-improve=0.750000, initial-EI=0.00478583916, phase2=14, total=24, [38;5;208mpilot best raw C₅ bound=0.381100771[0m [93m--> best raw after new rollouts C₅ bound=0.381100771[0m
[00:45:39] [step 0] rollout phase 2 complete parent 3/fold 0: hurdle expected-best; evaluated 24 phase-2 rollouts
[00:45:39] [step 0]   strategy 0: mean=1.490345805, variance=1.491360167, valid=6/10, improved=6/10, posterior-improve=0.583333, initial-EI=0.00687425457, phase2=0, total=10, [38;5;208mpilot best raw C₅ bound=0.380981903[0m
[00:45:39] [step 0]   strategy 1: mean=1.685097230, variance=1.270625079, valid=7/10, improved=6/10, posterior-improve=0.583333, initial-EI=0.00825930575, phase2=0, total=10, [38;5;208mpilot best raw C₅ bound=0.381091795[0m
[00:45:39] [step 0]   strategy 2: mean=1.502817810, variance=1.518781202, valid=6/10, improved=6/10, posterior-improve=0.583333, initial-EI=0.0076458036, phase2=0, total=10, [38;5;208mpilot best raw C₅ bound=0.381359931[0m
[00:45:39] [step 0]   strategy 3: mean=2.087679695, variance=1.090624879, valid=8/10, improved=8/10, posterior-improve=0.750000, initial-EI=0.0160849495, phase2=24, total=34, [38;5;208mpilot best raw C₅ bound=0.380972950[0m [93m--> best raw after new rollouts C₅ bound=0.380929577[0m
[00:45:39] [step 0] rollout phase 2 complete parent 4/fold 0: hurdle expected-best; evaluated 24 phase-2 rollouts
[00:45:39] [step 0]   strategy 0: mean=1.746566287, variance=1.321098174, valid=7/10, improved=7/10, posterior-improve=0.666667, initial-EI=0.00663980684, phase2=0, total=10, [38;5;208mpilot best raw C₅ bound=0.381479829[0m
[00:45:39] [step 0]   strategy 1: mean=1.567575844, variance=1.638329188, valid=6/10, improved=6/10, posterior-improve=0.583333, initial-EI=0.00909921525, phase2=24, total=34, [38;5;208mpilot best raw C₅ bound=0.381214109[0m [93m--> best raw after new rollouts C₅ bound=0.381042210[0m
[00:45:39] [step 0]   strategy 2: mean=1.751275580, variance=1.323666352, valid=7/10, improved=7/10, posterior-improve=0.666667, initial-EI=0.00413091012, phase2=0, total=10, [38;5;208mpilot best raw C₅ bound=0.381968845[0m
[00:45:39] [step 0]   strategy 3: mean=1.377152873, variance=1.468102885, valid=6/10, improved=5/10, posterior-improve=0.500000, initial-EI=0.00392879254, phase2=0, total=10, [38;5;208mpilot best raw C₅ bound=0.382521661[0m
[00:45:39] [step 0] rollout phase 2 complete parent 5/fold 0: hurdle expected-best; evaluated 24 phase-2 rollouts
[00:45:39] [step 0]   strategy 0: mean=1.547839049, variance=1.601954784, valid=6/10, improved=6/10, posterior-improve=0.583333, initial-EI=0.00655634874, phase2=0, total=10, [38;5;208mpilot best raw C₅ bound=0.381018567[0m
[00:45:39] [step 0]   strategy 1: mean=2.370894154, variance=0.051667173, valid=10/10, improved=9/10, posterior-improve=0.833333, initial-EI=0.00387295009, phase2=0, total=10, [38;5;208mpilot best raw C₅ bound=0.381013396[0m
[00:45:39] [step 0]   strategy 2: mean=2.181986896, variance=0.745416946, valid=9/10, improved=8/10, posterior-improve=0.750000, initial-EI=0.00764454005, phase2=24, total=34, [38;5;208mpilot best raw C₅ bound=0.381022154[0m [93m--> best raw after new rollouts C₅ bound=0.381022154[0m
[00:45:39] [step 0]   strategy 3: mean=1.532325297, variance=1.567502947, valid=6/10, improved=6/10, posterior-improve=0.583333, initial-EI=0.00368075759, phase2=0, total=10, [38;5;208mpilot best raw C₅ bound=0.381092671[0m
[00:45:39] [step 0] rollout phase 2 complete parent 6/fold 0: hurdle expected-best; evaluated 24 phase-2 rollouts
[00:45:39] [step 0]   strategy 0: mean=1.686136150, variance=1.246330268, valid=7/10, improved=7/10, posterior-improve=0.666667, initial-EI=0.0054502487, phase2=0, total=10, [38;5;208mpilot best raw C₅ bound=0.384142952[0m
[00:45:39] [step 0]   strategy 1: mean=1.165119751, variance=1.392061594, valid=5/10, improved=5/10, posterior-improve=0.500000, initial-EI=0.00260137802, phase2=0, total=10, [38;5;208mpilot best raw C₅ bound=0.390795716[0m
[00:45:39] [step 0]   strategy 2: mean=1.744443163, variance=1.334693079, valid=7/10, improved=7/10, posterior-improve=0.666667, initial-EI=0.0114949174, phase2=0, total=10, [38;5;208mpilot best raw C₅ bound=0.381423706[0m
[00:45:39] [step 0]   strategy 3: mean=1.832321186, variance=1.438895441, valid=7/10, improved=7/10, posterior-improve=0.666667, initial-EI=0.0163273001, phase2=24, total=34, [38;5;208mpilot best raw C₅ bound=0.380996285[0m [93m--> best raw after new rollouts C₅ bound=0.380996285[0m
[00:45:39] [step 0] rollout phase 2 complete parent 7/fold 0: hurdle expected-best; evaluated 24 phase-2 rollouts
[00:45:39] [step 0]   strategy 0: mean=1.000038217, variance=1.503352106, valid=4/10, improved=4/10, posterior-improve=0.416667, initial-EI=0.00141580372, phase2=0, total=10, [38;5;208mpilot best raw C₅ bound=0.387596785[0m
[00:45:39] [step 0]   strategy 1: mean=1.204426498, variance=1.473503774, valid=5/10, improved=5/10, posterior-improve=0.500000, initial-EI=0.0022502809, phase2=0, total=10, [38;5;208mpilot best raw C₅ bound=0.381676060[0m
[00:45:39] [step 0]   strategy 2: mean=0.721796247, variance=1.237038866, valid=3/10, improved=3/10, posterior-improve=0.333333, initial-EI=0.00227910931, phase2=0, total=10, [38;5;208mpilot best raw C₅ bound=0.385046148[0m
[00:45:39] [step 0]   strategy 3: mean=1.698345011, variance=1.295659467, valid=7/10, improved=6/10, posterior-improve=0.583333, initial-EI=0.00364038022, phase2=24, total=34, [38;5;208mpilot best raw C₅ bound=0.383367431[0m [93m--> best raw after new rollouts C₅ bound=0.381333531[0m
[00:45:39]   group 0: rewards min=0.000000000 mean=1.982675416 max=2.624147906  valid=51/64  beta=23.745565425
[00:45:39]   group 1: rewards min=0.000000000 mean=1.840255971 max=2.625118002  valid=47/64  beta=28.962172043
[00:45:39]   group 2: rewards min=0.000000000 mean=1.834534511 max=2.624310577  valid=47/64  beta=21.164557957
[00:45:40]   group 3: rewards min=0.000000000 mean=1.824107094 max=2.625157073  valid=46/64  beta=60.984606405
[00:45:40]   group 4: rewards min=0.000000000 mean=1.596681738 max=2.624381099  valid=41/64  beta=10.009654862
[00:45:40]   group 5: rewards min=0.000000000 mean=1.830332677 max=2.624579567  valid=47/64  beta=16.918721537
[00:45:40]   group 6: rewards min=0.000000000 mean=1.806868386 max=2.624697440  valid=46/64  beta=30.876773185
[00:45:40]   group 7: rewards min=0.000000000 mean=1.277378117 max=2.622376197  valid=34/64  beta=2.356447979
[00:45:40] [step 0] saved 512 rollout .txt/.meta.json pairs before adapter update
[00:45:40] [step 0] rollout+eval+overlapped-backward wall time: 12358.1s  training examples: 512  new children: 359
[00:45:40] [step 0] strategy archive: valid=359, unique-new=359, top-2/strategy=64, survived parent-top-8/global-cap=64
[00:45:40] [92m[step 0] best-ever raw C₅ bound: 0.380929577 (lower is better; reward=2.625157073, found step=0)  ★ NEW RUN BEST[0m
[00:45:40] [step 0] starting adapter training; rollout artifacts are already on disk
[00:52:03] [train-oom] cuda:2: retrying the same workload with gradient checkpointing
[01:00:10] [train-process] trained examples/GPU=[66, 60, 66, 64, 65, 62, 65, 64]; backward batches/GPU=[66, 60, 66, 64, 65, 62, 65, 64]; final padded-token budgets/GPU=[262144, 262144, 262144, 262144, 262144, 262144, 262144, 262144]; peak memory/GPU=[93.4, 96.1, 95.9, 95.3, 96.0, 95.9, 96.0, 95.5]%; allocator caps/GPU=[92.9, 92.9, 92.9, 92.9, 92.9, 92.9, 92.9, 92.9]%
[01:00:10] [step 0] train time: 1232.4s  avg loss: 0.003238727  avg logpi_theta - logpi_base: -0.000086950  IS ratio mean=0.999996078 max=6.153  OOM-quarantined=0 (forward/backward overlapped CPU evaluation)
[01:00:10] [step 0] best so far: value=2.625157073 raw=0.380929577  (step total 13229.3s, archive=72)
[01:00:10] [step 0] TOTAL TRAINING TIME: 1232.4s  (run cumulative 1232.4s)
[01:00:19] findfont: Failed to find font weight semibold, now using 700.
[01:00:19] [step 0] coder entropy: 0.214842 nats; measured 512/512 rollouts (8073433/8073433 response tokens); updated entropy.jsonl, entropy.pdf, strategy_diversity.svg
[01:00:19] [checkpoint] completed step 0; resume at step 1

[01:00:19] [step 1] parents picked: 8
[01:00:19]   parent 0 [expanded]  value=2.625157073  n=0  Q=2.625157073  P=0.027397260  bonus=0.077664300  score=2.702821373
[01:00:19]   parent 1 [expanded]  value=2.625118002  n=0  Q=2.625118002  P=0.027016743  bonus=0.076585629  score=2.701703631
[01:00:19]   parent 2 [expanded]  value=2.624858205  n=0  Q=2.624858205  P=0.026636225  bonus=0.075506959  score=2.700365164
[01:00:19]   parent 3 [expanded]  value=2.624796522  n=0  Q=2.624796522  P=0.026255708  bonus=0.074428288  score=2.699224810
[01:00:19]   parent 4 [expanded]  value=2.624697440  n=0  Q=2.624697440  P=0.025875190  bonus=0.073349617  score=2.698047056
[01:00:19]   parent 5 [expanded]  value=2.624579567  n=0  Q=2.624579567  P=0.025494673  bonus=0.072270946  score=2.696850513
[01:00:19]   parent 6 [expanded]  value=2.624543950  n=0  Q=2.624543950  P=0.025114155  bonus=0.071192275  score=2.695736225
[01:00:19]   parent 7 [expanded]  value=2.624519240  n=0  Q=2.624519240  P=0.024733638  bonus=0.070113604  score=2.694632845
[01:00:20] evaluating:   0%|                                                                                                                                                                                                                              | 0/512 [00:00<?, ?it/s]
[01:02:03] [warn] strategy 1, chain 7: missing complete final strategy; format retry 1/3 with unchanged reasoning/sampling
[01:02:35] strategies pipelined:   0%|                                                                                                                                                                                                                     | 0/32 [00:00<?, ?it/s]
[01:02:35] strategies pipelined:   3%|██████▍                                                                                                                                                                                                      | 1/32 [01:17<40:17, 77.98s/it]
[01:03:06] strategies pipelined:   6%|████████████▊                                                                                                                                                                                                | 2/32 [01:49<25:15, 50.52s/it]
[01:03:13] strategies pipelined:   9%|███████████████████▏                                                                                                                                                                                         | 3/32 [01:56<14:45, 30.53s/it]
[01:03:29] [warn] strategy 1, chain 1: missing complete final strategy; format retry 1/3 with unchanged reasoning/sampling
[01:03:45] strategies pipelined:  12%|█████████████████████████▋                                                                                                                                                                                   | 4/32 [01:57<08:54, 19.08s/it]
[01:03:45] strategies pipelined:  16%|████████████████████████████████                                                                                                                                                                             | 5/32 [02:28<10:33, 23.45s/it]
[01:04:23] strategies pipelined:  19%|██████████████████████████████████████▍                                                                                                                                                                      | 6/32 [03:06<12:18, 28.42s/it]
[01:04:43] [warn] strategy 2, chain 3: missing complete final strategy; format retry 1/3 with unchanged reasoning/sampling
[01:04:53] strategies pipelined:  22%|████████████████████████████████████████████▊                                                                                                                                                                | 7/32 [03:12<08:44, 20.98s/it]
[01:04:53] strategies pipelined:  25%|███████████████████████████████████████████████████▎                                                                                                                                                         | 8/32 [03:36<08:44, 21.84s/it]
[01:05:27] strategies pipelined:  28%|█████████████████████████████████████████████████████████▋                                                                                                                                                   | 9/32 [04:09<09:47, 25.55s/it]
[01:05:51] [warn] strategy 1, chain 1: missing complete final strategy; format retry 2/3 with unchanged reasoning/sampling
[01:06:03] strategies pipelined:  31%|███████████████████████████████████████████████████████████████▊                                                                                                                                            | 10/32 [04:10<06:32, 17.83s/it]
[01:06:03] strategies pipelined:  34%|██████████████████████████████████████████████████████████████████████▏                                                                                                                                     | 11/32 [04:46<08:12, 23.43s/it]
[01:06:21] strategies pipelined:  38%|████████████████████████████████████████████████████████████████████████████▌                                                                                                                               | 12/32 [05:04<07:13, 21.68s/it]
[01:06:50] strategies pipelined:  41%|██████████████████████████████████████████████████████████████████████████████████▉                                                                                                                         | 13/32 [05:32<07:32, 23.80s/it]
[01:07:03] strategies pipelined:  44%|█████████████████████████████████████████████████████████████████████████████████████████▎                                                                                                                  | 14/32 [05:46<06:12, 20.70s/it]
[01:07:17] [warn] strategy 2, chain 8: missing complete final strategy; format retry 1/3 with unchanged reasoning/sampling
[01:07:24] [warn] strategy 1, chain 1: missing complete final strategy; format retry 3/3 with unchanged reasoning/sampling
[01:07:57] strategies pipelined:  47%|███████████████████████████████████████████████████████████████████████████████████████████████▋                                                                                                            | 15/32 [05:57<05:02, 17.80s/it]
[01:07:57] strategies pipelined:  50%|█████████████████████████████████████████████████████████████████████████████████████████████████████████████████████████████████                                                                                                                                 | 16/32 [06:40<06:44, 25.26s/it]
[01:08:21] strategies pipelined:  53%|██████████████████████████████████████████████████████████████████████████████████████████████████████████████████▏                                                                                                    | 17/32 [07:04<06:15, 25.01s/it]
[01:08:27] strategies pipelined:  56%|████████████████████████████████████████████████████████████████████████████████████████████████████████████████████████▉                                                                                              | 18/32 [07:10<04:30, 19.30s/it]
[01:09:01] strategies pipelined:  59%|███████████████████████████████████████████████████████████████████████████████████████████████████████████████████████████████▋                                                                                       | 19/32 [07:44<05:07, 23.66s/it]
[01:09:23] strategies pipelined:  62%|██████████████████████████████████████████████████████████████████████████████████████████████████████████████████████████████████████▍                                                                                | 20/32 [08:05<04:36, 23.05s/it]
[01:09:24] strategies pipelined:  66%|█████████████████████████████████████████████████████████████████████████████████████████████████████████████████████████████████████████████                                                                          | 21/32 [08:07<03:01, 16.46s/it]
[01:09:26] strategies pipelined:  69%|███████████████████████████████████████████████████████████████████████████████████████████████████████████████████████████████████████████████████▊                                                                   | 22/32 [08:09<02:03, 12.30s/it]
[01:10:07] strategies pipelined:  72%|██████████████████████████████████████████████████████████████████████████████████████████████████████████████████████████████████████████████████████████▌                                                            | 23/32 [08:50<03:08, 20.94s/it]
[01:10:09] strategies pipelined:  75%|█████████████████████████████████████████████████████████████████████████████████████████████████████████████████████████████████████████████████████████████████▎                                                     | 24/32 [08:52<02:01, 15.25s/it]
[01:10:18] strategies pipelined:  78%|███████████████████████████████████████████████████████████████████████████████████████████████████████████████████████████████████████████████████████████████████████▉                                               | 25/32 [09:00<01:31, 13.13s/it]
[01:11:05] strategies pipelined:  81%|██████████████████████████████████████████████████████████████████████████████████████████████████████████████████████████████████████████████████████████████████████████████▋                                        | 26/32 [09:48<02:20, 23.46s/it]
[01:11:46] strategies pipelined:  84%|█████████████████████████████████████████████████████████████████████████████████████████████████████████████████████████████████████████████████████████████████████████████████████▍                                 | 27/32 [10:29<02:23, 28.71s/it]
[01:11:57] strategies pipelined:  88%|████████████████████████████████████████████████████████████████████████████████████████████████████████████████████████████████████████████████████████████████████████████████████████████▏                          | 28/32 [10:40<01:33, 23.42s/it]
[01:12:49] strategies pipelined:  91%|██████████████████████████████████████████████████████████████████████████████████████████████████████████████████████████████████████████████████████████████████████████████████████████████████▊                    | 29/32 [11:32<01:35, 31.97s/it]
[01:13:57] strategies pipelined:  94%|█████████████████████████████████████████████████████████████████████████████████████████████████████████████████████████████████████████████████████████████████████████████████████████████████████████▌             | 30/32 [12:39<01:25, 42.61s/it]
[01:14:59] strategies pipelined:  97%|████████████████████████████████████████████████████████████████████████████████████████████████████████████████████████████████████████████████████████████████████████████████████████████████████████████████▎      | 31/32 [13:41<00:48, 48.44s/it]
[01:17:05] strategies pipelined: 100%|███████████████████████████████████████████████████████████████████████████████████████████████████████████████████████████████████████████████████████████████████████████████████████████████████████████████████████| 32/32 [15:48<00:00, 29.63s/it]
[01:17:06] [gpu] keeping trainer replicas offloaded until the adapter update
[01:17:08] pilot rollouts:   0%|                                                                                                                                                                                                                                     | 0/320 [00:00<?, ?it/s]
[01:24:37] pilot rollouts:   0%|▋                                                                                                                                                                                                                        | 1/320 [07:29<39:48:58, 449.34s/it]
[01:24:46] pilot rollouts:   1%|█▎                                                                                                                                                                                                                       | 2/320 [07:38<16:48:21, 190.26s/it]
[01:24:49] pilot rollouts:   1%|██                                                                                                                                                                                                                        | 3/320 [07:41<9:13:06, 104.69s/it]
[01:24:53] pilot rollouts:   1%|██▋                                                                                                                                                                                                                        | 4/320 [07:45<5:41:50, 64.91s/it]
[01:24:59] evaluating:   0%|▍                                                                                                                                                                                                                          | 1/512 [24:39<209:58:23, 1479.26s/it]
[01:25:05] evaluating:   0%|▊                                                                                                                                                                                                                            | 2/512 [24:44<86:45:19, 612.39s/it]
[01:25:24] evaluating:   1%|██▏                                                                                                                                                                                                                          | 5/512 [25:04<18:41:40, 132.74s/it]
[01:25:32] evaluating:   1%|██▌                                                                                                                                                                                                                           | 6/512 [25:12<12:43:03, 90.48s/it]
[01:25:35] pilot rollouts:   3%|██████▏                                                                                                                                                                                                                    | 9/320 [08:27<1:23:54, 16.19s/it]
[01:25:51] pilot rollouts:   3%|██████▊                                                                                                                                                                                                                   | 10/320 [08:43<1:23:35, 16.18s/it]
[01:25:52] pilot rollouts:   3%|███████▍                                                                                                                                                                                                                  | 11/320 [08:44<1:00:07, 11.67s/it]
[01:26:24] evaluating:   1%|███                                                                                                                                                                                                                           | 7/512 [26:04<10:53:50, 77.68s/it]
[01:26:33] pilot rollouts:   4%|████████▊                                                                                                                                                                                                                 | 13/320 [09:24<1:28:15, 17.25s/it]
[01:26:59] evaluating:   2%|███▉                                                                                                                                                                                                                           | 9/512 [26:39<6:10:51, 44.24s/it]
[01:27:11] evaluating:   2%|████▎                                                                                                                                                                                                                         | 10/512 [26:51<4:46:57, 34.30s/it]
[01:27:36] pilot rollouts:   5%|██████████▉                                                                                                                                                                                                               | 16/320 [10:28<1:44:28, 20.62s/it]
[01:27:39] pilot rollouts:   5%|███████████▌                                                                                                                                                                                                              | 17/320 [10:31<1:17:34, 15.36s/it]
[01:27:51] evaluating:   2%|████▊                                                                                                                                                                                                                         | 11/512 [27:31<5:00:04, 35.94s/it]
[01:27:52] evaluating:   2%|█████▏                                                                                                                                                                                                                        | 12/512 [27:32<3:31:05, 25.33s/it]
[01:27:57] evaluating:   3%|█████▋                                                                                                                                                                                                                        | 13/512 [27:36<2:38:21, 19.04s/it]
[01:27:58] pilot rollouts:   7%|███████████████▏                                                                                                                                                                                                            | 22/320 [10:50<26:10,  5.27s/it]
[01:28:16] evaluating:   3%|██████                                                                                                                                                                                                                        | 14/512 [27:55<2:37:38, 18.99s/it]
[01:28:20] pilot rollouts:   8%|████████████████▌                                                                                                                                                                                                           | 24/320 [11:11<39:49,  8.07s/it]
[01:28:30] pilot rollouts:   8%|█████████████████▏                                                                                                                                                                                                          | 25/320 [11:21<42:07,  8.57s/it]
[01:28:41] evaluating:   3%|██████▌                                                                                                                                                                                                                       | 15/512 [28:21<2:54:18, 21.04s/it]
[01:29:14] evaluating:   3%|███████▎                                                                                                                                                                                                                      | 17/512 [28:54<2:33:33, 18.61s/it]
[01:29:56] evaluating:   4%|███████▊                                                                                                                                                                                                                      | 18/512 [29:36<3:31:23, 25.68s/it]
[01:30:13] pilot rollouts:   9%|███████████████████▊                                                                                                                                                                                                      | 29/320 [13:04<1:55:17, 23.77s/it]
[01:30:22] pilot rollouts:   9%|████████████████████▍                                                                                                                                                                                                     | 30/320 [13:14<1:34:40, 19.59s/it]
[01:30:32] pilot rollouts:  10%|█████████████████████                                                                                                                                                                                                     | 31/320 [13:24<1:20:22, 16.69s/it]
[01:30:38] pilot rollouts:  10%|█████████████████████▊                                                                                                                                                                                                    | 32/320 [13:30<1:05:16, 13.60s/it]
[01:30:45] evaluating:   4%|████████▏                                                                                                                                                                                                                     | 19/512 [30:25<4:28:15, 32.65s/it]
[01:31:02] evaluating:   4%|█████████▌                                                                                                                                                                                                                    | 22/512 [30:42<2:00:08, 14.71s/it]
[01:31:13] evaluating:   5%|██████████▍                                                                                                                                                                                                                   | 24/512 [30:52<1:16:47,  9.44s/it]
[01:31:20] evaluating:   5%|███████████▍                                                                                                                                                                                                                    | 26/512 [31:00<54:51,  6.77s/it]
[01:31:37] pilot rollouts:  12%|█████████████████████████▏                                                                                                                                                                                                | 37/320 [14:29<1:05:28, 13.88s/it]
[01:31:40] evaluating:   5%|████████████▎                                                                                                                                                                                                                   | 28/512 [31:19<59:50,  7.42s/it]
[01:32:28] evaluating:   6%|████████████▌                                                                                                                                                                                                                 | 29/512 [32:08<2:39:51, 19.86s/it]
[01:32:33] evaluating:   6%|█████████████                                                                                                                                                                                                                 | 30/512 [32:13<2:02:21, 15.23s/it]
[01:32:51] evaluating:   6%|█████████████▍                                                                                                                                                                                                                | 31/512 [32:31<2:08:42, 16.05s/it]
[01:33:28] evaluating:   6%|█████████████▉                                                                                                                                                                                                                | 32/512 [33:08<2:59:45, 22.47s/it]
[01:33:38] pilot rollouts:  13%|█████████████████████████████▎                                                                                                                                                                                            | 43/320 [16:30<1:39:57, 21.65s/it]
[01:34:11] pilot rollouts:  14%|█████████████████████████████▉                                                                                                                                                                                            | 44/320 [17:03<1:55:23, 25.08s/it]
[01:34:22] pilot rollouts:  14%|██████████████████████████████▋                                                                                                                                                                                           | 45/320 [17:14<1:35:34, 20.85s/it]
[01:35:25] evaluating:   6%|██████████████▎                                                                                                                                                                                                               | 33/512 [35:04<6:44:06, 50.62s/it]
[01:35:26] pilot rollouts:  15%|████████████████████████████████                                                                                                                                                                                          | 47/320 [18:18<1:56:04, 25.51s/it]
[01:36:22] evaluating:   7%|███████████████▌                                                                                                                                                                                                              | 36/512 [36:01<3:55:04, 29.63s/it]
[01:36:22] pilot rollouts:  15%|█████████████████████████████████▍                                                                                                                                                                                        | 49/320 [19:14<2:11:59, 29.22s/it]
[01:36:46] evaluating:   7%|████████████████                                                                                                                                                                                                              | 37/512 [36:26<3:42:19, 28.08s/it]
[01:36:54] pilot rollouts:  16%|██████████████████████████████████▋                                                                                                                                                                                       | 51/320 [19:46<1:37:37, 21.78s/it]
[01:37:14] pilot rollouts:  16%|███████████████████████████████████▍                                                                                                                                                                                      | 52/320 [20:06<1:34:43, 21.21s/it]
[01:37:32] evaluating:   8%|████████████████▉                                                                                                                                                                                                             | 39/512 [37:12<3:07:08, 23.74s/it]
[01:37:59] evaluating:   8%|█████████████████▎                                                                                                                                                                                                            | 40/512 [37:39<3:13:50, 24.64s/it]
[01:38:05] pilot rollouts:  17%|█████████████████████████████████████▍                                                                                                                                                                                    | 55/320 [20:57<1:21:08, 18.37s/it]
[01:38:11] pilot rollouts:  18%|██████████████████████████████████████▏                                                                                                                                                                                   | 56/320 [21:02<1:03:21, 14.40s/it]
[01:38:37] evaluating:   8%|█████████████████▊                                                                                                                                                                                                            | 41/512 [38:17<3:45:37, 28.74s/it]
[01:38:41] pilot rollouts:  18%|███████████████████████████████████████▌                                                                                                                                                                                  | 58/320 [21:32<1:01:27, 14.07s/it]
[01:38:51] pilot rollouts:  18%|████████████████████████████████████████▌                                                                                                                                                                                   | 59/320 [21:43<57:01, 13.11s/it]
[01:39:13] evaluating:   8%|██████████████████▋                                                                                                                                                                                                           | 43/512 [38:53<2:55:48, 22.49s/it]
[01:39:33] evaluating:   9%|███████████████████                                                                                                                                                                                                           | 44/512 [39:13<2:49:39, 21.75s/it]
[01:39:54] pilot rollouts:  19%|██████████████████████████████████████████▏                                                                                                                                                                               | 62/320 [22:46<1:25:43, 19.94s/it]
[01:40:30] evaluating:   9%|████████████████████▊                                                                                                                                                                                                         | 48/512 [40:10<1:57:01, 15.13s/it]
[01:40:34] evaluating:  10%|█████████████████████▏                                                                                                                                                                                                        | 49/512 [40:14<1:31:27, 11.85s/it]
[01:40:44] pilot rollouts:  20%|████████████████████████████████████████████▎                                                                                                                                                                             | 65/320 [23:36<1:17:19, 18.20s/it]
[01:40:51] evaluating:  10%|█████████████████████▋                                                                                                                                                                                                        | 50/512 [40:31<1:42:53, 13.36s/it]
[01:41:08] evaluating:  10%|██████████████████████                                                                                                                                                                                                        | 51/512 [40:48<1:50:57, 14.44s/it]
[01:41:21] pilot rollouts:  21%|██████████████████████████████████████████████▎                                                                                                                                                                           | 68/320 [24:13<1:02:09, 14.80s/it]
[01:41:30] evaluating:  10%|██████████████████████▉                                                                                                                                                                                                       | 53/512 [41:10<1:32:20, 12.07s/it]
[01:42:06] evaluating:  11%|███████████████████████▊                                                                                                                                                                                                      | 55/512 [41:46<1:46:31, 13.98s/it]
[01:42:20] evaluating:  11%|████████████████████████▎                                                                                                                                                                                                     | 56/512 [42:00<1:45:40, 13.90s/it]
[01:43:02] evaluating:  11%|█████████████████████████▏                                                                                                                                                                                                    | 58/512 [42:42<2:01:34, 16.07s/it]
[01:43:11] evaluating:  12%|█████████████████████████▌                                                                                                                                                                                                    | 59/512 [42:51<1:45:31, 13.98s/it]
[01:43:14] pilot rollouts:  23%|██████████████████████████████████████████████████▍                                                                                                                                                                       | 74/320 [26:06<1:06:52, 16.31s/it]
[01:43:38] pilot rollouts:  23%|███████████████████████████████████████████████████                                                                                                                                                                       | 75/320 [26:30<1:15:31, 18.50s/it]
[01:44:01] evaluating:  12%|██████████████████████████▉                                                                                                                                                                                                   | 62/512 [43:41<1:44:10, 13.89s/it]
[01:44:11] evaluating:  12%|███████████████████████████▎                                                                                                                                                                                                  | 63/512 [43:51<1:35:33, 12.77s/it]
[01:44:17] pilot rollouts:  24%|█████████████████████████████████████████████████████▏                                                                                                                                                                    | 78/320 [27:08<1:00:25, 14.98s/it]
[01:44:30] evaluating:  12%|███████████████████████████▊                                                                                                                                                                                                  | 64/512 [44:10<1:49:12, 14.63s/it]
[01:44:30] pilot rollouts:  25%|███████████████████████████████████████████████████████                                                                                                                                                                     | 80/320 [27:22<41:41, 10.42s/it]
[01:44:53] evaluating:  13%|████████████████████████████▏                                                                                                                                                                                                 | 65/512 [44:33<2:08:12, 17.21s/it]
[01:44:54] pilot rollouts:  26%|████████████████████████████████████████████████████████▎                                                                                                                                                                   | 82/320 [27:46<46:54, 11.83s/it]
[01:45:06] evaluating:  13%|████████████████████████████▌                                                                                                                                                                                                 | 66/512 [44:46<1:57:43, 15.84s/it]
[01:45:35] evaluating:  13%|█████████████████████████████▉                                                                                                                                                                                                | 69/512 [45:14<1:28:35, 12.00s/it]
[01:45:40] evaluating:  14%|██████████████████████████████▎                                                                                                                                                                                               | 70/512 [45:19<1:12:50,  9.89s/it]
[01:46:17] evaluating:  14%|████████████████████████████████                                                                                                                                                                                              | 74/512 [45:57<1:03:05,  8.64s/it]
[01:46:20] pilot rollouts:  27%|███████████████████████████████████████████████████████████▎                                                                                                                                                              | 87/320 [29:11<1:11:38, 18.45s/it]
[01:46:32] evaluating:  15%|████████████████████████████████▌                                                                                                                                                                                             | 75/512 [46:11<1:16:30, 10.50s/it]
[01:46:46] evaluating:  15%|█████████████████████████████████▍                                                                                                                                                                                            | 77/512 [46:26<1:03:08,  8.71s/it]
[01:46:54] evaluating:  16%|███████████████████████████████████                                                                                                                                                                                             | 80/512 [46:34<31:42,  4.40s/it]
[01:47:08] evaluating:  16%|███████████████████████████████████▉                                                                                                                                                                                            | 82/512 [46:48<37:32,  5.24s/it]
[01:47:15] evaluating:  16%|████████████████████████████████████▎                                                                                                                                                                                           | 83/512 [46:54<39:37,  5.54s/it]
[01:47:40] evaluating:  17%|█████████████████████████████████████▏                                                                                                                                                                                          | 85/512 [47:20<59:53,  8.42s/it]
[01:47:49] evaluating:  17%|█████████████████████████████████████▎                                                                                                                                                                                        | 86/512 [47:29<1:01:34,  8.67s/it]
[01:48:28] evaluating:  17%|█████████████████████████████████████▋                                                                                                                                                                                        | 87/512 [48:08<2:05:04, 17.66s/it]
[01:48:30] pilot rollouts:  30%|█████████████████████████████████████████████████████████████████▍                                                                                                                                                        | 96/320 [31:21<1:04:34, 17.29s/it]
[01:48:59] evaluating:  17%|██████████████████████████████████████▌                                                                                                                                                                                       | 89/512 [48:38<2:00:18, 17.07s/it]
[01:49:20] evaluating:  18%|███████████████████████████████████████                                                                                                                                                                                       | 90/512 [48:59<2:08:46, 18.31s/it]
[01:49:24] pilot rollouts:  31%|███████████████████████████████████████████████████████████████████▍                                                                                                                                                      | 99/320 [32:16<1:04:10, 17.42s/it]
[01:49:30] pilot rollouts:  31%|████████████████████████████████████████████████████████████████████▍                                                                                                                                                      | 100/320 [32:22<51:20, 14.00s/it]
[01:49:49] evaluating:  18%|███████████████████████████████████████▍                                                                                                                                                                                      | 91/512 [49:29<2:31:03, 21.53s/it]
[01:50:09] pilot rollouts:  32%|█████████████████████████████████████████████████████████████████████▏                                                                                                                                                   | 102/320 [33:01<1:02:01, 17.07s/it]
[01:50:13] evaluating:  18%|███████████████████████████████████████▉                                                                                                                                                                                      | 92/512 [49:52<2:35:20, 22.19s/it]
[01:51:12] pilot rollouts:  32%|██████████████████████████████████████████████████████████████████████▌                                                                                                                                                  | 104/320 [34:04<1:36:56, 26.93s/it]
[01:51:15] pilot rollouts:  33%|███████████████████████████████████████████████████████████████████████▏                                                                                                                                                 | 105/320 [34:07<1:10:19, 19.62s/it]
[01:51:41] evaluating:  18%|████████████████████████████████████████▎                                                                                                                                                                                     | 93/512 [51:21<4:53:20, 42.01s/it]
[01:52:08] evaluating:  18%|████████████████████████████████████████▊                                                                                                                                                                                     | 94/512 [51:48<4:22:38, 37.70s/it]
[01:52:15] evaluating:  19%|█████████████████████████████████████████▋                                                                                                                                                                                    | 96/512 [51:55<2:20:03, 20.20s/it]
[01:52:29] evaluating:  19%|██████████████████████████████████████████▍                                                                                                                                                                                   | 98/512 [52:08<1:34:15, 13.66s/it]
[01:53:14] evaluating:  19%|██████████████████████████████████████████▉                                                                                                                                                                                   | 99/512 [52:53<2:39:11, 23.13s/it]
[01:53:36] pilot rollouts:  35%|███████████████████████████████████████████████████████████████████████████▉                                                                                                                                             | 112/320 [36:28<1:34:45, 27.33s/it]
[01:53:56] pilot rollouts:  35%|████████████████████████████████████████████████████████████████████████████▋                                                                                                                                            | 113/320 [36:47<1:26:48, 25.16s/it]
[01:53:59] pilot rollouts:  36%|█████████████████████████████████████████████████████████████████████████████▎                                                                                                                                           | 114/320 [36:50<1:04:50, 18.89s/it]
[01:54:23] evaluating:  20%|███████████████████████████████████████████▏                                                                                                                                                                                 | 100/512 [54:03<4:14:13, 37.02s/it]
[01:55:19] evaluating:  20%|████████████████████████████████████████████                                                                                                                                                                                 | 102/512 [54:59<3:29:54, 30.72s/it]
[01:55:47] pilot rollouts:  37%|███████████████████████████████████████████████████████████████████████████████▎                                                                                                                                         | 117/320 [38:39<1:54:38, 33.88s/it]
[01:55:54] evaluating:  20%|████████████████████████████████████████████▍                                                                                                                                                                                | 103/512 [55:34<3:38:25, 32.04s/it]
[01:56:31] evaluating:  20%|████████████████████████████████████████████▉                                                                                                                                                                                | 104/512 [56:11<3:48:32, 33.61s/it]
[01:56:32] evaluating:  21%|█████████████████████████████████████████████▎                                                                                                                                                                               | 105/512 [56:11<2:40:00, 23.59s/it]
[01:56:36] pilot rollouts:  38%|██████████████████████████████████████████████████████████████████████████████████▊                                                                                                                                        | 121/320 [39:28<57:59, 17.49s/it]
[01:56:37] pilot rollouts:  38%|███████████████████████████████████████████████████████████████████████████████████▍                                                                                                                                       | 122/320 [39:29<41:39, 12.62s/it]
[01:56:43] pilot rollouts:  38%|████████████████████████████████████████████████████████████████████████████████████▏                                                                                                                                      | 123/320 [39:35<34:55, 10.64s/it]
[01:57:12] evaluating:  21%|██████████████████████████████████████████████▏                                                                                                                                                                              | 107/512 [56:52<2:16:28, 20.22s/it]
[01:57:39] pilot rollouts:  39%|████████████████████████████████████████████████████████████████████████████████████▊                                                                                                                                    | 125/320 [40:31<1:04:27, 19.83s/it]
[01:57:48] pilot rollouts:  39%|██████████████████████████████████████████████████████████████████████████████████████▏                                                                                                                                    | 126/320 [40:40<53:15, 16.47s/it]
[01:57:50] evaluating:  21%|██████████████████████████████████████████████▌                                                                                                                                                                              | 108/512 [57:30<2:51:53, 25.53s/it]
[01:57:59] pilot rollouts:  40%|███████████████████████████████████████████████████████████████████████████████████████▌                                                                                                                                   | 128/320 [40:51<36:08, 11.29s/it]
[01:58:02] pilot rollouts:  40%|████████████████████████████████████████████████████████████████████████████████████████▎                                                                                                                                  | 129/320 [40:54<27:58,  8.79s/it]
[01:58:07] evaluating:  21%|███████████████████████████████████████████████                                                                                                                                                                              | 109/512 [57:47<2:35:04, 23.09s/it]
[01:58:16] evaluating:  21%|███████████████████████████████████████████████▍                                                                                                                                                                             | 110/512 [57:56<2:05:29, 18.73s/it]
[01:58:43] evaluating:  22%|████████████████████████████████████████████████▎                                                                                                                                                                            | 112/512 [58:23<1:40:46, 15.12s/it]
[01:59:04] pilot rollouts:  42%|███████████████████████████████████████████████████████████████████████████████████████████                                                                                                                                | 133/320 [41:55<57:04, 18.31s/it]
[01:59:19] evaluating:  22%|█████████████████████████████████████████████████▋                                                                                                                                                                           | 115/512 [58:58<1:16:59, 11.63s/it]
[01:59:44] evaluating:  23%|██████████████████████████████████████████████████                                                                                                                                                                           | 116/512 [59:23<1:43:18, 15.65s/it]
[01:59:54] evaluating:  23%|██████████████████████████████████████████████████▌                                                                                                                                                                          | 117/512 [59:34<1:33:03, 14.14s/it]
[01:59:58] evaluating:  23%|███████████████████████████████████████████████████▊                                                                                                                                                                           | 119/512 [59:38<51:34,  7.88s/it]
[02:00:18] pilot rollouts:  43%|██████████████████████████████████████████████████████████████████████████████████████████████▍                                                                                                                            | 138/320 [43:10<49:24, 16.29s/it]
[02:00:26] pilot rollouts:  43%|███████████████████████████████████████████████████████████████████████████████████████████████▏                                                                                                                           | 139/320 [43:18<41:16, 13.68s/it]
[02:00:40] pilot rollouts:  44%|███████████████████████████████████████████████████████████████████████████████████████████████▊                                                                                                                           | 140/320 [43:32<41:31, 13.84s/it]
[02:00:51] evaluating:  23%|███████████████████████████████████████████████████▎                                                                                                                                                                       | 120/512 [1:00:31<2:19:42, 21.38s/it]
[02:00:51] pilot rollouts:  44%|█████████████████████████████████████████████████████████████████████████████████████████████████▏                                                                                                                         | 142/320 [43:43<27:59,  9.44s/it]
[02:00:59] pilot rollouts:  45%|█████████████████████████████████████████████████████████████████████████████████████████████████▊                                                                                                                         | 143/320 [43:51<26:04,  8.84s/it]
[02:01:31] evaluating:  24%|█████████████████████████████████████████████████████▍                                                                                                                                                                     | 125/512 [1:01:11<1:04:06,  9.94s/it]
[02:01:41] pilot rollouts:  45%|███████████████████████████████████████████████████████████████████████████████████████████████████▏                                                                                                                       | 145/320 [44:33<48:48, 16.73s/it]
[02:01:50] evaluating:  25%|███████████████████████████████████████████████████████▎                                                                                                                                                                     | 128/512 [1:01:30<41:37,  6.50s/it]
[02:02:01] evaluating:  25%|███████████████████████████████████████████████████████▋                                                                                                                                                                     | 129/512 [1:01:41<50:02,  7.84s/it]
[02:02:08] pilot rollouts:  46%|█████████████████████████████████████████████████████████████████████████████████████████████████████▎                                                                                                                     | 148/320 [45:00<33:41, 11.75s/it]
[02:02:12] pilot rollouts:  47%|█████████████████████████████████████████████████████████████████████████████████████████████████████▉                                                                                                                     | 149/320 [45:04<27:12,  9.55s/it]
[02:02:56] evaluating:  27%|███████████████████████████████████████████████████████████▏                                                                                                                                                                 | 137/512 [1:02:36<46:58,  7.52s/it]
[02:03:11] pilot rollouts:  47%|██████████████████████████████████████████████████████████████████████████████████████████████████████▍                                                                                                                  | 151/320 [46:03<1:02:25, 22.16s/it]
[02:03:26] pilot rollouts:  48%|████████████████████████████████████████████████████████████████████████████████████████████████████████                                                                                                                   | 152/320 [46:18<56:08, 20.05s/it]
[02:03:56] pilot rollouts:  48%|███████████████████████████████████████████████████████████████████████████████████████████████████████▊                                                                                                                 | 153/320 [46:47<1:03:29, 22.81s/it]
[02:04:17] pilot rollouts:  48%|████████████████████████████████████████████████████████████████████████████████████████████████████████▍                                                                                                                | 154/320 [47:08<1:01:42, 22.30s/it]
[02:04:26] pilot rollouts:  48%|██████████████████████████████████████████████████████████████████████████████████████████████████████████                                                                                                                 | 155/320 [47:18<50:47, 18.47s/it]
[02:04:32] pilot rollouts:  49%|██████████████████████████████████████████████████████████████████████████████████████████████████████████▊                                                                                                                | 156/320 [47:24<40:29, 14.81s/it]
[02:04:36] pilot rollouts:  49%|███████████████████████████████████████████████████████████████████████████████████████████████████████████▍                                                                                                               | 157/320 [47:27<30:48, 11.34s/it]
[02:04:59] evaluating:  27%|███████████████████████████████████████████████████████████                                                                                                                                                                | 138/512 [1:04:39<4:23:08, 42.22s/it]
[02:05:55] evaluating:  27%|███████████████████████████████████████████████████████████▍                                                                                                                                                               | 139/512 [1:05:35<4:48:19, 46.38s/it]
[02:06:12] evaluating:  27%|███████████████████████████████████████████████████████████▉                                                                                                                                                               | 140/512 [1:05:52<3:53:11, 37.61s/it]
[02:06:18] pilot rollouts:  50%|██████████████████████████████████████████████████████████████████████████████████████████████████████████████▏                                                                                                            | 161/320 [49:09<52:14, 19.72s/it]
[02:06:28] evaluating:  28%|████████████████████████████████████████████████████████████▎                                                                                                                                                              | 141/512 [1:06:07<3:11:02, 30.90s/it]
[02:06:34] pilot rollouts:  51%|███████████████████████████████████████████████████████████████████████████████████████████████████████████████▌                                                                                                           | 163/320 [49:26<37:38, 14.39s/it]
[02:06:50] pilot rollouts:  51%|████████████████████████████████████████████████████████████████████████████████████████████████████████████████▏                                                                                                          | 164/320 [49:42<38:14, 14.71s/it]
[02:07:21] evaluating:  28%|█████████████████████████████████████████████████████████████▏                                                                                                                                                             | 143/512 [1:07:01<2:50:39, 27.75s/it]
[02:08:01] evaluating:  28%|██████████████████████████████████████████████████████████████                                                                                                                                                             | 145/512 [1:07:41<2:23:24, 23.44s/it]
[02:08:14] evaluating:  29%|██████████████████████████████████████████████████████████████▉                                                                                                                                                            | 147/512 [1:07:54<1:29:56, 14.78s/it]
[02:08:21] evaluating:  29%|███████████████████████████████████████████████████████████████▎                                                                                                                                                           | 148/512 [1:08:01<1:16:00, 12.53s/it]
[02:08:31] evaluating:  29%|███████████████████████████████████████████████████████████████▋                                                                                                                                                           | 149/512 [1:08:11<1:11:06, 11.75s/it]
[02:08:40] pilot rollouts:  53%|████████████████████████████████████████████████████████████████████████████████████████████████████████████████████▎                                                                                                      | 170/320 [51:31<37:19, 14.93s/it]
[02:08:57] evaluating:  30%|█████████████████████████████████████████████████████████████████▌                                                                                                                                                           | 152/512 [1:08:37<59:52,  9.98s/it]
[02:09:10] pilot rollouts:  54%|█████████████████████████████████████████████████████████████████████████████████████████████████████████████████████▋                                                                                                     | 172/320 [52:02<40:21, 16.36s/it]
[02:09:13] pilot rollouts:  54%|██████████████████████████████████████████████████████████████████████████████████████████████████████████████████████▍                                                                                                    | 173/320 [52:04<29:50, 12.18s/it]
[02:09:19] evaluating:  30%|██████████████████████████████████████████████████████████████████▍                                                                                                                                                          | 154/512 [1:08:59<59:29,  9.97s/it]
[02:09:41] evaluating:  30%|██████████████████████████████████████████████████████████████████▎                                                                                                                                                        | 155/512 [1:09:21<1:19:55, 13.43s/it]
[02:10:24] pilot rollouts:  55%|████████████████████████████████████████████████████████████████████████████████████████████████████████████████████████▍                                                                                                  | 176/320 [53:16<58:14, 24.27s/it]
[02:10:26] pilot rollouts:  55%|█████████████████████████████████████████████████████████████████████████████████████████████████████████████████████████▏                                                                                                 | 177/320 [53:17<41:16, 17.32s/it]
[02:10:31] evaluating:  30%|██████████████████████████████████████████████████████████████████▋                                                                                                                                                        | 156/512 [1:10:11<2:24:28, 24.35s/it]
[02:10:37] pilot rollouts:  56%|██████████████████████████████████████████████████████████████████████████████████████████████████████████████████████████▌                                                                                                | 179/320 [53:29<27:41, 11.78s/it]
[02:11:27] evaluating:  31%|████████████████████████████████████████████████████████████████████▊                                                                                                                                                      | 161/512 [1:11:06<1:03:50, 10.91s/it]
[02:11:28] pilot rollouts:  57%|███████████████████████████████████████████████████████████████████████████████████████████████████████████████████████████▊                                                                                               | 181/320 [54:20<44:39, 19.28s/it]
[02:11:30] evaluating:  32%|█████████████████████████████████████████████████████████████████████▉                                                                                                                                                       | 162/512 [1:11:10<50:36,  8.68s/it]
[02:11:46] evaluating:  32%|█████████████████████████████████████████████████████████████████████▋                                                                                                                                                     | 163/512 [1:11:26<1:03:25, 10.90s/it]
[02:12:29] evaluating:  32%|██████████████████████████████████████████████████████████████████████▏                                                                                                                                                    | 164/512 [1:12:09<1:58:21, 20.41s/it]
[02:12:37] pilot rollouts:  58%|██████████████████████████████████████████████████████████████████████████████████████████████████████████████████████████████▌                                                                                            | 185/320 [55:29<42:17, 18.80s/it]
[02:12:46] evaluating:  32%|██████████████████████████████████████████████████████████████████████▌                                                                                                                                                    | 165/512 [1:12:25<1:51:51, 19.34s/it]
[02:13:03] evaluating:  33%|███████████████████████████████████████████████████████████████████████▍                                                                                                                                                   | 167/512 [1:12:43<1:16:53, 13.37s/it]
[02:13:12] pilot rollouts:  59%|████████████████████████████████████████████████████████████████████████████████████████████████████████████████████████████████▋                                                                                          | 188/320 [56:04<34:38, 15.74s/it]
[02:13:32] evaluating:  33%|███████████████████████████████████████████████████████████████████████▊                                                                                                                                                   | 168/512 [1:13:12<1:43:54, 18.12s/it]
[02:13:37] pilot rollouts:  59%|██████████████████████████████████████████████████████████████████████████████████████████████████████████████████████████████████                                                                                         | 190/320 [56:29<31:51, 14.70s/it]
[02:14:12] evaluating:  34%|██████████████████████████████████████████████████████████████████████████▏                                                                                                                                                  | 172/512 [1:13:52<58:11, 10.27s/it]
[02:15:37] evaluating:  34%|█████████████████████████████████████████████████████████████████████████▉                                                                                                                                                 | 173/512 [1:15:17<3:04:28, 32.65s/it]
[02:15:44] evaluating:  34%|██████████████████████████████████████████████████████████████████████████▍                                                                                                                                                | 174/512 [1:15:24<2:20:27, 24.93s/it]
[02:16:00] evaluating:  34%|██████████████████████████████████████████████████████████████████████████▊                                                                                                                                                | 175/512 [1:15:40<2:05:15, 22.30s/it]
[02:16:20] evaluating:  34%|███████████████████████████████████████████████████████████████████████████▎                                                                                                                                               | 176/512 [1:16:00<2:00:27, 21.51s/it]
[02:17:04] evaluating:  35%|████████████████████████████████████████████████████████████████████████████▏                                                                                                                                              | 178/512 [1:16:44<1:52:54, 20.28s/it]
[02:17:18] pilot rollouts:  62%|█████████████████████████████████████████████████████████████████████████████████████████████████████████████████████████████████████▌                                                                                   | 197/320 [1:00:09<57:14, 27.92s/it]
[02:17:40] pilot rollouts:  62%|██████████████████████████████████████████████████████████████████████████████████████████████████████████████████████████████████████▎                                                                                  | 198/320 [1:00:32<53:21, 26.24s/it]
[02:17:50] evaluating:  35%|████████████████████████████████████████████████████████████████████████████▌                                                                                                                                              | 179/512 [1:17:30<2:34:13, 27.79s/it]
[02:18:03] evaluating:  35%|████████████████████████████████████████████████████████████████████████████▉                                                                                                                                              | 180/512 [1:17:42<2:09:09, 23.34s/it]
[02:18:05] evaluating:  36%|█████████████████████████████████████████████████████████████████████████████▊                                                                                                                                             | 182/512 [1:17:44<1:05:40, 11.94s/it]
[02:18:05] evaluating:  36%|██████████████████████████████████████████████████████████████████████████████▉                                                                                                                                              | 183/512 [1:17:45<46:53,  8.55s/it]
[02:18:20] pilot rollouts:  63%|█████████████████████████████████████████████████████████████████████████████████████████████████████████████████████████████████████████▋                                                                               | 203/320 [1:01:12<23:17, 11.94s/it]
[02:18:27] evaluating:  36%|██████████████████████████████████████████████████████████████████████████████▋                                                                                                                                            | 184/512 [1:18:07<1:08:16, 12.49s/it]
[02:18:31] pilot rollouts:  64%|███████████████████████████████████████████████████████████████████████████████████████████████████████████████████████████████████████████                                                                              | 205/320 [1:01:23<17:04,  8.91s/it]
[02:18:47] pilot rollouts:  64%|███████████████████████████████████████████████████████████████████████████████████████████████████████████████████████████████████████████▋                                                                             | 206/320 [1:01:39<21:11, 11.16s/it]
[02:18:53] pilot rollouts:  65%|████████████████████████████████████████████████████████████████████████████████████████████████████████████████████████████████████████████▎                                                                            | 207/320 [1:01:45<17:54,  9.51s/it]
[02:19:11] evaluating:  36%|███████████████████████████████████████████████████████████████████████████████▌                                                                                                                                           | 186/512 [1:18:50<1:29:57, 16.56s/it]
[02:19:30] evaluating:  37%|███████████████████████████████████████████████████████████████████████████████▉                                                                                                                                           | 187/512 [1:19:10<1:34:55, 17.53s/it]
[02:19:40] evaluating:  37%|████████████████████████████████████████████████████████████████████████████████▍                                                                                                                                          | 188/512 [1:19:20<1:21:51, 15.16s/it]
[02:19:46] pilot rollouts:  66%|███████████████████████████████████████████████████████████████████████████████████████████████████████████████████████████████████████████████                                                                          | 211/320 [1:02:37<22:02, 12.13s/it]
[02:20:07] evaluating:  37%|█████████████████████████████████████████████████████████████████████████████████▎                                                                                                                                         | 190/512 [1:19:47<1:16:28, 14.25s/it]
[02:20:28] pilot rollouts:  67%|████████████████████████████████████████████████████████████████████████████████████████████████████████████████████████████████████████████████▍                                                                        | 213/320 [1:03:20<31:36, 17.72s/it]
[02:20:42] evaluating:  38%|██████████████████████████████████████████████████████████████████████████████████▏                                                                                                                                        | 192/512 [1:20:21<1:17:51, 14.60s/it]
[02:20:50] pilot rollouts:  67%|█████████████████████████████████████████████████████████████████████████████████████████████████████████████████████████████████████████████████▊                                                                       | 215/320 [1:03:42<25:34, 14.62s/it]
[02:20:54] pilot rollouts:  68%|██████████████████████████████████████████████████████████████████████████████████████████████████████████████████████████████████████████████████▍                                                                      | 216/320 [1:03:45<19:40, 11.35s/it]
[02:21:43] evaluating:  38%|███████████████████████████████████████████████████████████████████████████████████▍                                                                                                                                       | 195/512 [1:21:23<1:39:20, 18.80s/it]
[02:21:47] pilot rollouts:  68%|███████████████████████████████████████████████████████████████████████████████████████████████████████████████████████████████████████████████████▊                                                                     | 218/320 [1:04:38<36:17, 21.35s/it]
[02:22:01] evaluating:  38%|████████████████████████████████████████████████████████████████████████████████████▎                                                                                                                                      | 197/512 [1:21:40<1:12:10, 13.75s/it]
[02:22:27] evaluating:  39%|█████████████████████████████████████████████████████████████████████████████████████                                                                                                                                      | 199/512 [1:22:06<1:04:14, 12.31s/it]
[02:23:11] evaluating:  39%|█████████████████████████████████████████████████████████████████████████████████████▌                                                                                                                                     | 200/512 [1:22:50<1:53:17, 21.79s/it]
[02:24:13] evaluating:  39%|█████████████████████████████████████████████████████████████████████████████████████▉                                                                                                                                     | 201/512 [1:23:53<2:56:45, 34.10s/it]
[02:24:20] evaluating:  39%|██████████████████████████████████████████████████████████████████████████████████████▍                                                                                                                                    | 202/512 [1:24:00<2:13:54, 25.92s/it]
[02:24:21] pilot rollouts:  70%|███████████████████████████████████████████████████████████████████████████████████████████████████████████████████████████████████████████████████████▉                                                                 | 224/320 [1:07:13<38:08, 23.84s/it]
[02:24:30] pilot rollouts:  70%|████████████████████████████████████████████████████████████████████████████████████████████████████████████████████████████████████████████████████████▌                                                                | 225/320 [1:07:22<30:44, 19.42s/it]
[02:24:32] pilot rollouts:  71%|█████████████████████████████████████████████████████████████████████████████████████████████████████████████████████████████████████████████████████████▎                                                               | 226/320 [1:07:23<21:58, 14.03s/it]
[02:24:37] evaluating:  40%|███████████████████████████████████████████████████████████████████████████████████████▎                                                                                                                                   | 204/512 [1:24:17<1:23:25, 16.25s/it]
[02:24:40] evaluating:  40%|███████████████████████████████████████████████████████████████████████████████████████▋                                                                                                                                   | 205/512 [1:24:19<1:02:13, 12.16s/it]
[02:25:27] evaluating:  40%|████████████████████████████████████████████████████████████████████████████████████████                                                                                                                                   | 206/512 [1:25:07<1:55:36, 22.67s/it]
[02:25:40] evaluating:  40%|████████████████████████████████████████████████████████████████████████████████████████▌                                                                                                                                  | 207/512 [1:25:20<1:40:20, 19.74s/it]
[02:26:10] pilot rollouts:  72%|████████████████████████████████████████████████████████████████████████████████████████████████████████████████████████████████████████████████████████████▋                                                            | 231/320 [1:09:02<34:07, 23.01s/it]
[02:26:43] evaluating:  41%|█████████████████████████████████████████████████████████████████████████████████████████▍                                                                                                                                 | 209/512 [1:26:23<2:05:35, 24.87s/it]
[02:27:19] evaluating:  41%|██████████████████████████████████████████████████████████████████████████████████████████▎                                                                                                                                | 211/512 [1:26:59<1:45:16, 20.99s/it]
[02:28:29] evaluating:  42%|███████████████████████████████████████████████████████████████████████████████████████████▌                                                                                                                               | 214/512 [1:28:08<1:34:29, 19.03s/it]
[02:28:44] pilot rollouts:  74%|████████████████████████████████████████████████████████████████████████████████████████████████████████████████████████████████████████████████████████████████                                                         | 236/320 [1:11:36<44:10, 31.55s/it]
[02:29:08] evaluating:  42%|████████████████████████████████████████████████████████████████████████████████████████████▊                                                                                                                              | 217/512 [1:28:48<1:08:43, 13.98s/it]
[02:29:37] pilot rollouts:  74%|█████████████████████████████████████████████████████████████████████████████████████████████████████████████████████████████████████████████████████████████████▍                                                       | 238/320 [1:12:29<42:08, 30.84s/it]
[02:29:54] evaluating:  43%|█████████████████████████████████████████████████████████████████████████████████████████████▏                                                                                                                             | 218/512 [1:29:34<1:55:08, 23.50s/it]
[02:30:00] pilot rollouts:  75%|██████████████████████████████████████████████████████████████████████████████████████████████████████████████████████████████████████████████████████████████████▊                                                      | 240/320 [1:12:52<27:57, 20.96s/it]
[02:30:24] pilot rollouts:  75%|███████████████████████████████████████████████████████████████████████████████████████████████████████████████████████████████████████████████████████████████████▍                                                     | 241/320 [1:13:16<28:49, 21.89s/it]
[02:30:27] evaluating:  43%|█████████████████████████████████████████████████████████████████████████████████████████████▋                                                                                                                             | 219/512 [1:30:07<2:09:10, 26.45s/it]
[02:30:31] pilot rollouts:  76%|████████████████████████████████████████████████████████████████████████████████████████████████████████████████████████████████████████████████████████████████████▊                                                    | 243/320 [1:13:23<16:04, 12.52s/it]
[02:30:49] pilot rollouts:  76%|█████████████████████████████████████████████████████████████████████████████████████████████████████████████████████████████████████████████████████████████████████▍                                                   | 244/320 [1:13:41<18:05, 14.28s/it]
[02:30:50] evaluating:  43%|██████████████████████████████████████████████████████████████████████████████████████████████                                                                                                                             | 220/512 [1:30:30<2:03:43, 25.42s/it]
[02:30:55] pilot rollouts:  77%|██████████████████████████████████████████████████████████████████████████████████████████████████████████████████████████████████████████████████████████████████████▊                                                  | 246/320 [1:13:47<10:45,  8.72s/it]
[02:31:01] pilot rollouts:  77%|███████████████████████████████████████████████████████████████████████████████████████████████████████████████████████████████████████████████████████████████████████▍                                                 | 247/320 [1:13:53<09:29,  7.81s/it]
[02:31:05] evaluating:  43%|██████████████████████████████████████████████████████████████████████████████████████████████▌                                                                                                                            | 221/512 [1:30:45<1:47:23, 22.14s/it]
[02:31:23] pilot rollouts:  78%|████████████████████████████████████████████████████████████████████████████████████████████████████████████████████████████████████████████████████████████████████████▊                                                | 249/320 [1:14:15<12:05, 10.22s/it]
[02:31:26] pilot rollouts:  78%|█████████████████████████████████████████████████████████████████████████████████████████████████████████████████████████████████████████████████████████████████████████▌                                               | 250/320 [1:14:17<09:16,  7.95s/it]
[02:31:37] pilot rollouts:  78%|██████████████████████████████████████████████████████████████████████████████████████████████████████████████████████████████████████████████████████████████████████████▏                                              | 251/320 [1:14:29<10:28,  9.10s/it]
[02:32:15] evaluating:  43%|██████████████████████████████████████████████████████████████████████████████████████████████▉                                                                                                                            | 222/512 [1:31:55<2:56:27, 36.51s/it]
[02:32:34] evaluating:  44%|███████████████████████████████████████████████████████████████████████████████████████████████▊                                                                                                                           | 224/512 [1:32:13<1:52:28, 23.43s/it]
[02:32:36] pilot rollouts:  79%|████████████████████████████████████████████████████████████████████████████████████████████████████████████████████████████████████████████████████████████████████████████▏                                            | 254/320 [1:15:28<18:56, 17.21s/it]
[02:32:59] evaluating:  44%|████████████████████████████████████████████████████████████████████████████████████████████████▏                                                                                                                          | 225/512 [1:32:39<1:55:16, 24.10s/it]
[02:33:11] evaluating:  44%|████████████████████████████████████████████████████████████████████████████████████████████████▋                                                                                                                          | 226/512 [1:32:51<1:37:24, 20.44s/it]
[02:33:34] evaluating:  45%|██████████████████████████████████████████████████████████████████████████████████████████████████▊                                                                                                                          | 229/512 [1:33:14<55:09, 11.70s/it]
[02:33:52] evaluating:  45%|████████████████████████████████████████████████████████████████████████████████████████████████████▏                                                                                                                        | 232/512 [1:33:32<33:30,  7.18s/it]
[02:34:01] pilot rollouts:  81%|███████████████████████████████████████████████████████████████████████████████████████████████████████████████████████████████████████████████████████████████████████████████▋                                         | 259/320 [1:16:53<18:51, 18.56s/it]
[02:34:14] evaluating:  46%|█████████████████████████████████████████████████████████████████████████████████████████████████████                                                                                                                        | 234/512 [1:33:53<40:21,  8.71s/it]
[02:34:17] pilot rollouts:  82%|████████████████████████████████████████████████████████████████████████████████████████████████████████████████████████████████████████████████████████████████████████████████▉                                        | 261/320 [1:17:09<13:17, 13.51s/it]
[02:34:26] evaluating:  46%|█████████████████████████████████████████████████████████████████████████████████████████████████████▍                                                                                                                       | 235/512 [1:34:06<45:36,  9.88s/it]
[02:34:43] pilot rollouts:  82%|██████████████████████████████████████████████████████████████████████████████████████████████████████████████████████████████████████████████████████████████████████████████████▎                                      | 263/320 [1:17:35<12:51, 13.53s/it]
[02:34:45] pilot rollouts:  82%|███████████████████████████████████████████████████████████████████████████████████████████████████████████████████████████████████████████████████████████████████████████████████                                      | 264/320 [1:17:37<09:32, 10.22s/it]
[02:35:09] evaluating:  46%|█████████████████████████████████████████████████████████████████████████████████████████████████████▎                                                                                                                     | 237/512 [1:34:48<1:04:29, 14.07s/it]
[02:35:26] evaluating:  47%|███████████████████████████████████████████████████████████████████████████████████████████████████████▏                                                                                                                     | 239/512 [1:35:06<49:22, 10.85s/it]
[02:35:56] pilot rollouts:  83%|█████████████████████████████████████████████████████████████████████████████████████████████████████████████████████████████████████████████████████████████████████████████████████                                    | 267/320 [1:18:48<18:08, 20.54s/it]
[02:36:01] pilot rollouts:  84%|█████████████████████████████████████████████████████████████████████████████████████████████████████████████████████████████████████████████████████████████████████████████████████▋                                   | 268/320 [1:18:53<13:49, 15.95s/it]
[02:36:38] evaluating:  47%|███████████████████████████████████████████████████████████████████████████████████████████████████████▉                                                                                                                   | 243/512 [1:36:18<1:02:56, 14.04s/it]
[02:36:45] pilot rollouts:  84%|███████████████████████████████████████████████████████████████████████████████████████████████████████████████████████████████████████████████████████████████████████████████████████                                  | 270/320 [1:19:36<17:12, 20.64s/it]
[02:36:47] pilot rollouts:  85%|███████████████████████████████████████████████████████████████████████████████████████████████████████████████████████████████████████████████████████████████████████████████████████▊                                 | 271/320 [1:19:38<12:15, 15.00s/it]
[02:37:27] pilot rollouts:  85%|████████████████████████████████████████████████████████████████████████████████████████████████████████████████████████████████████████████████████████████████████████████████████████▍                                | 272/320 [1:20:18<17:58, 22.47s/it]
[02:37:51] evaluating:  48%|████████████████████████████████████████████████████████████████████████████████████████████████████████▎                                                                                                                  | 244/512 [1:37:30<2:21:07, 31.60s/it]
[02:38:02] evaluating:  48%|████████████████████████████████████████████████████████████████████████████████████████████████████████▊                                                                                                                  | 245/512 [1:37:42<1:53:24, 25.48s/it]
[02:38:08] evaluating:  48%|█████████████████████████████████████████████████████████████████████████████████████████████████████████▋                                                                                                                 | 247/512 [1:37:48<1:02:19, 14.11s/it]
[02:38:46] evaluating:  48%|██████████████████████████████████████████████████████████████████████████████████████████████████████████                                                                                                                 | 248/512 [1:38:26<1:33:11, 21.18s/it]
[02:39:08] evaluating:  49%|██████████████████████████████████████████████████████████████████████████████████████████████████████████▉                                                                                                                | 250/512 [1:38:48<1:09:07, 15.83s/it]
[02:39:13] evaluating:  49%|████████████████████████████████████████████████████████████████████████████████████████████████████████████▎                                                                                                                | 251/512 [1:38:52<54:41, 12.57s/it]
[02:39:43] evaluating:  49%|█████████████████████████████████████████████████████████████████████████████████████████████████████████████▏                                                                                                               | 253/512 [1:39:22<54:36, 12.65s/it]
[02:40:05] evaluating:  50%|████████████████████████████████████████████████████████████████████████████████████████████████████████████▋                                                                                                              | 254/512 [1:39:45<1:07:11, 15.62s/it]
[02:40:17] evaluating:  50%|█████████████████████████████████████████████████████████████████████████████████████████████████████████████                                                                                                              | 255/512 [1:39:57<1:01:48, 14.43s/it]
[02:40:24] evaluating:  50%|██████████████████████████████████████████████████████████████████████████████████████████████████████████████▌                                                                                                              | 256/512 [1:40:03<51:54, 12.16s/it]
[02:40:35] evaluating:  50%|██████████████████████████████████████████████████████████████████████████████████████████████████████████████▉                                                                                                              | 257/512 [1:40:15<50:24, 11.86s/it]
[02:40:37] pilot rollouts:  89%|████████████████████████████████████████████████████████████████████████████████████████████████████████████████████████████████████████████████████████████████████████████████████████████████▌                        | 284/320 [1:23:28<07:27, 12.44s/it]
[02:41:11] evaluating:  51%|██████████████████████████████████████████████████████████████████████████████████████████████████████████████▊                                                                                                            | 259/512 [1:40:51<1:03:30, 15.06s/it]
[02:41:12] pilot rollouts:  89%|█████████████████████████████████████████████████████████████████████████████████████████████████████████████████████████████████████████████████████████████████████████████████████████████████▉                       | 286/320 [1:24:03<09:19, 16.45s/it]
[02:41:34] evaluating:  51%|████████████████████████████████████████████████████████████████████████████████████████████████████████████████▋                                                                                                            | 261/512 [1:41:13<51:16, 12.26s/it]
[02:42:00] evaluating:  51%|████████████████████████████████████████████████████████████████████████████████████████████████████████████████                                                                                                           | 262/512 [1:41:40<1:08:53, 16.53s/it]
[02:42:02] pilot rollouts:  90%|███████████████████████████████████████████████████████████████████████████████████████████████████████████████████████████████████████████████████████████████████████████████████████████████████▉                     | 289/320 [1:24:54<08:52, 17.18s/it]
[02:42:14] evaluating:  52%|█████████████████████████████████████████████████████████████████████████████████████████████████████████████████▉                                                                                                           | 264/512 [1:41:54<46:45, 11.31s/it]
[02:42:39] pilot rollouts:  91%|█████████████████████████████████████████████████████████████████████████████████████████████████████████████████████████████████████████████████████████████████████████████████████████████████████▎                   | 291/320 [1:25:31<08:58, 18.57s/it]
[02:42:47] pilot rollouts:  91%|██████████████████████████████████████████████████████████████████████████████████████████████████████████████████████████████████████████████████████████████████████████████████████████████████████                   | 292/320 [1:25:39<07:10, 15.38s/it]
[02:43:15] evaluating:  53%|████████████████████████████████████████████████████████████████████████████████████████████████████████████████████                                                                                                         | 269/512 [1:42:55<36:06,  8.91s/it]
[02:43:19] evaluating:  53%|████████████████████████████████████████████████████████████████████████████████████████████████████████████████████▌                                                                                                        | 270/512 [1:42:58<30:51,  7.65s/it]
[02:43:22] evaluating:  53%|████████████████████████████████████████████████████████████████████████████████████████████████████████████████████▉                                                                                                        | 271/512 [1:43:02<26:43,  6.65s/it]
[02:43:24] pilot rollouts:  92%|████████████████████████████████████████████████████████████████████████████████████████████████████████████████████████████████████████████████████████████████████████████████████████████████████████▋                | 296/320 [1:26:16<03:40,  9.17s/it]
[02:44:35] evaluating:  53%|████████████████████████████████████████████████████████████████████████████████████████████████████████████████████▊                                                                                                      | 273/512 [1:44:14<1:23:05, 20.86s/it]
[02:45:47] evaluating:  54%|█████████████████████████████████████████████████████████████████████████████████████████████████████████████████████▏                                                                                                     | 274/512 [1:45:27<2:21:38, 35.71s/it]
[02:45:48] evaluating:  54%|█████████████████████████████████████████████████████████████████████████████████████████████████████████████████████▋                                                                                                     | 275/512 [1:45:28<1:41:07, 25.60s/it]
[02:45:56] pilot rollouts:  94%|███████████████████████████████████████████████████████████████████████████████████████████████████████████████████████████████████████████████████████████████████████████████████████████████████████████▍             | 300/320 [1:28:47<08:25, 25.29s/it]
[02:46:28] evaluating:  54%|████████████████████████████████████████████████████████████████████████████████████████████████████████████████████████▍                                                                                                    | 279/512 [1:46:07<54:40, 14.08s/it]
[02:46:40] evaluating:  55%|████████████████████████████████████████████████████████████████████████████████████████████████████████████████████████▊                                                                                                    | 280/512 [1:46:19<51:56, 13.43s/it]
[02:47:01] pilot rollouts:  95%|█████████████████████████████████████████████████████████████████████████████████████████████████████████████████████████████████████████████████████████████████████████████████████████████████████████████▍           | 303/320 [1:29:53<06:45, 23.83s/it]
[02:47:07] pilot rollouts:  95%|██████████████████████████████████████████████████████████████████████████████████████████████████████████████████████████████████████████████████████████████████████████████████████████████████████████████▏          | 304/320 [1:29:58<04:55, 18.45s/it]
[02:47:15] evaluating:  55%|█████████████████████████████████████████████████████████████████████████████████████████████████████████████████████████▋                                                                                                   | 282/512 [1:46:55<54:09, 14.13s/it]
[02:47:27] evaluating:  56%|███████████████████████████████████████████████████████████████████████████████████████████████████████████████████████████                                                                                                  | 285/512 [1:47:07<26:33,  7.02s/it]
[02:47:29] evaluating:  56%|███████████████████████████████████████████████████████████████████████████████████████████████████████████████████████████▉                                                                                                 | 287/512 [1:47:09<14:51,  3.96s/it]
[02:47:42] evaluating:  56%|████████████████████████████████████████████████████████████████████████████████████████████████████████████████████████████▎                                                                                                | 288/512 [1:47:22<25:05,  6.72s/it]
[02:47:53] evaluating:  57%|█████████████████████████████████████████████████████████████████████████████████████████████████████████████████████████████▌                                                                                               | 291/512 [1:47:32<17:46,  4.83s/it]
[02:48:21] evaluating:  57%|██████████████████████████████████████████████████████████████████████████████████████████████████████████████████████████████▍                                                                                              | 293/512 [1:48:01<32:56,  9.02s/it]
[02:49:11] evaluating:  58%|█████████████████████████████████████████████████████████████████████████████████████████████████████████████████████████████████                                                                                            | 299/512 [1:48:51<26:09,  7.37s/it]
[02:49:56] evaluating:  59%|████████████████████████████████████████████████████████████████████████████████████████████████████████████████████████████████▎                                                                                          | 300/512 [1:49:36<1:05:57, 18.67s/it]
[02:50:01] evaluating:  59%|█████████████████████████████████████████████████████████████████████████████████████████████████████████████████████████████████▉                                                                                           | 301/512 [1:49:41<50:59, 14.50s/it]
[02:50:04] evaluating:  59%|██████████████████████████████████████████████████████████████████████████████████████████████████████████████████████████████████▎                                                                                          | 302/512 [1:49:43<38:25, 10.98s/it]
[02:50:11] evaluating:  59%|██████████████████████████████████████████████████████████████████████████████████████████████████████████████████████████████████▊                                                                                          | 303/512 [1:49:50<34:10,  9.81s/it]
[02:50:19] evaluating:  59%|███████████████████████████████████████████████████████████████████████████████████████████████████████████████████████████████████▏                                                                                         | 304/512 [1:49:58<32:04,  9.25s/it]
[02:50:55] evaluating:  60%|████████████████████████████████████████████████████████████████████████████████████████████████████████████████████████████████████                                                                                         | 306/512 [1:50:34<47:28, 13.83s/it]
[02:51:46] evaluating:  60%|███████████████████████████████████████████████████████████████████████████████████████████████████████████████████████████████████▎                                                                                       | 307/512 [1:51:26<1:26:06, 25.20s/it]
[02:53:13] evaluating:  61%|█████████████████████████████████████████████████████████████████████████████████████████████████████████████████████████████████████                                                                                      | 311/512 [1:52:53<1:06:07, 19.74s/it]
[02:53:15] pilot rollouts: 100%|█████████████████████████████████████████████████████████████████████████████████████████████████████████████████████████████████████████████████████████████████████████████████████████████████████████████████████████| 320/320 [1:36:07<00:00, 18.02s/it]
[02:53:15] [step 1] adaptive phase 2: 192 programs total; each parent is dispatched as soon as its complete pilot set is evaluated
[02:53:15] [step 1] rollout pilot parent 0/fold 0: hurdle expected-best; parent reward=2.625157073, pilot best reward=2.625240360, projected phase-2 gain=9.53128478e-06; allocating 24 phase-2 rollouts
[02:53:15] [step 1]   strategy 0: mean=1.575129228, variance=1.654021391, valid=6/10, improved=6/10, posterior-improve=0.583333, initial-EI=6.4657787e-07, phase2=24, total=34, [38;5;208mpilot best raw C₅ bound=0.380917492[0m
[02:53:15] [step 1]   strategy 1: mean=2.362661893, variance=0.620241247, valid=9/10, improved=7/10, posterior-improve=0.666667, initial-EI=2.93151173e-07, phase2=0, total=10, [38;5;208mpilot best raw C₅ bound=0.380918528[0m
[02:53:15] [step 1]   strategy 2: mean=2.037635967, variance=1.072191024, valid=8/10, improved=7/10, posterior-improve=0.666667, initial-EI=8.99758059e-08, phase2=0, total=10, [38;5;208mpilot best raw C₅ bound=0.380920090[0m
[02:53:15] [step 1]   strategy 3: mean=1.518479761, variance=1.563915196, valid=6/10, improved=5/10, posterior-improve=0.500000, initial-EI=5.24690942e-08, phase2=0, total=10, [38;5;208mpilot best raw C₅ bound=0.380921381[0m
[02:53:15] [step 1] rollout pilot parent 1/fold 0: hurdle expected-best; parent reward=2.625118002, pilot best reward=2.625190646, projected phase-2 gain=1.07320405e-05; allocating 24 phase-2 rollouts
[02:53:15] [step 1]   strategy 0: mean=1.512558754, variance=1.557786989, valid=6/10, improved=3/10, posterior-improve=0.333333, initial-EI=4.05301887e-07, phase2=0, total=10, [38;5;208mpilot best raw C₅ bound=0.380926663[0m
[02:53:15] [step 1]   strategy 1: mean=0.525023757, variance=1.102599782, valid=2/10, improved=1/10, posterior-improve=0.166667, initial-EI=1.08722916e-07, phase2=0, total=10, [38;5;208mpilot best raw C₅ bound=0.380935019[0m
[02:53:15] [step 1]   strategy 2: mean=0.787261158, variance=1.446154159, valid=3/10, improved=2/10, posterior-improve=0.250000, initial-EI=1.10068774e-07, phase2=0, total=10, [38;5;208mpilot best raw C₅ bound=0.380931549[0m
[02:53:15] [step 1]   strategy 3: mean=1.250054647, variance=1.593900290, valid=5/10, improved=2/10, posterior-improve=0.250000, initial-EI=6.80484703e-07, phase2=24, total=34, [38;5;208mpilot best raw C₅ bound=0.380924705[0m
[02:53:15] [step 1] rollout pilot parent 2/fold 0: hurdle expected-best; parent reward=2.624858205, pilot best reward=2.625147082, projected phase-2 gain=2.370263e-06; allocating 24 phase-2 rollouts
[02:53:15] [step 1]   strategy 0: mean=1.837400756, variance=1.446874944, valid=7/10, improved=2/10, posterior-improve=0.250000, initial-EI=1.65099943e-08, phase2=0, total=10, [38;5;208mpilot best raw C₅ bound=0.380972936[0m
[02:53:15] [step 1]   strategy 1: mean=1.311892633, variance=1.721063463, valid=5/10, improved=0/10, posterior-improve=0.083333, initial-EI=1.65099943e-08, phase2=0, total=10, [38;5;208mpilot best raw C₅ bound=0.380972950[0m
[02:53:15] [step 1]   strategy 2: mean=1.837402903, variance=1.446878326, valid=7/10, improved=4/10, posterior-improve=0.416667, initial-EI=1.65099943e-08, phase2=0, total=10, [38;5;208mpilot best raw C₅ bound=0.380970955[0m
[02:53:15] [step 1]   strategy 3: mean=1.512458010, variance=1.557562837, valid=6/10, improved=2/10, posterior-improve=0.250000, initial-EI=1.48589949e-07, phase2=24, total=34, [38;5;208mpilot best raw C₅ bound=0.380931027[0m
[02:53:15] [step 1] rollout pilot parent 3/fold 0: hurdle expected-best; parent reward=2.624796522, pilot best reward=2.625206185, projected phase-2 gain=8.17734784e-05; allocating 24 phase-2 rollouts
[02:53:15] [step 1]   strategy 0: mean=2.059919884, variance=1.067854818, valid=8/10, improved=5/10, posterior-improve=0.500000, initial-EI=1.94976425e-06, phase2=0, total=10, [38;5;208mpilot best raw C₅ bound=0.380928600[0m
[02:53:15] [step 1]   strategy 1: mean=1.756435430, variance=1.378302207, valid=7/10, improved=1/10, posterior-improve=0.166667, initial-EI=5.47597666e-07, phase2=0, total=10, [38;5;208mpilot best raw C₅ bound=0.380979896[0m
[02:53:15] [step 1]   strategy 2: mean=2.086613416, variance=1.090050052, valid=8/10, improved=5/10, posterior-improve=0.500000, initial-EI=6.26241399e-06, phase2=24, total=34, [38;5;208mpilot best raw C₅ bound=0.380922451[0m
[02:53:15] [step 1]   strategy 3: mean=1.567834442, variance=1.638978185, valid=6/10, improved=2/10, posterior-improve=0.250000, initial-EI=5.49348867e-07, phase2=0, total=10, [38;5;208mpilot best raw C₅ bound=0.380960595[0m
[02:53:15] [step 1] rollout pilot parent 4/fold 0: hurdle expected-best; parent reward=2.624697440, pilot best reward=2.624800454, projected phase-2 gain=1.35083825e-05; allocating 24 phase-2 rollouts
[02:53:15] [step 1]   strategy 0: mean=1.837311072, variance=1.446733705, valid=7/10, improved=5/10, posterior-improve=0.500000, initial-EI=6.28952064e-07, phase2=0, total=10, [38;5;208mpilot best raw C₅ bound=0.380982309[0m
[02:53:15] [step 1]   strategy 1: mean=1.574841855, variance=1.653417913, valid=6/10, improved=5/10, posterior-improve=0.500000, initial-EI=8.72092535e-07, phase2=24, total=34, [38;5;208mpilot best raw C₅ bound=0.380981332[0m
[02:53:15] [step 1]   strategy 2: mean=1.837291030, variance=1.446702141, valid=7/10, improved=2/10, posterior-improve=0.250000, initial-EI=1.07241046e-07, phase2=0, total=10, [38;5;208mpilot best raw C₅ bound=0.380992774[0m
[02:53:15] [step 1]   strategy 3: mean=1.574818464, variance=1.653368796, valid=6/10, improved=0/10, posterior-improve=0.083333, initial-EI=1.07219043e-07, phase2=0, total=10, [38;5;208mpilot best raw C₅ bound=0.380996285[0m
[02:53:15] [step 1] rollout pilot parent 5/fold 0: hurdle expected-best; parent reward=2.624579567, pilot best reward=2.624896374, projected phase-2 gain=3.46849291e-05; allocating 24 phase-2 rollouts
[02:53:15] [step 1]   strategy 0: mean=1.574831753, variance=1.653396707, valid=6/10, improved=4/10, posterior-improve=0.416667, initial-EI=1.17157982e-06, phase2=0, total=10, [38;5;208mpilot best raw C₅ bound=0.380972184[0m
[02:53:15] [step 1]   strategy 1: mean=2.099727600, variance=1.102214007, valid=8/10, improved=5/10, posterior-improve=0.500000, initial-EI=2.190033e-06, phase2=24, total=34, [38;5;208mpilot best raw C₅ bound=0.380967410[0m
[02:53:15] [step 1]   strategy 2: mean=1.574796530, variance=1.653322747, valid=6/10, improved=4/10, posterior-improve=0.416667, initial-EI=1.11749049e-06, phase2=0, total=10, [38;5;208mpilot best raw C₅ bound=0.380972236[0m
[02:53:15] [step 1]   strategy 3: mean=1.574784773, variance=1.653298061, valid=6/10, improved=3/10, posterior-improve=0.333333, initial-EI=1.1065635e-06, phase2=0, total=10, [38;5;208mpilot best raw C₅ bound=0.380972236[0m
[02:56:29] evaluating:  62%|████████████████████████████████████████████████████████████████████████████████████████████████████████████████████████████████████████                                                                                   | 318/512 [1:56:09<1:49:09, 33.76s/it]
[03:01:38] adaptive rollouts 144/192:   1%|█▍                                                                                                                                                                                                            | 1/144 [08:23<19:59:34, 503.32s/it]
[03:01:45] evaluating:  62%|███████████████████████████████████████████████████████████████████████████████████████████████████████████████████████████████████████▊                                                                                  | 319/512 [2:01:25<6:20:22, 118.25s/it]
[03:02:01] adaptive rollouts 144/192:   2%|████▎                                                                                                                                                                                                          | 3/144 [08:45<4:48:43, 122.86s/it]
[03:02:20] evaluating:  62%|████████████████████████████████████████████████████████████████████████████████████████████████████████████████████████████████████████▉                                                                                  | 320/512 [2:02:00<4:58:32, 93.29s/it]
[03:02:27] adaptive rollouts 144/192:   3%|███████▏                                                                                                                                                                                                        | 5/144 [09:11<2:07:26, 55.01s/it]
[03:02:30] evaluating:  63%|█████████████████████████████████████████████████████████████████████████████████████████████████████████████████████████████████████████▎                                                                                 | 321/512 [2:02:10<3:37:47, 68.41s/it]
[03:02:31] adaptive rollouts 144/192:   5%|██████████▏                                                                                                                                                                                                       | 7/144 [09:16<58:50, 25.77s/it]
[03:02:57] evaluating:  63%|██████████████████████████████████████████████████████████████████████████████████████████████████████████████████████████████████████████▏                                                                                | 323/512 [2:02:37<2:05:01, 39.69s/it]
[03:03:12] evaluating:  63%|██████████████████████████████████████████████████████████████████████████████████████████████████████████████████████████████████████████▌                                                                                | 324/512 [2:02:52<1:41:35, 32.42s/it]
[03:03:15] adaptive rollouts 144/192:   7%|██████████████▌                                                                                                                                                                                                  | 10/144 [10:00<42:24, 18.99s/it]
[03:03:26] evaluating:  64%|█████████████████████████████████████████████████████████████████████████████████████████████████████████████████████████████████████████████▏                                                                               | 327/512 [2:03:06<41:50, 13.57s/it]
[03:03:37] evaluating:  64%|█████████████████████████████████████████████████████████████████████████████████████████████████████████████████████████████████████████████▌                                                                               | 328/512 [2:03:17<38:59, 12.71s/it]
[03:04:05] evaluating:  64%|██████████████████████████████████████████████████████████████████████████████████████████████████████████████████████████████████████████████                                                                               | 329/512 [2:03:44<52:28, 17.21s/it]
[03:04:12] evaluating:  64%|██████████████████████████████████████████████████████████████████████████████████████████████████████████████████████████████████████████████▍                                                                              | 330/512 [2:03:52<42:57, 14.16s/it]
[03:04:14] adaptive rollouts 144/192:  10%|█████████████████████▊                                                                                                                                                                                           | 15/144 [10:58<25:02, 11.65s/it]
[03:04:29] evaluating:  65%|██████████████████████████████████████████████████████████████████████████████████████████████████████████████████████████████████████████████▊                                                                              | 331/512 [2:04:09<45:38, 15.13s/it]
[03:04:40] adaptive rollouts 144/192:  12%|████████████████████████▋                                                                                                                                                                                        | 17/144 [11:25<28:04, 13.27s/it]
[03:04:52] evaluating:  65%|███████████████████████████████████████████████████████████████████████████████████████████████████████████████████████████████████████████████▎                                                                             | 332/512 [2:04:32<52:25, 17.47s/it]
[03:05:16] evaluating:  65%|███████████████████████████████████████████████████████████████████████████████████████████████████████████████████████████████████████████████▋                                                                             | 333/512 [2:04:56<58:06, 19.48s/it]
[03:05:20] evaluating:  65%|████████████████████████████████████████████████████████████████████████████████████████████████████████████████████████████████████████████████▏                                                                            | 334/512 [2:05:00<43:36, 14.70s/it]
[03:05:35] evaluating:  65%|████████████████████████████████████████████████████████████████████████████████████████████████████████████████████████████████████████████████▌                                                                            | 335/512 [2:05:15<43:55, 14.89s/it]
[03:06:34] evaluating:  66%|███████████████████████████████████████████████████████████████████████████████████████████████████████████████████████████████████████████████▋                                                                           | 336/512 [2:06:14<1:22:46, 28.22s/it]
[03:06:42] adaptive rollouts 144/192:  16%|█████████████████████████████████▍                                                                                                                                                                               | 23/144 [13:27<49:56, 24.77s/it]
[03:06:47] adaptive rollouts 144/192:  17%|██████████████████████████████████▊                                                                                                                                                                              | 24/144 [13:32<37:48, 18.90s/it]
[03:06:50] evaluating:  66%|████████████████████████████████████████████████████████████████████████████████████████████████████████████████████████████████████████████████▏                                                                          | 337/512 [2:06:30<1:11:32, 24.53s/it]
[03:06:54] adaptive rollouts 144/192:  18%|█████████████████████████████████████▋                                                                                                                                                                           | 26/144 [13:39<21:39, 11.01s/it]
[03:06:56] evaluating:  66%|█████████████████████████████████████████████████████████████████████████████████████████████████████████████████████████████████████████████████▉                                                                           | 338/512 [2:06:36<54:42, 18.87s/it]
[03:07:20] evaluating:  67%|███████████████████████████████████████████████████████████████████████████████████████████████████████████████████████████████████████████████████▌                                                                         | 342/512 [2:07:00<27:40,  9.77s/it]
[03:07:23] adaptive rollouts 144/192:  20%|██████████████████████████████████████████                                                                                                                                                                       | 29/144 [14:07<23:15, 12.14s/it]
[03:07:32] evaluating:  67%|████████████████████████████████████████████████████████████████████████████████████████████████████████████████████████████████████████████████████                                                                         | 343/512 [2:07:12<29:36, 10.51s/it]
[03:07:33] evaluating:  67%|████████████████████████████████████████████████████████████████████████████████████████████████████████████████████████████████████████████████████▍                                                                        | 344/512 [2:07:13<21:14,  7.59s/it]
[03:07:40] adaptive rollouts 144/192:  22%|██████████████████████████████████████████████▍                                                                                                                                                                  | 32/144 [14:25<14:39,  7.85s/it]
[03:07:43] evaluating:  67%|████████████████████████████████████████████████████████████████████████████████████████████████████████████████████████████████████████████████████▉                                                                        | 345/512 [2:07:23<23:04,  8.29s/it]
[03:08:12] evaluating:  68%|█████████████████████████████████████████████████████████████████████████████████████████████████████████████████████████████████████████████████████▎                                                                       | 346/512 [2:07:52<40:31, 14.65s/it]
[03:08:20] evaluating:  68%|█████████████████████████████████████████████████████████████████████████████████████████████████████████████████████████████████████████████████████▊                                                                       | 347/512 [2:07:59<34:13, 12.45s/it]
[03:08:54] evaluating:  68%|██████████████████████████████████████████████████████████████████████████████████████████████████████████████████████████████████████████████████████▏                                                                      | 348/512 [2:08:34<52:04, 19.05s/it]
[03:09:09] evaluating:  68%|██████████████████████████████████████████████████████████████████████████████████████████████████████████████████████████████████████████████████████▋                                                                      | 349/512 [2:08:49<48:24, 17.82s/it]
[03:09:25] adaptive rollouts 144/192:  26%|███████████████████████████████████████████████████████▏                                                                                                                                                         | 38/144 [16:10<32:00, 18.12s/it]
[03:09:28] adaptive rollouts 144/192:  27%|████████████████████████████████████████████████████████▌                                                                                                                                                        | 39/144 [16:12<23:21, 13.35s/it]
[03:09:58] adaptive rollouts 144/192:  28%|██████████████████████████████████████████████████████████                                                                                                                                                       | 40/144 [16:42<31:55, 18.41s/it]
[03:10:11] evaluating:  68%|█████████████████████████████████████████████████████████████████████████████████████████████████████████████████████████████████████████████████████▋                                                                     | 350/512 [2:09:50<1:23:35, 30.96s/it]
[03:10:17] evaluating:  69%|██████████████████████████████████████████████████████████████████████████████████████████████████████████████████████████████████████████████████████▏                                                                    | 351/512 [2:09:56<1:03:03, 23.50s/it]
[03:10:45] adaptive rollouts 144/192:  30%|██████████████████████████████████████████████████████████████▍                                                                                                                                                  | 43/144 [17:30<30:31, 18.14s/it]
[03:11:15] evaluating:  69%|██████████████████████████████████████████████████████████████████████████████████████████████████████████████████████████████████████████████████████▌                                                                    | 352/512 [2:10:55<1:30:16, 33.85s/it]
[03:12:15] evaluating:  69%|███████████████████████████████████████████████████████████████████████████████████████████████████████████████████████████████████████████████████████▍                                                                   | 354/512 [2:11:54<1:20:39, 30.63s/it]
[03:12:17] adaptive rollouts 144/192:  32%|██████████████████████████████████████████████████████████████████▊                                                                                                                                              | 46/144 [19:02<47:05, 28.83s/it]
[03:12:33] adaptive rollouts 144/192:  33%|████████████████████████████████████████████████████████████████████▏                                                                                                                                            | 47/144 [19:18<40:16, 24.91s/it]
[03:12:40] evaluating:  69%|███████████████████████████████████████████████████████████████████████████████████████████████████████████████████████████████████████████████████████▊                                                                   | 355/512 [2:12:20<1:16:02, 29.06s/it]
[03:12:54] evaluating:  70%|████████████████████████████████████████████████████████████████████████████████████████████████████████████████████████████████████████████████████████▎                                                                  | 356/512 [2:12:34<1:03:47, 24.53s/it]
[03:13:24] evaluating:  70%|████████████████████████████████████████████████████████████████████████████████████████████████████████████████████████████████████████████████████████▋                                                                  | 357/512 [2:13:04<1:07:56, 26.30s/it]
[03:13:48] adaptive rollouts 144/192:  35%|██████████████████████████████████████████████████████████████████████████                                                                                                                                       | 51/144 [20:32<34:41, 22.38s/it]
[03:14:01] evaluating:  70%|█████████████████████████████████████████████████████████████████████████████████████████████████████████████████████████████████████████████████████████▏                                                                 | 358/512 [2:13:40<1:15:09, 29.28s/it]
[03:14:10] evaluating:  70%|██████████████████████████████████████████████████████████████████████████████████████████████████████████████████████████████████████████████████████████▉                                                                  | 359/512 [2:13:50<59:42, 23.42s/it]
[03:14:38] adaptive rollouts 144/192:  38%|██████████████████████████████████████████████████████████████████████████████▍                                                                                                                                  | 54/144 [21:22<29:49, 19.88s/it]
[03:14:42] evaluating:  70%|█████████████████████████████████████████████████████████████████████████████████████████████████████████████████████████████████████████████████████████▉                                                                 | 360/512 [2:14:22<1:05:29, 25.86s/it]
[03:14:51] evaluating:  71%|████████████████████████████████████████████████████████████████████████████████████████████████████████████████████████████████████████████████████████████▋                                                                | 363/512 [2:14:30<26:29, 10.67s/it]
[03:14:58] adaptive rollouts 144/192:  40%|██████████████████████████████████████████████████████████████████████████████████▋                                                                                                                              | 57/144 [21:43<17:45, 12.25s/it]
[03:15:50] adaptive rollouts 144/192:  40%|████████████████████████████████████████████████████████████████████████████████████▏                                                                                                                            | 58/144 [22:35<34:45, 24.25s/it]
[03:15:56] adaptive rollouts 144/192:  41%|█████████████████████████████████████████████████████████████████████████████████████▋                                                                                                                           | 59/144 [22:41<26:28, 18.69s/it]
[03:15:58] adaptive rollouts 144/192:  42%|███████████████████████████████████████████████████████████████████████████████████████                                                                                                                          | 60/144 [22:43<19:19, 13.80s/it]
[03:16:13] evaluating:  71%|███████████████████████████████████████████████████████████████████████████████████████████████████████████████████████████████████████████████████████████▋                                                               | 364/512 [2:15:53<1:19:13, 32.12s/it]
[03:16:46] adaptive rollouts 144/192:  43%|█████████████████████████████████████████████████████████████████████████████████████████▉                                                                                                                       | 62/144 [23:31<27:04, 19.81s/it]
[03:16:47] evaluating:  71%|████████████████████████████████████████████████████████████████████████████████████████████████████████████████████████████████████████████████████████████                                                               | 365/512 [2:16:26<1:19:58, 32.64s/it]
[03:16:47] evaluating:  71%|█████████████████████████████████████████████████████████████████████████████████████████████████████████████████████████████████████████████████████████████▉                                                               | 366/512 [2:16:27<56:05, 23.05s/it]
[03:16:49] adaptive rollouts 144/192:  45%|██████████████████████████████████████████████████████████████████████████████████████████████▎                                                                                                                  | 65/144 [23:34<10:05,  7.67s/it]
[03:16:54] adaptive rollouts 144/192:  46%|███████████████████████████████████████████████████████████████████████████████████████████████▊                                                                                                                 | 66/144 [23:38<08:37,  6.64s/it]
[03:16:57] adaptive rollouts 144/192:  47%|█████████████████████████████████████████████████████████████████████████████████████████████████▏                                                                                                               | 67/144 [23:41<07:05,  5.52s/it]
[03:17:32] adaptive rollouts 144/192:  47%|██████████████████████████████████████████████████████████████████████████████████████████████████▋                                                                                                              | 68/144 [24:16<18:16, 14.42s/it]
[03:17:39] adaptive rollouts 144/192:  48%|████████████████████████████████████████████████████████████████████████████████████████████████████▏                                                                                                            | 69/144 [24:23<15:07, 12.10s/it]
[03:17:53] evaluating:  72%|████████████████████████████████████████████████████████████████████████████████████████████████████████████████████████████████████████████████████████████▉                                                              | 367/512 [2:17:33<1:26:32, 35.81s/it]
[03:17:57] adaptive rollouts 144/192:  49%|███████████████████████████████████████████████████████████████████████████████████████████████████████                                                                                                          | 71/144 [24:42<13:53, 11.42s/it]
[03:18:05] adaptive rollouts 144/192:  50%|████████████████████████████████████████████████████████████████████████████████████████████████████████▌                                                                                                        | 72/144 [24:49<12:19, 10.27s/it]
[03:18:20] evaluating:  72%|█████████████████████████████████████████████████████████████████████████████████████████████████████████████████████████████████████████████████████████████▍                                                             | 368/512 [2:18:00<1:19:30, 33.13s/it]
[03:18:44] adaptive rollouts 144/192:  51%|███████████████████████████████████████████████████████████████████████████████████████████████████████████▍                                                                                                     | 74/144 [25:28<18:33, 15.90s/it]
[03:18:48] adaptive rollouts 144/192:  52%|████████████████████████████████████████████████████████████████████████████████████████████████████████████▊                                                                                                    | 75/144 [25:32<14:11, 12.34s/it]
[03:18:50] adaptive rollouts 144/192:  53%|██████████████████████████████████████████████████████████████████████████████████████████████████████████████▎                                                                                                  | 76/144 [25:35<10:36,  9.35s/it]
[03:19:29] evaluating:  72%|█████████████████████████████████████████████████████████████████████████████████████████████████████████████████████████████████████████████████████████████▊                                                             | 369/512 [2:19:08<1:44:31, 43.85s/it]
[03:19:33] evaluating:  72%|██████████████████████████████████████████████████████████████████████████████████████████████████████████████████████████████████████████████████████████████▎                                                            | 370/512 [2:19:13<1:15:38, 31.96s/it]
[03:19:57] evaluating:  73%|█████████████████████████████████████████████████████████████████████████████████████████████████████████████████████████████████████████████████████████████████▍                                                           | 374/512 [2:19:37<24:40, 10.73s/it]
[03:20:23] evaluating:  74%|███████████████████████████████████████████████████████████████████████████████████████████████████████████████████████████████████████████████████████████████████▏                                                         | 378/512 [2:20:03<13:34,  6.08s/it]
[03:20:34] adaptive rollouts 144/192:  56%|█████████████████████████████████████████████████████████████████████████████████████████████████████████████████████▌                                                                                           | 81/144 [27:19<20:12, 19.25s/it]
[03:20:36] adaptive rollouts 144/192:  57%|███████████████████████████████████████████████████████████████████████████████████████████████████████████████████████                                                                                          | 82/144 [27:21<14:28, 14.00s/it]
[03:20:59] evaluating:  74%|████████████████████████████████████████████████████████████████████████████████████████████████████████████████████████████████████████████████████████████████████                                                         | 380/512 [2:20:39<24:21, 11.07s/it]
[03:21:22] evaluating:  74%|████████████████████████████████████████████████████████████████████████████████████████████████████████████████████████████████████████████████████████████████████▍                                                        | 381/512 [2:21:01<31:39, 14.50s/it]
[03:21:24] evaluating:  75%|████████████████████████████████████████████████████████████████████████████████████████████████████████████████████████████████████████████████████████████████████▉                                                        | 382/512 [2:21:04<23:49, 11.00s/it]
[03:21:54] evaluating:  75%|█████████████████████████████████████████████████████████████████████████████████████████████████████████████████████████████████████████████████████████████████████▊                                                       | 384/512 [2:21:33<25:26, 11.93s/it]
[03:22:04] adaptive rollouts 144/192:  60%|██████████████████████████████████████████████████████████████████████████████████████████████████████████████████████████████▎                                                                                  | 87/144 [28:48<16:50, 17.73s/it]
[03:22:05] evaluating:  75%|██████████████████████████████████████████████████████████████████████████████████████████████████████████████████████████████████████████████████████████████████████▏                                                      | 385/512 [2:21:45<25:00, 11.81s/it]
[03:22:06] adaptive rollouts 144/192:  62%|█████████████████████████████████████████████████████████████████████████████████████████████████████████████████████████████████▏                                                                               | 89/144 [28:50<08:28,  9.25s/it]
[03:22:12] adaptive rollouts 144/192:  62%|██████████████████████████████████████████████████████████████████████████████████████████████████████████████████████████████████▋                                                                              | 90/144 [28:57<07:42,  8.56s/it]
[03:23:14] evaluating:  76%|████████████████████████████████████████████████████████████████████████████████████████████████████████████████████████████████████████████████████████████████████████▎                                                    | 390/512 [2:22:54<30:51, 15.18s/it]
[03:23:28] adaptive rollouts 144/192:  64%|█████████████████████████████████████████████████████████████████████████████████████████████████████████████████████████████████████▌                                                                           | 92/144 [30:13<23:09, 26.73s/it]
[03:23:29] adaptive rollouts 144/192:  65%|██████████████████████████████████████████████████████████████████████████████████████████████████████████████████████████████████████▉                                                                          | 93/144 [30:14<16:07, 18.96s/it]
[03:23:58] evaluating:  76%|████████████████████████████████████████████████████████████████████████████████████████████████████████████████████████████████████████████████████████████████████████▊                                                    | 391/512 [2:23:37<47:35, 23.60s/it]
[03:24:11] adaptive rollouts 144/192:  66%|█████████████████████████████████████████████████████████████████████████████████████████████████████████████████████████████████████████▉                                                                       | 95/144 [30:55<15:43, 19.26s/it]
[03:24:36] evaluating:  77%|█████████████████████████████████████████████████████████████████████████████████████████████████████████████████████████████████████████████████████████████████████████▋                                                   | 393/512 [2:24:15<39:47, 20.06s/it]
[03:25:14] evaluating:  77%|██████████████████████████████████████████████████████████████████████████████████████████████████████████████████████████████████████████████████████████████████████████                                                   | 394/512 [2:24:54<50:25, 25.64s/it]
[03:25:16] evaluating:  77%|██████████████████████████████████████████████████████████████████████████████████████████████████████████████████████████████████████████████████████████████████████████▍                                                  | 395/512 [2:24:56<35:50, 18.38s/it]
[03:25:29] adaptive rollouts 144/192:  69%|███████████████████████████████████████████████████████████████████████████████████████████████████████████████████████████████████████████████▋                                                                 | 99/144 [32:13<13:49, 18.44s/it]
[03:25:30] adaptive rollouts 144/192:  69%|████████████████████████████████████████████████████████████████████████████████████████████████████████████████████████████████████████████████▍                                                               | 100/144 [32:15<09:52, 13.46s/it]
[03:25:49] evaluating:  78%|███████████████████████████████████████████████████████████████████████████████████████████████████████████████████████████████████████████████████████████████████████████▎                                                 | 397/512 [2:25:29<31:32, 16.45s/it]
[03:26:31] evaluating:  78%|███████████████████████████████████████████████████████████████████████████████████████████████████████████████████████████████████████████████████████████████████████████▊                                                 | 398/512 [2:26:10<45:31, 23.96s/it]
[03:26:36] adaptive rollouts 144/192:  72%|████████████████████████████████████████████████████████████████████████████████████████████████████████████████████████████████████████████████████▊                                                           | 103/144 [33:21<14:05, 20.61s/it]
[03:26:43] evaluating:  78%|████████████████████████████████████████████████████████████████████████████████████████████████████████████████████████████████████████████████████████████████████████████▋                                                | 400/512 [2:26:23<27:15, 14.61s/it]
[03:27:16] adaptive rollouts 144/192:  73%|███████████████████████████████████████████████████████████████████████████████████████████████████████████████████████████████████████████████████████▋                                                        | 105/144 [34:01<14:09, 21.79s/it]
[03:27:19] evaluating:  79%|█████████████████████████████████████████████████████████████████████████████████████████████████████████████████████████████████████████████████████████████████████████████▌                                               | 402/512 [2:26:58<27:04, 14.77s/it]
[03:27:49] evaluating:  79%|█████████████████████████████████████████████████████████████████████████████████████████████████████████████████████████████████████████████████████████████████████████████▉                                               | 403/512 [2:27:28<35:01, 19.28s/it]
[03:27:53] adaptive rollouts 144/192:  75%|████████████████████████████████████████████████████████████████████████████████████████████████████████████████████████████████████████████████████████████                                                    | 108/144 [34:37<09:13, 15.38s/it]
[03:28:01] adaptive rollouts 144/192:  76%|█████████████████████████████████████████████████████████████████████████████████████████████████████████████████████████████████████████████████████████████▍                                                  | 109/144 [34:46<07:49, 13.40s/it]
[03:28:05] evaluating:  79%|██████████████████████████████████████████████████████████████████████████████████████████████████████████████████████████████████████████████████████████████████████████████▍                                              | 404/512 [2:27:45<33:22, 18.54s/it]
[03:28:51] evaluating:  80%|████████████████████████████████████████████████████████████████████████████████████████████████████████████████████████████████████████████████████████████████████████████████▌                                            | 409/512 [2:28:31<14:16,  8.32s/it]
[03:28:52] evaluating:  80%|████████████████████████████████████████████████████████████████████████████████████████████████████████████████████████████████████████████████████████████████████████████████▉                                            | 410/512 [2:28:32<10:44,  6.31s/it]
[03:29:10] adaptive rollouts 144/192:  78%|███████████████████████████████████████████████████████████████████████████████████████████████████████████████████████████████████████████████████████████████████▏                                            | 113/144 [35:54<09:38, 18.66s/it]
[03:29:25] adaptive rollouts 144/192:  80%|██████████████████████████████████████████████████████████████████████████████████████████████████████████████████████████████████████████████████████████████████████                                          | 115/144 [36:10<06:36, 13.66s/it]
[03:29:43] evaluating:  80%|█████████████████████████████████████████████████████████████████████████████████████████████████████████████████████████████████████████████████████████████████████████████████▍                                           | 411/512 [2:29:23<32:58, 19.59s/it]
[03:29:45] adaptive rollouts 144/192:  81%|█████████████████████████████████████████████████████████████████████████████████████████████████████████████████████████████████████████████████████████████████████████                                       | 117/144 [36:30<05:28, 12.18s/it]
[03:30:14] evaluating:  81%|██████████████████████████████████████████████████████████████████████████████████████████████████████████████████████████████████████████████████████████████████████████████████▋                                          | 414/512 [2:29:54<21:52, 13.39s/it]
[03:30:30] adaptive rollouts 144/192:  83%|███████████████████████████████████████████████████████████████████████████████████████████████████████████████████████████████████████████████████████████████████████████▉                                    | 119/144 [37:14<07:30, 18.01s/it]
[03:30:55] evaluating:  81%|███████████████████████████████████████████████████████████████████████████████████████████████████████████████████████████████████████████████████████████████████████████████████▏                                         | 415/512 [2:30:34<34:38, 21.43s/it]
[03:30:57] evaluating:  81%|███████████████████████████████████████████████████████████████████████████████████████████████████████████████████████████████████████████████████████████████████████████████████▌                                         | 416/512 [2:30:37<25:18, 15.82s/it]
[03:31:01] evaluating:  81%|███████████████████████████████████████████████████████████████████████████████████████████████████████████████████████████████████████████████████████████████████████████████████▉                                         | 417/512 [2:30:41<19:24, 12.26s/it]
[03:31:12] adaptive rollouts 144/192:  85%|█████████████████████████████████████████████████████████████████████████████████████████████████████████████████████████████████████████████████████████████████████████████████▋                              | 123/144 [37:57<04:18, 12.29s/it]
[03:31:22] adaptive rollouts 144/192:  86%|███████████████████████████████████████████████████████████████████████████████████████████████████████████████████████████████████████████████████████████████████████████████████                             | 124/144 [38:06<03:50, 11.53s/it]
[03:31:58] evaluating:  82%|█████████████████████████████████████████████████████████████████████████████████████████████████████████████████████████████████████████████████████████████████████████████████████▎                                       | 420/512 [2:31:38<24:01, 15.67s/it]
[03:32:08] adaptive rollouts 144/192:  88%|██████████████████████████████████████████████████████████████████████████████████████████████████████████████████████████████████████████████████████████████████████████████████████                          | 126/144 [38:53<05:37, 18.77s/it]
[03:32:37] evaluating:  83%|██████████████████████████████████████████████████████████████████████████████████████████████████████████████████████████████████████████████████████████████████████████████████████▌                                      | 423/512 [2:32:17<18:16, 12.31s/it]
[03:32:52] adaptive rollouts 144/192:  89%|████████████████████████████████████████████████████████████████████████████████████████████████████████████████████████████████████████████████████████████████████████████████████████▉                       | 128/144 [39:37<05:53, 22.07s/it]
[03:33:29] evaluating:  83%|███████████████████████████████████████████████████████████████████████████████████████████████████████████████████████████████████████████████████████████████████████████████████████▍                                     | 425/512 [2:33:09<28:49, 19.88s/it]
[03:33:34] evaluating:  83%|███████████████████████████████████████████████████████████████████████████████████████████████████████████████████████████████████████████████████████████████████████████████████████▉                                     | 426/512 [2:33:14<22:02, 15.38s/it]
[03:34:44] evaluating:  84%|██████████████████████████████████████████████████████████████████████████████████████████████████████████████████████████████████████████████████████████████████████████████████████████▍                                  | 432/512 [2:34:23<14:27, 10.84s/it]
[03:35:16] evaluating:  85%|███████████████████████████████████████████████████████████████████████████████████████████████████████████████████████████████████████████████████████████████████████████████████████████▎                                 | 434/512 [2:34:56<16:09, 12.44s/it]
[03:35:29] evaluating:  85%|███████████████████████████████████████████████████████████████████████████████████████████████████████████████████████████████████████████████████████████████████████████████████████████▊                                 | 435/512 [2:35:09<16:00, 12.47s/it]
[03:35:32] adaptive rollouts 144/192:  93%|█████████████████████████████████████████████████████████████████████████████████████████████████████████████████████████████████████████████████████████████████████████████████████████████████▌              | 134/144 [42:17<04:09, 24.91s/it]
[03:37:05] evaluating:  87%|███████████████████████████████████████████████████████████████████████████████████████████████████████████████████████████████████████████████████████████████████████████████████████████████▏                             | 443/512 [2:36:45<14:59, 13.03s/it]
[03:37:21] evaluating:  87%|████████████████████████████████████████████████████████████████████████████████████████████████████████████████████████████████████████████████████████████████████████████████████████████████▌                            | 446/512 [2:37:01<08:37,  7.84s/it]
[03:37:54] evaluating:  88%|█████████████████████████████████████████████████████████████████████████████████████████████████████████████████████████████████████████████████████████████████████████████████████████████████▍                           | 448/512 [2:37:34<12:30, 11.72s/it]
[03:37:55] adaptive rollouts 144/192:  96%|███████████████████████████████████████████████████████████████████████████████████████████████████████████████████████████████████████████████████████████████████████████████████████████████████████▎        | 138/144 [44:40<03:05, 30.88s/it]
[03:38:53] evaluating:  88%|███████████████████████████████████████████████████████████████████████████████████████████████████████████████████████████████████████████████████████████████████████████████████████████████████                          | 452/512 [2:38:33<13:23, 13.39s/it]
[03:38:53] evaluating:  88%|███████████████████████████████████████████████████████████████████████████████████████████████████████████████████████████████████████████████████████████████████████████████████████████████████▌                         | 453/512 [2:38:33<09:23,  9.54s/it]
[03:39:23] adaptive rollouts 144/192:  98%|███████████████████████████████████████████████████████████████████████████████████████████████████████████████████████████████████████████████████████████████████████████████████████████████████████████▋    | 141/144 [46:07<01:29, 29.83s/it]
[03:40:14] evaluating:  89%|████████████████████████████████████████████████████████████████████████████████████████████████████████████████████████████████████████████████████████████████████████████████████████████████████▊                        | 456/512 [2:39:54<19:18, 20.69s/it]
[03:44:44] evaluating:  89%|███████████████████████████████████████████████████████████████████████████████████████████████████████████████████████████████████████████████████████████████████████████████████████████████████▉                       | 458/512 [2:44:24<1:15:39, 84.07s/it]
[03:45:29] adaptive rollouts 144/192: 100%|████████████████████████████████████████████████████████████████████████████████████████████████████████████████████████████████████████████████████████████████████████████████████████████████████████████████| 144/144 [52:14<00:00, 21.77s/it]
[03:45:29] [step 1] rollout pilot parent 6/fold 0: hurdle expected-best; parent reward=2.624543950, pilot best reward=2.624599849, projected phase-2 gain=6.04224308e-08; allocating 24 phase-2 rollouts
[03:45:29] [step 1]   strategy 0: mean=1.562272167, variance=1.628422159, valid=6/10, improved=5/10, posterior-improve=0.500000, initial-EI=1.71247685e-10, phase2=0, total=10, [38;5;208mpilot best raw C₅ bound=0.381018468[0m
[03:45:29] [step 1]   strategy 1: mean=1.460375723, variance=1.521788247, valid=6/10, improved=3/10, posterior-improve=0.333333, initial-EI=1.71247685e-10, phase2=0, total=10, [38;5;208mpilot best raw C₅ bound=0.381018458[0m
[03:45:29] [step 1]   strategy 2: mean=2.357369877, variance=0.617663985, valid=9/10, improved=7/10, posterior-improve=0.666667, initial-EI=1.71247685e-10, phase2=0, total=10, [38;5;208mpilot best raw C₅ bound=0.381017609[0m
[03:45:29] [step 1]   strategy 3: mean=1.574732237, variance=1.653187745, valid=6/10, improved=6/10, posterior-improve=0.583333, initial-EI=3.76744908e-09, phase2=24, total=34, [38;5;208mpilot best raw C₅ bound=0.381010452[0m
[03:45:29] [step 1] rollout pilot parent 7/fold 0: hurdle expected-best; parent reward=2.624519240, pilot best reward=2.625045286, projected phase-2 gain=4.15981511e-05; allocating 24 phase-2 rollouts
[03:45:29] [step 1]   strategy 0: mean=0.787355772, variance=1.446501261, valid=3/10, improved=0/10, posterior-improve=0.083333, initial-EI=2.36557738e-07, phase2=0, total=10, [38;5;208mpilot best raw C₅ bound=0.381022154[0m
[03:45:29] [step 1]   strategy 1: mean=1.312367144, variance=1.722307536, valid=5/10, improved=4/10, posterior-improve=0.416667, initial-EI=2.60209741e-06, phase2=24, total=34, [38;5;208mpilot best raw C₅ bound=0.380945799[0m
[03:45:29] [step 1]   strategy 2: mean=1.312311926, variance=1.722162596, valid=5/10, improved=4/10, posterior-improve=0.416667, initial-EI=2.36595445e-07, phase2=0, total=10, [38;5;208mpilot best raw C₅ bound=0.380987481[0m
[03:45:29] [step 1]   strategy 3: mean=1.049808961, variance=1.653148283, valid=4/10, improved=2/10, posterior-improve=0.250000, initial-EI=2.36557738e-07, phase2=0, total=10, [38;5;208mpilot best raw C₅ bound=0.381020354[0m
[03:53:41] evaluating:  90%|████████████████████████████████████████████████████████████████████████████████████████████████████████████████████████████████████████████████████████████████████████████████████████████████████▋                     | 462/512 [2:53:20<1:33:13, 111.87s/it]
[03:53:47] adaptive rollouts 192/192:   2%|████▎                                                                                                                                                                                                           | 1/48 [08:17<6:29:44, 497.54s/it]
[03:53:50] evaluating:  91%|████████████████████████████████████████████████████████████████████████████████████████████████████████████████████████████████████████████████████████████████████████████████████████████████████████▎                    | 464/512 [2:53:29<45:25, 56.78s/it]
[03:53:59] adaptive rollouts 192/192:   6%|█████████████                                                                                                                                                                                                   | 3/48 [08:29<1:27:39, 116.88s/it]
[03:54:13] evaluating:  91%|█████████████████████████████████████████████████████████████████████████████████████████████████████████████████████████████████████████████████████████████████████████████████████████████████████████▏                   | 466/512 [2:53:52<25:13, 32.89s/it]
[03:54:41] adaptive rollouts 192/192:  10%|█████████████████████▉                                                                                                                                                                                             | 5/48 [09:11<42:19, 59.05s/it]
[03:54:44] adaptive rollouts 192/192:  12%|██████████████████████████▍                                                                                                                                                                                        | 6/48 [09:15<28:09, 40.23s/it]
[03:54:56] evaluating:  91%|█████████████████████████████████████████████████████████████████████████████████████████████████████████████████████████████████████████████████████████████████████████████████████████████████████████▌                   | 467/512 [2:54:36<27:05, 36.13s/it]
[03:55:05] adaptive rollouts 192/192:  17%|███████████████████████████████████▏                                                                                                                                                                               | 8/48 [09:36<16:21, 24.53s/it]
[03:55:32] adaptive rollouts 192/192:  19%|███████████████████████████████████████▌                                                                                                                                                                           | 9/48 [10:03<16:27, 25.32s/it]
[03:55:46] adaptive rollouts 192/192:  21%|███████████████████████████████████████████▊                                                                                                                                                                      | 10/48 [10:16<13:40, 21.60s/it]
[03:55:49] adaptive rollouts 192/192:  23%|████████████████████████████████████████████████▏                                                                                                                                                                 | 11/48 [10:19<09:53, 16.03s/it]
[03:55:55] adaptive rollouts 192/192:  25%|████████████████████████████████████████████████████▌                                                                                                                                                             | 12/48 [10:25<07:42, 12.86s/it]
[03:55:57] adaptive rollouts 192/192:  27%|████████████████████████████████████████████████████████▊                                                                                                                                                         | 13/48 [10:27<05:39,  9.69s/it]
[03:56:07] evaluating:  91%|██████████████████████████████████████████████████████████████████████████████████████████████████████████████████████████████████████████████████████████████████████████████████████████████████████████                   | 468/512 [2:55:47<34:12, 46.65s/it]
[03:56:10] adaptive rollouts 192/192:  31%|█████████████████████████████████████████████████████████████████▋                                                                                                                                                | 15/48 [10:40<04:19,  7.87s/it]
[03:56:13] evaluating:  92%|██████████████████████████████████████████████████████████████████████████████████████████████████████████████████████████████████████████████████████████████████████████████████████████████████████████▍                  | 469/512 [2:55:53<24:33, 34.27s/it]
[03:56:36] evaluating:  92%|████████████████████████████████████████████████████████████████████████████████████████████████████████████████████████████████████████████████████████████████████████████████████████████████████████████▏                | 473/512 [2:56:15<08:33, 13.16s/it]
[03:57:07] adaptive rollouts 192/192:  38%|██████████████████████████████████████████████████████████████████████████████▊                                                                                                                                   | 18/48 [11:38<09:42, 19.40s/it]
[03:57:15] adaptive rollouts 192/192:  40%|███████████████████████████████████████████████████████████████████████████████████▏                                                                                                                              | 19/48 [11:46<07:42, 15.95s/it]
[03:57:16] adaptive rollouts 192/192:  42%|███████████████████████████████████████████████████████████████████████████████████████▌                                                                                                                          | 20/48 [11:47<05:20, 11.45s/it]
[03:57:24] evaluating:  93%|█████████████████████████████████████████████████████████████████████████████████████████████████████████████████████████████████████████████████████████████████████████████████████████████████████████████▉               | 477/512 [2:57:04<05:03,  8.66s/it]
[03:57:31] adaptive rollouts 192/192:  46%|████████████████████████████████████████████████████████████████████████████████████████████████▎                                                                                                                 | 22/48 [12:01<04:13,  9.76s/it]
[03:57:47] adaptive rollouts 192/192:  48%|████████████████████████████████████████████████████████████████████████████████████████████████████▋                                                                                                             | 23/48 [12:17<04:50, 11.60s/it]
[03:57:54] adaptive rollouts 192/192:  50%|█████████████████████████████████████████████████████████████████████████████████████████████████████████                                                                                                         | 24/48 [12:24<04:07, 10.32s/it]
[03:58:02] evaluating:  94%|██████████████████████████████████████████████████████████████████████████████████████████████████████████████████████████████████████████████████████████████████████████████████████████████████████████████▊              | 479/512 [2:57:42<06:53, 12.53s/it]
[03:58:17] evaluating:  94%|███████████████████████████████████████████████████████████████████████████████████████████████████████████████████████████████████████████████████████████████████████████████████████████████████████████████▏             | 480/512 [2:57:57<07:04, 13.25s/it]
[03:58:19] adaptive rollouts 192/192:  56%|██████████████████████████████████████████████████████████████████████████████████████████████████████████████████████▏                                                                                           | 27/48 [12:49<03:02,  8.70s/it]
[03:58:31] evaluating:  94%|███████████████████████████████████████████████████████████████████████████████████████████████████████████████████████████████████████████████████████████████████████████████████████████████████████████████▌             | 481/512 [2:58:11<06:59, 13.53s/it]
[03:58:46] evaluating:  94%|████████████████████████████████████████████████████████████████████████████████████████████████████████████████████████████████████████████████████████████████████████████████████████████████████████████████             | 482/512 [2:58:25<06:56, 13.87s/it]
[03:59:02] evaluating:  94%|████████████████████████████████████████████████████████████████████████████████████████████████████████████████████████████████████████████████████████████████████████████████████████████████████████████████▍            | 483/512 [2:58:42<07:02, 14.57s/it]
[03:59:07] evaluating:  95%|████████████████████████████████████████████████████████████████████████████████████████████████████████████████████████████████████████████████████████████████████████████████████████████████████████████████▉            | 484/512 [2:58:47<05:27, 11.71s/it]
[03:59:13] evaluating:  95%|█████████████████████████████████████████████████████████████████████████████████████████████████████████████████████████████████████████████████████████████████████████████████████████████████████████████████▊           | 486/512 [2:58:53<03:05,  7.12s/it]
[03:59:18] adaptive rollouts 192/192:  69%|████████████████████████████████████████████████████████████████████████████████████████████████████████████████████████████████████████████████▍                                                                 | 33/48 [13:49<02:10,  8.73s/it]
[03:59:22] adaptive rollouts 192/192:  71%|████████████████████████████████████████████████████████████████████████████████████████████████████████████████████████████████████████████████████▊                                                             | 34/48 [13:52<01:40,  7.16s/it]
[03:59:41] adaptive rollouts 192/192:  73%|█████████████████████████████████████████████████████████████████████████████████████████████████████████████████████████████████████████████████████████▏                                                        | 35/48 [14:12<02:21, 10.85s/it]
[04:00:01] evaluating:  95%|██████████████████████████████████████████████████████████████████████████████████████████████████████████████████████████████████████████████████████████████████████████████████████████████████████████████████▋          | 488/512 [2:59:41<05:33, 13.90s/it]
[04:00:17] evaluating:  96%|███████████████████████████████████████████████████████████████████████████████████████████████████████████████████████████████████████████████████████████████████████████████████████████████████████████████████          | 489/512 [2:59:57<05:32, 14.46s/it]
[04:00:43] evaluating:  96%|███████████████████████████████████████████████████████████████████████████████████████████████████████████████████████████████████████████████████████████████████████████████████████████████████████████████████▉         | 491/512 [3:00:23<04:42, 13.46s/it]
[04:00:49] adaptive rollouts 192/192:  81%|██████████████████████████████████████████████████████████████████████████████████████████████████████████████████████████████████████████████████████████████████████████▋                                       | 39/48 [15:19<02:20, 15.59s/it]
[04:01:12] adaptive rollouts 192/192:  83%|███████████████████████████████████████████████████████████████████████████████████████████████████████████████████████████████████████████████████████████████████████████████                                   | 40/48 [15:42<02:23, 17.91s/it]
[04:01:22] adaptive rollouts 192/192:  85%|███████████████████████████████████████████████████████████████████████████████████████████████████████████████████████████████████████████████████████████████████████████████████▍                              | 41/48 [15:52<01:47, 15.40s/it]
[04:01:25] adaptive rollouts 192/192:  88%|███████████████████████████████████████████████████████████████████████████████████████████████████████████████████████████████████████████████████████████████████████████████████████▊                          | 42/48 [15:55<01:11, 11.84s/it]
[04:01:26] adaptive rollouts 192/192:  90%|████████████████████████████████████████████████████████████████████████████████████████████████████████████████████████████████████████████████████████████████████████████████████████████▏                     | 43/48 [15:56<00:42,  8.55s/it]
[04:01:43] adaptive rollouts 192/192:  92%|████████████████████████████████████████████████████████████████████████████████████████████████████████████████████████████████████████████████████████████████████████████████████████████████▌                 | 44/48 [16:13<00:44, 11.06s/it]
[04:01:46] adaptive rollouts 192/192:  94%|████████████████████████████████████████████████████████████████████████████████████████████████████████████████████████████████████████████████████████████████████████████████████████████████████▉             | 45/48 [16:16<00:25,  8.58s/it]
[04:02:10] evaluating:  96%|█████████████████████████████████████████████████████████████████████████████████████████████████████████████████████████████████████████████████████████████████████████████████████████████████████████████████████▏       | 494/512 [3:01:50<05:31, 18.39s/it]
[04:03:13] evaluating:  97%|██████████████████████████████████████████████████████████████████████████████████████████████████████████████████████████████████████████████████████████████████████████████████████████████████████████████████████       | 496/512 [3:02:53<06:30, 24.39s/it]
[04:07:57] adaptive rollouts 192/192: 100%|██████████████████████████████████████████████████████████████████████████████████████████████████████████████████████████████████████████████████████████████████████████████████████████████████████████████████| 48/48 [22:28<00:00, 28.09s/it]
[04:07:57] [step 1] coder format recovery skipped: 422/512 complete blocks (at least 50%); 90 incomplete original(s) retain failure reward
[04:10:03] evaluating:  97%|█████████████████████████████████████████████████████████████████████████████████████████████████████████████████████████████████████████████████████████████████████████████████████████████████████████████████████▌      | 497/512 [3:09:43<34:58, 139.91s/it]
[04:11:51] vllm reference logprobs:  12%|██████████████████████████▍                                                                                                                                                                                        | 64/512 [03:53<27:11,  3.64s/it]
[04:11:51] vllm reference logprobs:  38%|██████████████████████████████████████████████████████████████████████████████▊                                                                                                                                   | 192/512 [03:53<05:02,  1.06it/s]
[04:11:52] vllm reference logprobs:  62%|███████████████████████████████████████████████████████████████████████████████████████████████████████████████████████████████████▎                                                                              | 320/512 [03:54<01:29,  2.15it/s]
[04:11:53] vllm reference logprobs:  75%|█████████████████████████████████████████████████████████████████████████████████████████████████████████████████████████████████████████████████████████████▌                                                    | 384/512 [03:55<00:44,  2.91it/s]
[04:11:53] vllm reference logprobs:  88%|███████████████████████████████████████████████████████████████████████████████████████████████████████████████████████████████████████████████████████████████████████████████████████▊                          | 448/512 [03:55<00:15,  4.01it/s]
[04:11:54] vllm reference logprobs: 100%|██████████████████████████████████████████████████████████████████████████████████████████████████████████████████████████████████████████████████████████████████████████████████████████████████████████████████| 512/512 [03:56<00:00,  2.17it/s]
[04:11:54] [step 1] vLLM logprobs: rollout 512/512, reference 512/512 in 236.9s (HF exact reference fallbacks: 0; CPU evaluations completed during scoring: 496->497)
[04:11:57] [gpu] keeping trainer replicas offloaded until the adapter update
[04:11:57] [train-process] restoring 8 process trainers while CPU evaluation continues
[04:12:51] [step 1] entropic evaluation/training overlap started; 15/512 CPU evaluations still pending
[04:12:51] [step 1] entropic overlap: group 0 reward-complete; queued 64 examples to all GPUs; 15/512 CPU evaluations still pending
[04:12:51] [train-memory] cuda:5: starting long-sequence mode (gradient checkpointing, CPU activation offload, reserved GPU headroom)
[04:12:51] [train-memory] cuda:2: starting long-sequence mode (gradient checkpointing, CPU activation offload, reserved GPU headroom)
[04:12:52] [step 1] entropic overlap: group 1 reward-complete; queued 64 examples to all GPUs; 15/512 CPU evaluations still pending
[04:12:52] [step 1] entropic overlap: group 2 reward-complete; queued 64 examples to all GPUs; 15/512 CPU evaluations still pending
[04:12:52] [step 1] entropic overlap: group 3 reward-complete; queued 64 examples to all GPUs; 15/512 CPU evaluations still pending
[04:12:52] [step 1] entropic overlap: group 4 reward-complete; queued 64 examples to all GPUs; 15/512 CPU evaluations still pending
[04:12:53] [step 1] entropic overlap: group 5 reward-complete; queued 64 examples to all GPUs; 15/512 CPU evaluations still pending
[04:12:53] [step 1] entropic overlap: group 7 reward-complete; queued 64 examples to all GPUs; 15/512 CPU evaluations still pending
[04:19:59] [step 1] entropic overlap: group 6 reward-complete; queued 64 examples to all GPUs; 0/512 CPU evaluations still pending
[04:19:59] [step 1] entropic overlap queued 512 examples (old logprobs 512/512, reference 512/512); backward continues while rollout artifacts are processed; optimizer step deferred
[04:19:59] evaluating: 100%|█████████████████████████████████████████████████████████████████████████████████████████████████████████████████████████████████████████████████████████████████████████████████████████████████████████████████████████████| 512/512 [3:19:39<00:00, 23.40s/it]
[04:19:59] [step 1] rollout phase 2 complete parent 0/fold 0: hurdle expected-best; evaluated 24 phase-2 rollouts
[04:19:59] [step 1]   strategy 0: mean=1.575129228, variance=1.654021391, valid=6/10, improved=6/10, posterior-improve=0.583333, initial-EI=6.4657787e-07, phase2=24, total=34, [38;5;208mpilot best raw C₅ bound=0.380917492[0m [93m--> best raw after new rollouts C₅ bound=0.380917492[0m
[04:19:59] [step 1]   strategy 1: mean=2.362661893, variance=0.620241247, valid=9/10, improved=7/10, posterior-improve=0.666667, initial-EI=2.93151173e-07, phase2=0, total=10, [38;5;208mpilot best raw C₅ bound=0.380918528[0m
[04:19:59] [step 1]   strategy 2: mean=2.037635967, variance=1.072191024, valid=8/10, improved=7/10, posterior-improve=0.666667, initial-EI=8.99758059e-08, phase2=0, total=10, [38;5;208mpilot best raw C₅ bound=0.380920090[0m
[04:19:59] [step 1]   strategy 3: mean=1.518479761, variance=1.563915196, valid=6/10, improved=5/10, posterior-improve=0.500000, initial-EI=5.24690942e-08, phase2=0, total=10, [38;5;208mpilot best raw C₅ bound=0.380921381[0m
[04:19:59] [step 1] rollout phase 2 complete parent 1/fold 0: hurdle expected-best; evaluated 24 phase-2 rollouts
[04:19:59] [step 1]   strategy 0: mean=1.512558754, variance=1.557786989, valid=6/10, improved=3/10, posterior-improve=0.333333, initial-EI=4.05301887e-07, phase2=0, total=10, [38;5;208mpilot best raw C₅ bound=0.380926663[0m
[04:19:59] [step 1]   strategy 1: mean=0.525023757, variance=1.102599782, valid=2/10, improved=1/10, posterior-improve=0.166667, initial-EI=1.08722916e-07, phase2=0, total=10, [38;5;208mpilot best raw C₅ bound=0.380935019[0m
[04:19:59] [step 1]   strategy 2: mean=0.787261158, variance=1.446154159, valid=3/10, improved=2/10, posterior-improve=0.250000, initial-EI=1.10068774e-07, phase2=0, total=10, [38;5;208mpilot best raw C₅ bound=0.380931549[0m
[04:19:59] [step 1]   strategy 3: mean=1.250054647, variance=1.593900290, valid=5/10, improved=2/10, posterior-improve=0.250000, initial-EI=6.80484703e-07, phase2=24, total=34, [38;5;208mpilot best raw C₅ bound=0.380924705[0m [93m--> best raw after new rollouts C₅ bound=0.380924705[0m
[04:19:59] [step 1] rollout phase 2 complete parent 2/fold 0: hurdle expected-best; evaluated 24 phase-2 rollouts
[04:19:59] [step 1]   strategy 0: mean=1.837400756, variance=1.446874944, valid=7/10, improved=2/10, posterior-improve=0.250000, initial-EI=1.65099943e-08, phase2=0, total=10, [38;5;208mpilot best raw C₅ bound=0.380972936[0m
[04:19:59] [step 1]   strategy 1: mean=1.311892633, variance=1.721063463, valid=5/10, improved=0/10, posterior-improve=0.083333, initial-EI=1.65099943e-08, phase2=0, total=10, [38;5;208mpilot best raw C₅ bound=0.380972950[0m
[04:19:59] [step 1]   strategy 2: mean=1.837402903, variance=1.446878326, valid=7/10, improved=4/10, posterior-improve=0.416667, initial-EI=1.65099943e-08, phase2=0, total=10, [38;5;208mpilot best raw C₅ bound=0.380970955[0m
[04:19:59] [step 1]   strategy 3: mean=1.512458010, variance=1.557562837, valid=6/10, improved=2/10, posterior-improve=0.250000, initial-EI=1.48589949e-07, phase2=24, total=34, [38;5;208mpilot best raw C₅ bound=0.380931027[0m [93m--> best raw after new rollouts C₅ bound=0.380931027[0m
[04:19:59] [step 1] rollout phase 2 complete parent 3/fold 0: hurdle expected-best; evaluated 24 phase-2 rollouts
[04:19:59] [step 1]   strategy 0: mean=2.059919884, variance=1.067854818, valid=8/10, improved=5/10, posterior-improve=0.500000, initial-EI=1.94976425e-06, phase2=0, total=10, [38;5;208mpilot best raw C₅ bound=0.380928600[0m
[04:19:59] [step 1]   strategy 1: mean=1.756435430, variance=1.378302207, valid=7/10, improved=1/10, posterior-improve=0.166667, initial-EI=5.47597666e-07, phase2=0, total=10, [38;5;208mpilot best raw C₅ bound=0.380979896[0m
[04:19:59] [step 1]   strategy 2: mean=2.086613416, variance=1.090050052, valid=8/10, improved=5/10, posterior-improve=0.500000, initial-EI=6.26241399e-06, phase2=24, total=34, [38;5;208mpilot best raw C₅ bound=0.380922451[0m [93m--> best raw after new rollouts C₅ bound=0.380922451[0m
[04:19:59] [step 1]   strategy 3: mean=1.567834442, variance=1.638978185, valid=6/10, improved=2/10, posterior-improve=0.250000, initial-EI=5.49348867e-07, phase2=0, total=10, [38;5;208mpilot best raw C₅ bound=0.380960595[0m
[04:19:59] [step 1] rollout phase 2 complete parent 4/fold 0: hurdle expected-best; evaluated 24 phase-2 rollouts
[04:19:59] [step 1]   strategy 0: mean=1.837311072, variance=1.446733705, valid=7/10, improved=5/10, posterior-improve=0.500000, initial-EI=6.28952064e-07, phase2=0, total=10, [38;5;208mpilot best raw C₅ bound=0.380982309[0m
[04:19:59] [step 1]   strategy 1: mean=1.574841855, variance=1.653417913, valid=6/10, improved=5/10, posterior-improve=0.500000, initial-EI=8.72092535e-07, phase2=24, total=34, [38;5;208mpilot best raw C₅ bound=0.380981332[0m [93m--> best raw after new rollouts C₅ bound=0.380981332[0m
[04:19:59] [step 1]   strategy 2: mean=1.837291030, variance=1.446702141, valid=7/10, improved=2/10, posterior-improve=0.250000, initial-EI=1.07241046e-07, phase2=0, total=10, [38;5;208mpilot best raw C₅ bound=0.380992774[0m
[04:19:59] [step 1]   strategy 3: mean=1.574818464, variance=1.653368796, valid=6/10, improved=0/10, posterior-improve=0.083333, initial-EI=1.07219043e-07, phase2=0, total=10, [38;5;208mpilot best raw C₅ bound=0.380996285[0m
[04:19:59] [step 1] rollout phase 2 complete parent 5/fold 0: hurdle expected-best; evaluated 24 phase-2 rollouts
[04:19:59] [step 1]   strategy 0: mean=1.574831753, variance=1.653396707, valid=6/10, improved=4/10, posterior-improve=0.416667, initial-EI=1.17157982e-06, phase2=0, total=10, [38;5;208mpilot best raw C₅ bound=0.380972184[0m
[04:19:59] [step 1]   strategy 1: mean=2.099727600, variance=1.102214007, valid=8/10, improved=5/10, posterior-improve=0.500000, initial-EI=2.190033e-06, phase2=24, total=34, [38;5;208mpilot best raw C₅ bound=0.380967410[0m [93m--> best raw after new rollouts C₅ bound=0.380959179[0m
[04:19:59] [step 1]   strategy 2: mean=1.574796530, variance=1.653322747, valid=6/10, improved=4/10, posterior-improve=0.416667, initial-EI=1.11749049e-06, phase2=0, total=10, [38;5;208mpilot best raw C₅ bound=0.380972236[0m
[04:19:59] [step 1]   strategy 3: mean=1.574784773, variance=1.653298061, valid=6/10, improved=3/10, posterior-improve=0.333333, initial-EI=1.1065635e-06, phase2=0, total=10, [38;5;208mpilot best raw C₅ bound=0.380972236[0m
[04:19:59] [step 1] rollout phase 2 complete parent 6/fold 0: hurdle expected-best; evaluated 24 phase-2 rollouts
[04:19:59] [step 1]   strategy 0: mean=1.562272167, variance=1.628422159, valid=6/10, improved=5/10, posterior-improve=0.500000, initial-EI=1.71247685e-10, phase2=0, total=10, [38;5;208mpilot best raw C₅ bound=0.381018468[0m
[04:19:59] [step 1]   strategy 1: mean=1.460375723, variance=1.521788247, valid=6/10, improved=3/10, posterior-improve=0.333333, initial-EI=1.71247685e-10, phase2=0, total=10, [38;5;208mpilot best raw C₅ bound=0.381018458[0m
[04:19:59] [step 1]   strategy 2: mean=2.357369877, variance=0.617663985, valid=9/10, improved=7/10, posterior-improve=0.666667, initial-EI=1.71247685e-10, phase2=0, total=10, [38;5;208mpilot best raw C₅ bound=0.381017609[0m
[04:19:59] [step 1]   strategy 3: mean=1.574732237, variance=1.653187745, valid=6/10, improved=6/10, posterior-improve=0.583333, initial-EI=3.76744908e-09, phase2=24, total=34, [38;5;208mpilot best raw C₅ bound=0.381010452[0m [93m--> best raw after new rollouts C₅ bound=0.381008881[0m
[04:19:59] [step 1] rollout phase 2 complete parent 7/fold 0: hurdle expected-best; evaluated 24 phase-2 rollouts
[04:19:59] [step 1]   strategy 0: mean=0.787355772, variance=1.446501261, valid=3/10, improved=0/10, posterior-improve=0.083333, initial-EI=2.36557738e-07, phase2=0, total=10, [38;5;208mpilot best raw C₅ bound=0.381022154[0m
[04:19:59] [step 1]   strategy 1: mean=1.312367144, variance=1.722307536, valid=5/10, improved=4/10, posterior-improve=0.416667, initial-EI=2.60209741e-06, phase2=24, total=34, [38;5;208mpilot best raw C₅ bound=0.380945799[0m [93m--> best raw after new rollouts C₅ bound=0.380945799[0m
[04:19:59] [step 1]   strategy 2: mean=1.312311926, variance=1.722162596, valid=5/10, improved=4/10, posterior-improve=0.416667, initial-EI=2.36595445e-07, phase2=0, total=10, [38;5;208mpilot best raw C₅ bound=0.380987481[0m
[04:19:59] [step 1]   strategy 3: mean=1.049808961, variance=1.653148283, valid=4/10, improved=2/10, posterior-improve=0.250000, initial-EI=2.36557738e-07, phase2=0, total=10, [38;5;208mpilot best raw C₅ bound=0.381020354[0m
[04:19:59]   group 0: rewards min=0.000000000 mean=1.775905620 max=2.625240360  valid=44/64  beta=27125.467869912
[04:19:59]   group 1: rewards min=0.000000000 mean=1.128511390 max=2.625190646  valid=28/64  beta=1.414914959
[04:19:59]   group 2: rewards min=0.000000000 mean=1.712721352 max=2.625147082  valid=42/64  beta=7232.108916971
[04:20:00]   group 3: rewards min=0.000000000 mean=1.899237224 max=2.625206185  valid=47/64  beta=3575.803860083
[04:20:00]   group 4: rewards min=0.000000000 mean=1.753717528 max=2.624800454  valid=43/64  beta=17856.205339823
[04:20:00]   group 5: rewards min=0.000000000 mean=1.548636202 max=2.624953087  valid=38/64  beta=3742.683586192
[04:20:00]   group 6: rewards min=0.000000000 mean=1.906853143 max=2.624610665  valid=47/64  beta=32300.475706221
[04:20:00]   group 7: rewards min=0.000000000 mean=1.148260611 max=2.625045286  valid=28/64  beta=1.451791003
[04:20:00] [step 1] saved 512 rollout .txt/.meta.json pairs before adapter update
[04:20:00] [step 1] rollout+eval+overlapped-backward wall time: 11980.5s  training examples: 512  new children: 317
[04:20:00] [step 1] strategy archive: valid=317, unique-new=317, top-2/strategy=64, survived parent-top-8/global-cap=64
[04:20:00] [92m[step 1] best-ever raw C₅ bound: 0.380917492 (lower is better; reward=2.625240360, found step=1)  ★ NEW RUN BEST[0m
[04:20:00] [step 1] starting adapter training; rollout artifacts are already on disk
[04:21:46] [train-memory] cuda:4: starting long-sequence mode (gradient checkpointing, CPU activation offload, reserved GPU headroom)
[04:22:19] [train-memory] cuda:4: starting long-sequence mode (gradient checkpointing, reserved GPU headroom)
[04:24:40] [train-memory] cuda:5: starting long-sequence mode (gradient checkpointing, CPU activation offload, reserved GPU headroom)
[04:24:42] [train-memory] cuda:3: starting long-sequence mode (gradient checkpointing, CPU activation offload, reserved GPU headroom)
[04:24:42] [train-memory] cuda:4: starting long-sequence mode (gradient checkpointing, CPU activation offload, reserved GPU headroom)
[04:25:15] [train-memory] cuda:4: starting long-sequence mode (gradient checkpointing, reserved GPU headroom)
[04:25:32] [train-memory] cuda:5: starting long-sequence mode (gradient checkpointing, reserved GPU headroom)
[04:25:33] [train-memory] cuda:3: starting long-sequence mode (gradient checkpointing, reserved GPU headroom)
[04:27:37] [train-memory] cuda:6: starting long-sequence mode (gradient checkpointing, CPU activation offload, reserved GPU headroom)
[04:27:37] [train-memory] cuda:0: starting long-sequence mode (gradient checkpointing, CPU activation offload, reserved GPU headroom)
[04:28:08] [train-memory] cuda:0: starting long-sequence mode (gradient checkpointing, reserved GPU headroom)
[04:28:12] [train-memory] cuda:6: starting long-sequence mode (gradient checkpointing, reserved GPU headroom)
[04:30:36] [train-memory] cuda:0: starting long-sequence mode (gradient checkpointing, CPU activation offload, reserved GPU headroom)
[04:30:37] [train-memory] cuda:3: starting long-sequence mode (gradient checkpointing, CPU activation offload, reserved GPU headroom)
[04:31:19] [train-memory] cuda:3: starting long-sequence mode (gradient checkpointing, reserved GPU headroom)
[04:31:20] [train-memory] cuda:0: starting long-sequence mode (gradient checkpointing, reserved GPU headroom)
[04:33:34] [train-memory] cuda:2: starting long-sequence mode (gradient checkpointing, CPU activation offload, reserved GPU headroom)
[04:33:35] [train-memory] cuda:4: starting long-sequence mode (gradient checkpointing, CPU activation offload, reserved GPU headroom)
[04:33:35] [train-memory] cuda:7: starting long-sequence mode (gradient checkpointing, CPU activation offload, reserved GPU headroom)
[04:33:35] [train-memory] cuda:6: starting long-sequence mode (gradient checkpointing, CPU activation offload, reserved GPU headroom)
[04:34:06] [train-memory] cuda:6: starting long-sequence mode (gradient checkpointing, reserved GPU headroom)
[04:34:07] [train-memory] cuda:7: starting long-sequence mode (gradient checkpointing, reserved GPU headroom)
[04:34:08] [train-memory] cuda:4: starting long-sequence mode (gradient checkpointing, reserved GPU headroom)
[04:34:09] [train-memory] cuda:2: starting long-sequence mode (gradient checkpointing, reserved GPU headroom)
[04:36:42] [train-process] trained examples/GPU=[64, 65, 65, 64, 63, 64, 64, 63]; backward batches/GPU=[64, 65, 65, 64, 63, 64, 64, 63]; final padded-token budgets/GPU=[262144, 262144, 262144, 262144, 262144, 262144, 262144, 262144]; peak memory/GPU=[95.8, 95.9, 94.4, 95.5, 95.6, 94.3, 95.9, 96.0]%; allocator caps/GPU=[92.9, 92.8, 92.6, 92.9, 92.9, 92.8, 92.9, 92.9]%
[04:36:42] [step 1] train time: 1430.1s  avg loss: -0.000076074  avg logpi_theta - logpi_base: -0.000084371  IS ratio mean=1.000013812 max=11.153  OOM-quarantined=0 (forward/backward overlapped CPU evaluation)
[04:36:42] [step 1] best so far: value=2.625240360 raw=0.380917492  (step total 12982.7s, archive=136)
[04:36:42] [step 1] TOTAL TRAINING TIME: 1430.1s  (run cumulative 2662.5s)
[04:36:59] [step 1] coder entropy: 0.213474 nats; measured 512/512 rollouts (8536211/8536211 response tokens); updated entropy.jsonl, entropy.pdf, strategy_diversity.svg
[04:37:00] [checkpoint] removed 1 superseded adapter snapshot(s); retained adapter_step001
[04:37:00] [checkpoint] completed step 1; resume at step 2

[04:37:00] [step 2] parents picked: 8
[04:37:00]   parent 0 [expanded]  value=2.625240360  n=0  Q=2.625240360  P=0.014598540  bonus=0.058535035  score=2.683775396
[04:37:00]   parent 1 [expanded]  value=2.625233223  n=0  Q=2.625233223  P=0.014491198  bonus=0.058104631  score=2.683337854
[04:37:00]   parent 2 [expanded]  value=2.625233221  n=0  Q=2.625233221  P=0.014383856  bonus=0.057674226  score=2.682907447
[04:37:00]   parent 3 [expanded]  value=2.625224800  n=0  Q=2.625224800  P=0.014276514  bonus=0.057243821  score=2.682468621
[04:37:00]   parent 4 [expanded]  value=2.625222457  n=0  Q=2.625222457  P=0.014169171  bonus=0.056813417  score=2.682035874
[04:37:00]   parent 5 [expanded]  value=2.625213556  n=0  Q=2.625213556  P=0.014061829  bonus=0.056383012  score=2.681596568
[04:37:00]   parent 6 [expanded]  value=2.625213556  n=0  Q=2.625213556  P=0.013954487  bonus=0.055952607  score=2.681166163
[04:37:00]   parent 7 [expanded]  value=2.625213555  n=0  Q=2.625213555  P=0.013847145  bonus=0.055522203  score=2.680735758
[04:37:00] evaluating:   0%|                                                                                                                                                                                                                                         | 0/512 [00:00<?, ?it/s]
[04:38:15] strategies pipelined:   0%|                                                                                                                                                                                                                                | 0/32 [00:00<?, ?it/s]
[04:39:42] strategies pipelined:   3%|██████▊                                                                                                                                                                                                                 | 1/32 [01:27<45:03, 87.22s/it]
[04:39:44] strategies pipelined:   6%|█████████████▌                                                                                                                                                                                                          | 2/32 [01:29<18:36, 37.21s/it]
[04:40:05] strategies pipelined:   9%|████████████████████▎                                                                                                                                                                                                   | 3/32 [01:50<14:25, 29.84s/it]
[04:40:08] strategies pipelined:  12%|███████████████████████████                                                                                                                                                                                             | 4/32 [01:53<08:57, 19.18s/it]
[04:40:11] strategies pipelined:  16%|█████████████████████████████████▊                                                                                                                                                                                      | 5/32 [01:56<05:58, 13.29s/it]
[04:40:21] strategies pipelined:  19%|████████████████████████████████████████▌                                                                                                                                                                               | 6/32 [02:06<05:15, 12.15s/it]
[04:41:04] strategies pipelined:  22%|███████████████████████████████████████████████▎                                                                                                                                                                        | 7/32 [02:49<09:16, 22.26s/it]
[04:41:09] strategies pipelined:  25%|██████████████████████████████████████████████████████                                                                                                                                                                  | 8/32 [02:54<06:40, 16.70s/it]
[04:41:31] strategies pipelined:  28%|████████████████████████████████████████████████████████████▊                                                                                                                                                           | 9/32 [03:15<07:00, 18.30s/it]
[04:42:04] strategies pipelined:  31%|███████████████████████████████████████████████████████████████████▏                                                                                                                                                   | 10/32 [03:49<08:24, 22.94s/it]
[04:42:17] [warn] strategy 2, chain 4: missing complete final strategy; format retry 1/3 with unchanged reasoning/sampling
[04:42:56] strategies pipelined:  34%|█████████████████████████████████████████████████████████████████████████▉                                                                                                                                             | 11/32 [03:58<06:33, 18.75s/it]
[04:42:56] strategies pipelined:  38%|████████████████████████████████████████████████████████████████████████████████▋                                                                                                                                      | 12/32 [04:41<08:43, 26.18s/it]
[04:43:08] strategies pipelined:  41%|███████████████████████████████████████████████████████████████████████████████████████▎                                                                                                                               | 13/32 [04:52<06:50, 21.60s/it]
[04:43:17] strategies pipelined:  44%|██████████████████████████████████████████████████████████████████████████████████████████████                                                                                                                         | 14/32 [05:02<05:23, 17.96s/it]
[04:44:02] [warn] strategy 3, chain 8: missing complete final strategy; format retry 1/3 with unchanged reasoning/sampling
[04:44:24] strategies pipelined:  47%|████████████████████████████████████████████████████████████████████████████████████████████████████▊                                                                                                                  | 15/32 [05:11<04:21, 15.37s/it]
[04:44:24] strategies pipelined:  50%|███████████████████████████████████████████████████████████████████████████████████████████████████████████▌                                                                                                           | 16/32 [06:09<07:28, 28.05s/it]
[04:45:21] [warn] strategy 3, chain 3: missing complete final strategy; format retry 1/3 with unchanged reasoning/sampling
[04:45:25] strategies pipelined:  53%|██████████████████████████████████████████████████████████████████████████████████████████████████████████████████▏                                                                                                    | 17/32 [06:12<05:09, 20.61s/it]
[04:45:32] [warn] strategy 3, chain 7: missing complete final strategy; format retry 1/3 with unchanged reasoning/sampling
[04:45:54] strategies pipelined:  56%|████████████████████████████████████████████████████████████████████████████████████████████████████████████████████████▉                                                                                              | 18/32 [07:09<07:23, 31.70s/it]
[04:45:54] strategies pipelined:  59%|███████████████████████████████████████████████████████████████████████████████████████████████████████████████████████████████▋                                                                                       | 19/32 [07:38<06:41, 30.89s/it]
[04:46:00] strategies pipelined:  62%|██████████████████████████████████████████████████████████████████████████████████████████████████████████████████████████████████████▍                                                                                | 20/32 [07:45<04:41, 23.46s/it]
[04:46:19] strategies pipelined:  66%|█████████████████████████████████████████████████████████████████████████████████████████████████████████████████████████████████████████████                                                                          | 21/32 [08:04<04:04, 22.24s/it]
[04:46:31] strategies pipelined:  69%|███████████████████████████████████████████████████████████████████████████████████████████████████████████████████████████████████████████████████▊                                                                   | 22/32 [08:15<03:09, 18.97s/it]
[04:46:47] strategies pipelined:  72%|██████████████████████████████████████████████████████████████████████████████████████████████████████████████████████████████████████████████████████████▌                                                            | 23/32 [08:31<02:43, 18.15s/it]
[04:46:49] strategies pipelined:  75%|█████████████████████████████████████████████████████████████████████████████████████████████████████████████████████████████████████████████████████████████████▎                                                     | 24/32 [08:34<01:46, 13.32s/it]
[04:47:06] strategies pipelined:  78%|███████████████████████████████████████████████████████████████████████████████████████████████████████████████████████████████████████████████████████████████████████▉                                               | 25/32 [08:50<01:40, 14.30s/it]
[04:47:14] strategies pipelined:  81%|██████████████████████████████████████████████████████████████████████████████████████████████████████████████████████████████████████████████████████████████████████████████▋                                        | 26/32 [08:59<01:15, 12.53s/it]
[04:48:15] strategies pipelined:  88%|████████████████████████████████████████████████████████████████████████████████████████████████████████████████████████████████████████████████████████████████████████████████████████████▏                          | 28/32 [10:00<01:23, 20.93s/it]
[04:48:29] strategies pipelined:  94%|█████████████████████████████████████████████████████████████████████████████████████████████████████████████████████████████████████████████████████████████████████████████████████████████████████████▌             | 30/32 [10:13<00:30, 15.29s/it]
[04:49:00] strategies pipelined:  97%|████████████████████████████████████████████████████████████████████████████████████████████████████████████████████████████████████████████████████████████████████████████████████████████████████████████████▎      | 31/32 [10:44<00:18, 18.73s/it]
[04:49:35] strategies pipelined: 100%|███████████████████████████████████████████████████████████████████████████████████████████████████████████████████████████████████████████████████████████████████████████████████████████████████████████████████████| 32/32 [11:19<00:00, 21.24s/it]
[04:49:36] [gpu] keeping trainer replicas offloaded until the adapter update
[04:49:38] pilot rollouts:   0%|                                                                                                                                                                                                                                     | 0/320 [00:00<?, ?it/s]
[04:56:13] pilot rollouts:   0%|▋                                                                                                                                                                                                                        | 1/320 [06:35<35:00:49, 395.14s/it]
[04:56:43] pilot rollouts:   1%|█▎                                                                                                                                                                                                                       | 2/320 [07:05<15:56:11, 180.41s/it]
[04:56:50] pilot rollouts:   1%|██                                                                                                                                                                                                                        | 3/320 [07:12<8:55:04, 101.27s/it]
[04:57:17] evaluating:   0%|▊                                                                                                                                                                                                                            | 2/512 [20:16<71:07:05, 502.01s/it]
[04:57:30] evaluating:   1%|█▎                                                                                                                                                                                                                           | 3/512 [20:29<39:23:52, 278.65s/it]
[04:57:37] pilot rollouts:   2%|████                                                                                                                                                                                                                       | 6/320 [07:59<3:12:30, 36.78s/it]
[04:58:10] evaluating:   1%|█▋                                                                                                                                                                                                                           | 4/512 [21:09<26:02:07, 184.50s/it]
[04:58:17] evaluating:   1%|██▏                                                                                                                                                                                                                          | 5/512 [21:16<16:59:09, 120.61s/it]
[04:58:34] pilot rollouts:   3%|██████▏                                                                                                                                                                                                                    | 9/320 [08:55<2:04:08, 23.95s/it]
[04:58:34] pilot rollouts:   3%|██████▊                                                                                                                                                                                                                   | 10/320 [08:56<1:26:35, 16.76s/it]
[04:58:46] evaluating:   1%|██▌                                                                                                                                                                                                                           | 6/512 [21:45<12:33:51, 89.39s/it]
[04:58:50] pilot rollouts:   4%|████████▏                                                                                                                                                                                                                 | 12/320 [09:12<1:04:05, 12.49s/it]
[04:58:53] pilot rollouts:   4%|████████▉                                                                                                                                                                                                                   | 13/320 [09:15<48:58,  9.57s/it]
[04:59:02] evaluating:   2%|███▍                                                                                                                                                                                                                           | 8/512 [22:01<6:18:19, 45.04s/it]
[04:59:02] pilot rollouts:   5%|██████████▎                                                                                                                                                                                                                 | 15/320 [09:24<36:23,  7.16s/it]
[04:59:05] pilot rollouts:   5%|███████████                                                                                                                                                                                                                 | 16/320 [09:27<30:00,  5.92s/it]
[04:59:09] evaluating:   2%|███▉                                                                                                                                                                                                                           | 9/512 [22:09<4:39:46, 33.37s/it]
[04:59:24] evaluating:   2%|████▎                                                                                                                                                                                                                         | 10/512 [22:23<3:51:14, 27.64s/it]
[04:59:26] pilot rollouts:   6%|█████████████                                                                                                                                                                                                               | 19/320 [09:48<40:03,  7.99s/it]
[04:59:37] pilot rollouts:   6%|█████████████▊                                                                                                                                                                                                              | 20/320 [09:59<43:48,  8.76s/it]
[04:59:43] pilot rollouts:   7%|██████████████▍                                                                                                                                                                                                             | 21/320 [10:05<39:12,  7.87s/it]
[04:59:54] pilot rollouts:   7%|███████████████▏                                                                                                                                                                                                            | 22/320 [10:16<44:38,  8.99s/it]
[04:59:58] pilot rollouts:   7%|███████████████▊                                                                                                                                                                                                            | 23/320 [10:19<35:49,  7.24s/it]
[05:00:11] evaluating:   2%|████▊                                                                                                                                                                                                                         | 11/512 [23:10<4:39:21, 33.46s/it]
[05:00:15] evaluating:   2%|█████▏                                                                                                                                                                                                                        | 12/512 [23:14<3:23:26, 24.41s/it]
[05:00:17] pilot rollouts:   8%|█████████████████▉                                                                                                                                                                                                          | 26/320 [10:39<30:29,  6.22s/it]
[05:00:37] evaluating:   3%|██████▌                                                                                                                                                                                                                       | 15/512 [23:36<1:46:24, 12.85s/it]
[05:00:41] evaluating:   3%|██████▉                                                                                                                                                                                                                       | 16/512 [23:40<1:23:48, 10.14s/it]
[05:01:00] pilot rollouts:   9%|███████████████████▊                                                                                                                                                                                                      | 29/320 [11:22<1:01:59, 12.78s/it]
[05:01:01] evaluating:   3%|███████▎                                                                                                                                                                                                                      | 17/512 [24:00<1:47:06, 12.98s/it]
[05:01:12] evaluating:   4%|███████▊                                                                                                                                                                                                                      | 18/512 [24:12<1:43:52, 12.62s/it]
[05:01:28] pilot rollouts:  10%|██████████████████████                                                                                                                                                                                                      | 32/320 [11:50<56:28, 11.77s/it]
[05:01:52] pilot rollouts:  10%|██████████████████████▍                                                                                                                                                                                                   | 33/320 [12:14<1:15:06, 15.70s/it]
[05:01:56] evaluating:   4%|████████▏                                                                                                                                                                                                                     | 19/512 [24:55<2:59:36, 21.86s/it]
[05:02:00] pilot rollouts:  11%|████████████████████████                                                                                                                                                                                                    | 35/320 [12:22<45:46,  9.64s/it]
[05:02:07] evaluating:   4%|█████████                                                                                                                                                                                                                     | 21/512 [25:06<1:47:46, 13.17s/it]
[05:02:23] evaluating:   4%|█████████▌                                                                                                                                                                                                                    | 22/512 [25:22<1:54:56, 14.08s/it]
[05:02:32] pilot rollouts:  12%|██████████████████████████▏                                                                                                                                                                                                 | 38/320 [12:54<54:46, 11.65s/it]
[05:02:43] pilot rollouts:  12%|██████████████████████████▊                                                                                                                                                                                                 | 39/320 [13:05<54:15, 11.59s/it]
[05:03:08] evaluating:   5%|███████████▎                                                                                                                                                                                                                  | 26/512 [26:07<1:17:13,  9.53s/it]
[05:03:50] pilot rollouts:  13%|███████████████████████████▉                                                                                                                                                                                              | 41/320 [14:12<1:55:52, 24.92s/it]
[05:04:10] pilot rollouts:  13%|████████████████████████████▌                                                                                                                                                                                             | 42/320 [14:32<1:49:08, 23.56s/it]
[05:04:24] pilot rollouts:  13%|█████████████████████████████▎                                                                                                                                                                                            | 43/320 [14:46<1:34:56, 20.57s/it]
[05:05:38] evaluating:   6%|█████████████▍                                                                                                                                                                                                                | 31/512 [28:37<2:28:18, 18.50s/it]
[05:06:07] evaluating:   6%|█████████████▉                                                                                                                                                                                                                | 32/512 [29:06<2:54:18, 21.79s/it]
[05:06:55] evaluating:   6%|██████████████▎                                                                                                                                                                                                               | 33/512 [29:54<3:56:17, 29.60s/it]
[05:07:07] evaluating:   7%|██████████████▋                                                                                                                                                                                                               | 34/512 [30:06<3:12:32, 24.17s/it]
[05:07:52] pilot rollouts:  15%|████████████████████████████████▋                                                                                                                                                                                         | 48/320 [18:14<3:00:06, 39.73s/it]
[05:07:54] pilot rollouts:  15%|█████████████████████████████████▍                                                                                                                                                                                        | 49/320 [18:16<2:08:02, 28.35s/it]
[05:08:20] evaluating:   7%|███████████████▌                                                                                                                                                                                                              | 36/512 [31:19<3:39:35, 27.68s/it]
[05:08:53] pilot rollouts:  16%|██████████████████████████████████▋                                                                                                                                                                                       | 51/320 [19:15<2:15:18, 30.18s/it]
[05:09:04] pilot rollouts:  16%|███████████████████████████████████▍                                                                                                                                                                                      | 52/320 [19:26<1:49:36, 24.54s/it]
[05:09:20] pilot rollouts:  17%|████████████████████████████████████                                                                                                                                                                                      | 53/320 [19:42<1:37:40, 21.95s/it]
[05:09:43] pilot rollouts:  17%|████████████████████████████████████▊                                                                                                                                                                                     | 54/320 [20:05<1:38:19, 22.18s/it]
[05:09:46] pilot rollouts:  17%|█████████████████████████████████████▍                                                                                                                                                                                    | 55/320 [20:08<1:12:44, 16.47s/it]
[05:09:47] evaluating:   7%|████████████████                                                                                                                                                                                                              | 37/512 [32:46<6:00:16, 45.51s/it]
[05:09:48] evaluating:   7%|████████████████▍                                                                                                                                                                                                             | 38/512 [32:47<4:13:24, 32.08s/it]
[05:09:49] pilot rollouts:  18%|███████████████████████████████████████▉                                                                                                                                                                                    | 58/320 [20:11<27:06,  6.21s/it]
[05:10:12] evaluating:   8%|█████████████████▎                                                                                                                                                                                                            | 40/512 [33:11<2:50:24, 21.66s/it]
[05:10:13] pilot rollouts:  19%|█████████████████████████████████████████▎                                                                                                                                                                                  | 60/320 [20:34<42:32,  9.82s/it]
[05:10:36] evaluating:   8%|█████████████████▊                                                                                                                                                                                                            | 41/512 [33:35<2:55:15, 22.33s/it]
[05:11:00] pilot rollouts:  19%|██████████████████████████████████████████▏                                                                                                                                                                               | 62/320 [21:22<1:14:18, 17.28s/it]
[05:11:07] pilot rollouts:  20%|██████████████████████████████████████████▉                                                                                                                                                                               | 63/320 [21:29<1:00:25, 14.11s/it]
[05:11:15] evaluating:   8%|██████████████████▋                                                                                                                                                                                                           | 43/512 [34:14<2:31:10, 19.34s/it]
[05:11:35] evaluating:   9%|███████████████████▉                                                                                                                                                                                                          | 46/512 [34:34<1:29:49, 11.57s/it]
[05:11:50] evaluating:   9%|████████████████████▍                                                                                                                                                                                                         | 47/512 [34:49<1:38:23, 12.70s/it]
[05:12:19] evaluating:  10%|█████████████████████▏                                                                                                                                                                                                        | 49/512 [35:18<1:48:18, 14.04s/it]
[05:12:26] evaluating:  10%|█████████████████████▋                                                                                                                                                                                                        | 50/512 [35:25<1:31:40, 11.91s/it]
[05:12:34] pilot rollouts:  22%|███████████████████████████████████████████████                                                                                                                                                                           | 69/320 [22:56<1:04:21, 15.38s/it]
[05:12:41] pilot rollouts:  22%|████████████████████████████████████████████████▏                                                                                                                                                                           | 70/320 [23:03<53:47, 12.91s/it]
[05:13:22] evaluating:  10%|██████████████████████▌                                                                                                                                                                                                       | 52/512 [36:21<2:32:33, 19.90s/it]
[05:13:28] pilot rollouts:  22%|█████████████████████████████████████████████████                                                                                                                                                                         | 72/320 [23:50<1:23:55, 20.31s/it]
[05:13:31] pilot rollouts:  23%|█████████████████████████████████████████████████▋                                                                                                                                                                        | 73/320 [23:53<1:02:27, 15.17s/it]
[05:13:35] evaluating:  10%|██████████████████████▉                                                                                                                                                                                                       | 53/512 [36:34<2:15:26, 17.70s/it]
[05:13:50] evaluating:  11%|████████████████████████▎                                                                                                                                                                                                     | 56/512 [36:49<1:04:02,  8.43s/it]
[05:13:58] evaluating:  11%|████████████████████████▋                                                                                                                                                                                                     | 57/512 [36:57<1:02:51,  8.29s/it]
[05:14:00] pilot rollouts:  24%|████████████████████████████████████████████████████▉                                                                                                                                                                       | 77/320 [24:22<36:56,  9.12s/it]
[05:15:34] evaluating:  12%|██████████████████████████▍                                                                                                                                                                                                   | 61/512 [38:33<1:55:54, 15.42s/it]
[05:15:52] evaluating:  12%|██████████████████████████▉                                                                                                                                                                                                   | 62/512 [38:51<2:02:22, 16.32s/it]
[05:16:07] pilot rollouts:  25%|██████████████████████████████████████████████████████▌                                                                                                                                                                   | 80/320 [26:29<1:51:20, 27.83s/it]
[05:16:11] evaluating:  12%|███████████████████████████▎                                                                                                                                                                                                  | 63/512 [39:10<2:08:25, 17.16s/it]
[05:16:36] pilot rollouts:  26%|███████████████████████████████████████████████████████▊                                                                                                                                                                  | 82/320 [26:58<1:27:00, 21.93s/it]
[05:16:51] evaluating:  13%|████████████████████████████▌                                                                                                                                                                                                 | 66/512 [39:50<1:35:09, 12.80s/it]
[05:17:10] pilot rollouts:  26%|█████████████████████████████████████████████████████████▏                                                                                                                                                                | 84/320 [27:32<1:21:11, 20.64s/it]
[05:17:22] evaluating:  13%|█████████████████████████████▍                                                                                                                                                                                                | 68/512 [40:21<1:41:55, 13.77s/it]
[05:17:53] evaluating:  13%|█████████████████████████████▉                                                                                                                                                                                                | 69/512 [40:52<2:19:06, 18.84s/it]
[05:17:54] pilot rollouts:  27%|███████████████████████████████████████████████████████████▎                                                                                                                                                              | 87/320 [28:16<1:03:07, 16.26s/it]
[05:17:55] pilot rollouts:  28%|████████████████████████████████████████████████████████████▌                                                                                                                                                               | 88/320 [28:17<45:02, 11.65s/it]
[05:18:18] pilot rollouts:  28%|█████████████████████████████████████████████████████████████▏                                                                                                                                                              | 89/320 [28:40<57:30, 14.94s/it]
[05:18:18] pilot rollouts:  28%|█████████████████████████████████████████████████████████████▉                                                                                                                                                              | 90/320 [28:40<40:26, 10.55s/it]
[05:18:54] evaluating:  15%|████████████████████████████████▊                                                                                                                                                                                               | 75/512 [41:53<58:01,  7.97s/it]
[05:18:59] pilot rollouts:  29%|██████████████████████████████████████████████████████████████▋                                                                                                                                                           | 92/320 [29:21<1:05:53, 17.34s/it]
[05:19:11] evaluating:  15%|████████████████████████████████▉                                                                                                                                                                                             | 76/512 [42:10<1:16:11, 10.49s/it]
[05:19:15] pilot rollouts:  29%|████████████████████████████████████████████████████████████████▋                                                                                                                                                           | 94/320 [29:37<48:53, 12.98s/it]
[05:19:39] evaluating:  15%|█████████████████████████████████▊                                                                                                                                                                                            | 78/512 [42:38<1:24:09, 11.63s/it]
[05:19:47] evaluating:  16%|███████████████████████████████████                                                                                                                                                                                             | 80/512 [42:46<56:44,  7.88s/it]
[05:20:32] evaluating:  16%|███████████████████████████████████                                                                                                                                                                                           | 81/512 [43:31<2:15:27, 18.86s/it]
[05:20:46] evaluating:  16%|███████████████████████████████████▌                                                                                                                                                                                          | 82/512 [43:45<2:04:44, 17.40s/it]
[05:21:24] evaluating:  17%|████████████████████████████████████▊                                                                                                                                                                                         | 85/512 [44:23<1:51:08, 15.62s/it]
[05:21:33] evaluating:  17%|█████████████████████████████████████▎                                                                                                                                                                                        | 86/512 [44:32<1:36:48, 13.64s/it]
[05:21:40] evaluating:  17%|█████████████████████████████████████▋                                                                                                                                                                                        | 87/512 [44:39<1:22:17, 11.62s/it]
[05:21:48] pilot rollouts:  32%|█████████████████████████████████████████████████████████████████████▏                                                                                                                                                   | 102/320 [32:10<1:00:39, 16.69s/it]
[05:22:12] pilot rollouts:  32%|█████████████████████████████████████████████████████████████████████▊                                                                                                                                                   | 103/320 [32:34<1:08:19, 18.89s/it]
[05:22:28] pilot rollouts:  32%|██████████████████████████████████████████████████████████████████████▌                                                                                                                                                  | 104/320 [32:50<1:05:28, 18.19s/it]
[05:22:45] pilot rollouts:  33%|███████████████████████████████████████████████████████████████████████▏                                                                                                                                                 | 105/320 [33:07<1:03:38, 17.76s/it]
[05:22:59] evaluating:  17%|██████████████████████████████████████▏                                                                                                                                                                                       | 88/512 [45:58<3:44:30, 31.77s/it]
[05:23:01] pilot rollouts:  33%|█████████████████████████████████████████████████████████████████████████▏                                                                                                                                                 | 107/320 [33:23<44:42, 12.59s/it]
[05:23:13] evaluating:  18%|███████████████████████████████████████                                                                                                                                                                                       | 90/512 [46:12<2:11:41, 18.72s/it]
[05:23:22] evaluating:  18%|███████████████████████████████████████▍                                                                                                                                                                                      | 91/512 [46:21<1:51:18, 15.86s/it]
[05:23:35] pilot rollouts:  34%|███████████████████████████████████████████████████████████████████████████▎                                                                                                                                               | 110/320 [33:57<45:35, 13.03s/it]
[05:23:40] evaluating:  18%|███████████████████████████████████████▉                                                                                                                                                                                      | 92/512 [46:39<1:54:51, 16.41s/it]
[05:23:43] pilot rollouts:  35%|████████████████████████████████████████████████████████████████████████████▋                                                                                                                                              | 112/320 [34:05<29:05,  8.39s/it]
[05:23:51] evaluating:  19%|█████████████████████████████████████████▌                                                                                                                                                                                      | 95/512 [46:50<53:15,  7.66s/it]
[05:24:22] evaluating:  19%|██████████████████████████████████████████                                                                                                                                                                                    | 97/512 [47:21<1:11:18, 10.31s/it]
[05:24:27] evaluating:  19%|██████████████████████████████████████████▍                                                                                                                                                                                   | 98/512 [47:26<1:01:26,  8.91s/it]
[05:24:29] evaluating:  20%|███████████████████████████████████████████▌                                                                                                                                                                                   | 100/512 [47:28<33:28,  4.87s/it]
[05:24:42] pilot rollouts:  37%|████████████████████████████████████████████████████████████████████████████████                                                                                                                                           | 117/320 [35:04<39:01, 11.53s/it]
[05:24:52] pilot rollouts:  37%|████████████████████████████████████████████████████████████████████████████████▊                                                                                                                                          | 118/320 [35:14<37:26, 11.12s/it]
[05:25:02] pilot rollouts:  37%|█████████████████████████████████████████████████████████████████████████████████▍                                                                                                                                         | 119/320 [35:24<35:41, 10.65s/it]
[05:25:30] evaluating:  20%|███████████████████████████████████████████▌                                                                                                                                                                                 | 101/512 [48:29<2:27:08, 21.48s/it]
[05:26:09] evaluating:  21%|█████████████████████████████████████████████▊                                                                                                                                                                               | 106/512 [49:08<1:17:46, 11.49s/it]
[05:26:16] pilot rollouts:  38%|██████████████████████████████████████████████████████████████████████████████████▋                                                                                                                                      | 122/320 [36:38<1:10:54, 21.49s/it]
[05:26:27] pilot rollouts:  38%|███████████████████████████████████████████████████████████████████████████████████▍                                                                                                                                     | 123/320 [36:49<1:00:46, 18.51s/it]
[05:26:35] evaluating:  21%|██████████████████████████████████████████████▏                                                                                                                                                                              | 107/512 [49:34<1:44:26, 15.47s/it]
[05:27:15] evaluating:  21%|███████████████████████████████████████████████▍                                                                                                                                                                             | 110/512 [50:14<1:36:12, 14.36s/it]
[05:27:22] evaluating:  22%|███████████████████████████████████████████████▉                                                                                                                                                                             | 111/512 [50:21<1:22:22, 12.33s/it]
[05:27:33] pilot rollouts:  40%|██████████████████████████████████████████████████████████████████████████████████████▉                                                                                                                                    | 127/320 [37:55<59:40, 18.55s/it]
[05:27:53] evaluating:  22%|██████████████████████████████████████████████████                                                                                                                                                                             | 115/512 [50:52<47:00,  7.11s/it]
[05:28:04] pilot rollouts:  40%|████████████████████████████████████████████████████████████████████████████████████████▎                                                                                                                                  | 129/320 [38:26<57:27, 18.05s/it]
[05:28:23] evaluating:  23%|███████████████████████████████████████████████████▊                                                                                                                                                                           | 119/512 [51:22<39:19,  6.00s/it]
[05:28:28] evaluating:  23%|████████████████████████████████████████████████████▎                                                                                                                                                                          | 120/512 [51:27<37:15,  5.70s/it]
[05:28:38] evaluating:  24%|█████████████████████████████████████████████████████▏                                                                                                                                                                         | 122/512 [51:37<35:19,  5.43s/it]
[05:29:11] evaluating:  24%|█████████████████████████████████████████████████████                                                                                                                                                                        | 123/512 [52:10<1:28:07, 13.59s/it]
[05:29:51] pilot rollouts:  42%|██████████████████████████████████████████████████████████████████████████████████████████▊                                                                                                                              | 134/320 [40:13<1:25:25, 27.55s/it]
[05:30:57] evaluating:  25%|███████████████████████████████████████████████████████▎                                                                                                                                                                     | 128/512 [53:56<1:40:52, 15.76s/it]
[05:31:01] pilot rollouts:  42%|████████████████████████████████████████████████████████████████████████████████████████████▏                                                                                                                            | 136/320 [41:23<1:42:33, 33.44s/it]
[05:31:05] pilot rollouts:  43%|████████████████████████████████████████████████████████████████████████████████████████████▉                                                                                                                            | 137/320 [41:27<1:14:37, 24.47s/it]
[05:31:12] evaluating:  25%|████████████████████████████████████████████████████████                                                                                                                                                                     | 130/512 [54:11<1:16:45, 12.06s/it]
[05:31:23] evaluating:  26%|████████████████████████████████████████████████████████▌                                                                                                                                                                    | 131/512 [54:22<1:13:37, 11.59s/it]
[05:31:26] pilot rollouts:  44%|███████████████████████████████████████████████████████████████████████████████████████████████▊                                                                                                                           | 140/320 [41:48<39:53, 13.30s/it]
[05:31:38] pilot rollouts:  44%|████████████████████████████████████████████████████████████████████████████████████████████████▍                                                                                                                          | 141/320 [42:00<38:28, 12.90s/it]
[05:32:09] pilot rollouts:  44%|█████████████████████████████████████████████████████████████████████████████████████████████████▏                                                                                                                         | 142/320 [42:31<54:21, 18.33s/it]
[05:32:22] evaluating:  26%|████████████████████████████████████████████████████████▉                                                                                                                                                                    | 132/512 [55:21<2:32:10, 24.03s/it]
[05:32:31] pilot rollouts:  45%|██████████████████████████████████████████████████████████████████████████████████████████████████▌                                                                                                                        | 144/320 [42:53<44:22, 15.13s/it]
[05:32:54] evaluating:  26%|█████████████████████████████████████████████████████████▍                                                                                                                                                                   | 133/512 [55:53<2:46:08, 26.30s/it]
[05:33:03] evaluating:  26%|█████████████████████████████████████████████████████████▊                                                                                                                                                                   | 134/512 [56:02<2:15:18, 21.48s/it]
[05:33:09] pilot rollouts:  46%|████████████████████████████████████████████████████████████████████████████████████████████████████▌                                                                                                                      | 147/320 [43:31<36:05, 12.52s/it]
[05:33:13] evaluating:  26%|██████████████████████████████████████████████████████████▎                                                                                                                                                                  | 135/512 [56:12<1:53:52, 18.12s/it]
[05:33:14] pilot rollouts:  47%|█████████████████████████████████████████████████████████████████████████████████████████████████████▉                                                                                                                     | 149/320 [43:35<20:06,  7.06s/it]
[05:33:21] evaluating:  27%|██████████████████████████████████████████████████████████▋                                                                                                                                                                  | 136/512 [56:20<1:35:06, 15.18s/it]
[05:33:38] evaluating:  27%|███████████████████████████████████████████████████████████▌                                                                                                                                                                 | 138/512 [56:37<1:09:32, 11.16s/it]
[05:34:22] evaluating:  28%|█████████████████████████████████████████████████████████████▊                                                                                                                                                                 | 142/512 [57:21<59:56,  9.72s/it]
[05:34:34] evaluating:  28%|██████████████████████████████████████████████████████████████▋                                                                                                                                                                | 144/512 [57:33<49:25,  8.06s/it]
[05:35:01] evaluating:  29%|███████████████████████████████████████████████████████████████                                                                                                                                                              | 146/512 [58:00<1:03:25, 10.40s/it]
[05:35:45] evaluating:  29%|███████████████████████████████████████████████████████████████▉                                                                                                                                                             | 148/512 [58:44<1:30:03, 14.84s/it]
[05:35:45] pilot rollouts:  49%|█████████████████████████████████████████████████████████████████████████████████████████████████████████▊                                                                                                               | 156/320 [46:07<1:10:29, 25.79s/it]
[05:35:57] evaluating:  29%|████████████████████████████████████████████████████████████████▋                                                                                                                                                            | 150/512 [58:56<1:00:47, 10.08s/it]
[05:36:03] pilot rollouts:  49%|████████████████████████████████████████████████████████████████████████████████████████████████████████████▏                                                                                                              | 158/320 [46:25<45:55, 17.01s/it]
[05:36:14] evaluating:  30%|██████████████████████████████████████████████████████████████████▏                                                                                                                                                            | 152/512 [59:13<52:51,  8.81s/it]
[05:36:28] pilot rollouts:  50%|█████████████████████████████████████████████████████████████████████████████████████████████████████████████▌                                                                                                             | 160/320 [46:50<40:31, 15.20s/it]
[05:36:35] evaluating:  30%|██████████████████████████████████████████████████████████████████                                                                                                                                                           | 153/512 [59:34<1:14:19, 12.42s/it]
[05:36:39] pilot rollouts:  51%|██████████████████████████████████████████████████████████████████████████████████████████████████████████████▊                                                                                                            | 162/320 [47:01<26:35, 10.10s/it]
[05:36:56] evaluating:  30%|██████████████████████████████████████████████████████████████████▍                                                                                                                                                          | 154/512 [59:55<1:29:36, 15.02s/it]
[05:36:58] pilot rollouts:  51%|████████████████████████████████████████████████████████████████████████████████████████████████████████████████▏                                                                                                          | 164/320 [47:20<23:13,  8.93s/it]
[05:37:25] evaluating:  31%|███████████████████████████████████████████████████████████████████▏                                                                                                                                                       | 157/512 [1:00:24<1:05:42, 11.11s/it]
[05:37:42] evaluating:  31%|████████████████████████████████████████████████████████████████████▋                                                                                                                                                        | 159/512 [1:00:41<56:19,  9.57s/it]
[05:38:14] evaluating:  31%|████████████████████████████████████████████████████████████████████▊                                                                                                                                                      | 161/512 [1:01:13<1:07:19, 11.51s/it]
[05:38:15] evaluating:  32%|█████████████████████████████████████████████████████████████████████▉                                                                                                                                                       | 162/512 [1:01:14<49:44,  8.53s/it]
[05:38:16] pilot rollouts:  53%|███████████████████████████████████████████████████████████████████████████████████████████████████████████████████▋                                                                                                       | 169/320 [48:38<30:19, 12.05s/it]
[05:38:22] pilot rollouts:  53%|████████████████████████████████████████████████████████████████████████████████████████████████████████████████████▎                                                                                                      | 170/320 [48:44<25:19, 10.13s/it]
[05:39:53] evaluating:  33%|███████████████████████████████████████████████████████████████████████▍                                                                                                                                                   | 167/512 [1:02:52<1:14:05, 12.89s/it]
[05:39:56] evaluating:  33%|████████████████████████████████████████████████████████████████████████▌                                                                                                                                                    | 168/512 [1:02:55<58:01, 10.12s/it]
[05:40:10] evaluating:  33%|████████████████████████████████████████████████████████████████████████▎                                                                                                                                                  | 169/512 [1:03:09<1:04:33, 11.29s/it]
[05:40:21] pilot rollouts:  54%|███████████████████████████████████████████████████████████████████████████████████████████████████████████████████████                                                                                                    | 174/320 [50:43<53:10, 21.85s/it]
[05:40:58] evaluating:  33%|█████████████████████████████████████████████████████████████████████████▏                                                                                                                                                 | 171/512 [1:03:57<1:40:17, 17.65s/it]
[05:41:11] evaluating:  34%|█████████████████████████████████████████████████████████████████████████▌                                                                                                                                                 | 172/512 [1:04:10<1:31:42, 16.18s/it]
[05:41:15] pilot rollouts:  55%|█████████████████████████████████████████████████████████████████████████████████████████████████████████████████████████▏                                                                                                 | 177/320 [51:37<46:13, 19.40s/it]
[05:41:30] pilot rollouts:  56%|█████████████████████████████████████████████████████████████████████████████████████████████████████████████████████████▊                                                                                                 | 178/320 [51:52<43:15, 18.28s/it]
[05:41:43] pilot rollouts:  56%|██████████████████████████████████████████████████████████████████████████████████████████████████████████████████████████▌                                                                                                | 179/320 [52:05<39:13, 16.69s/it]
[05:41:57] evaluating:  34%|█████████████████████████████████████████████████████████████████████████▉                                                                                                                                                 | 173/512 [1:04:56<2:22:25, 25.21s/it]
[05:42:14] pilot rollouts:  57%|███████████████████████████████████████████████████████████████████████████████████████████████████████████████████████████▊                                                                                               | 181/320 [52:36<38:33, 16.64s/it]
[05:42:22] pilot rollouts:  57%|████████████████████████████████████████████████████████████████████████████████████████████████████████████████████████████▌                                                                                              | 182/320 [52:44<32:14, 14.02s/it]
[05:42:23] pilot rollouts:  57%|█████████████████████████████████████████████████████████████████████████████████████████████████████████████████████████████▏                                                                                             | 183/320 [52:45<23:01, 10.09s/it]
[05:42:30] pilot rollouts:  57%|█████████████████████████████████████████████████████████████████████████████████████████████████████████████████████████████▉                                                                                             | 184/320 [52:52<21:04,  9.30s/it]
[05:42:36] pilot rollouts:  58%|██████████████████████████████████████████████████████████████████████████████████████████████████████████████████████████████▌                                                                                            | 185/320 [52:58<18:28,  8.21s/it]
[05:42:38] pilot rollouts:  58%|███████████████████████████████████████████████████████████████████████████████████████████████████████████████████████████████▎                                                                                           | 186/320 [53:00<14:14,  6.38s/it]
[05:43:04] evaluating:  34%|██████████████████████████████████████████████████████████████████████████▍                                                                                                                                                | 174/512 [1:06:03<3:33:21, 37.88s/it]
[05:43:18] pilot rollouts:  59%|████████████████████████████████████████████████████████████████████████████████████████████████████████████████████████████████▋                                                                                          | 188/320 [53:40<33:02, 15.02s/it]
[05:43:26] evaluating:  34%|██████████████████████████████████████████████████████████████████████████▊                                                                                                                                                | 175/512 [1:06:25<3:05:47, 33.08s/it]
[05:43:46] pilot rollouts:  59%|██████████████████████████████████████████████████████████████████████████████████████████████████████████████████████████████████                                                                                         | 190/320 [54:08<33:20, 15.39s/it]
[05:43:53] pilot rollouts:  60%|██████████████████████████████████████████████████████████████████████████████████████████████████████████████████████████████████▋                                                                                        | 191/320 [54:15<27:33, 12.82s/it]
[05:44:14] evaluating:  35%|███████████████████████████████████████████████████████████████████████████▋                                                                                                                                               | 177/512 [1:07:13<2:30:23, 26.94s/it]
[05:44:19] pilot rollouts:  60%|████████████████████████████████████████████████████████████████████████████████████████████████████████████████████████████████████                                                                                       | 193/320 [54:41<27:34, 13.03s/it]
[05:44:22] evaluating:  35%|████████████████████████████████████████████████████████████████████████████▏                                                                                                                                              | 178/512 [1:07:21<1:58:06, 21.22s/it]
[05:44:38] evaluating:  35%|████████████████████████████████████████████████████████████████████████████▉                                                                                                                                              | 180/512 [1:07:37<1:18:53, 14.26s/it]
[05:45:08] evaluating:  36%|██████████████████████████████████████████████████████████████████████████████▉                                                                                                                                              | 183/512 [1:08:07<57:54, 10.56s/it]
[05:45:09] pilot rollouts:  62%|██████████████████████████████████████████████████████████████████████████████████████████████████████████████████████████████████████▊                                                                                    | 197/320 [55:31<30:03, 14.66s/it]
[05:45:16] evaluating:  36%|███████████████████████████████████████████████████████████████████████████████▍                                                                                                                                             | 184/512 [1:08:15<54:29,  9.97s/it]
[05:45:23] pilot rollouts:  62%|████████████████████████████████████████████████████████████████████████████████████████████████████████████████████████████████████████▏                                                                                  | 199/320 [55:45<21:58, 10.90s/it]
[05:45:27] evaluating:  36%|███████████████████████████████████████████████████████████████████████████████▊                                                                                                                                             | 185/512 [1:08:26<56:25, 10.35s/it]
[05:46:08] pilot rollouts:  63%|█████████████████████████████████████████████████████████████████████████████████████████████████████████████████████████████████████████▌                                                                                 | 201/320 [56:30<36:09, 18.23s/it]
[05:46:33] evaluating:  36%|███████████████████████████████████████████████████████████████████████████████▌                                                                                                                                           | 186/512 [1:09:32<2:26:51, 27.03s/it]
[05:46:39] pilot rollouts:  63%|██████████████████████████████████████████████████████████████████████████████████████████████████████████████████████████████████████████▉                                                                                | 203/320 [57:01<35:13, 18.06s/it]
[05:47:12] pilot rollouts:  64%|███████████████████████████████████████████████████████████████████████████████████████████████████████████████████████████████████████████▌                                                                               | 204/320 [57:34<43:11, 22.34s/it]
[05:47:16] evaluating:  37%|███████████████████████████████████████████████████████████████████████████████▉                                                                                                                                           | 187/512 [1:10:15<2:52:21, 31.82s/it]
[05:47:49] evaluating:  37%|█████████████████████████████████████████████████████████████████████████████████▎                                                                                                                                         | 190/512 [1:10:48<1:32:34, 17.25s/it]
[05:48:08] pilot rollouts:  65%|█████████████████████████████████████████████████████████████████████████████████████████████████████████████████████████████████████████████▋                                                                             | 207/320 [58:30<44:10, 23.46s/it]
[05:48:24] pilot rollouts:  65%|██████████████████████████████████████████████████████████████████████████████████████████████████████████████████████████████████████████████▎                                                                            | 208/320 [58:46<39:17, 21.05s/it]
[05:48:24] evaluating:  37%|█████████████████████████████████████████████████████████████████████████████████▋                                                                                                                                         | 191/512 [1:11:23<2:01:42, 22.75s/it]
[05:48:28] pilot rollouts:  66%|███████████████████████████████████████████████████████████████████████████████████████████████████████████████████████████████████████████████▋                                                                           | 210/320 [58:50<21:15, 11.59s/it]
[05:48:36] pilot rollouts:  66%|████████████████████████████████████████████████████████████████████████████████████████████████████████████████████████████████████████████████▍                                                                          | 211/320 [58:58<19:01, 10.47s/it]
[05:49:06] evaluating:  38%|████████████████████████████████████████████████████████████████████████████████████▏                                                                                                                                        | 195/512 [1:12:05<58:46, 11.12s/it]
[05:49:32] evaluating:  38%|███████████████████████████████████████████████████████████████████████████████████▊                                                                                                                                       | 196/512 [1:12:31<1:21:30, 15.48s/it]
[05:49:57] evaluating:  38%|████████████████████████████████████████████████████████████████████████████████████▎                                                                                                                                      | 197/512 [1:12:56<1:35:50, 18.25s/it]
[05:50:01] pilot rollouts:  67%|█████████████████████████████████████████████████████████████████████████████████████████████████████████████████████████████████████████████████▊                                                                       | 215/320 [1:00:23<34:40, 19.81s/it]
[05:50:03] evaluating:  39%|████████████████████████████████████████████████████████████████████████████████████▋                                                                                                                                      | 198/512 [1:13:02<1:16:02, 14.53s/it]
[05:50:07] pilot rollouts:  68%|███████████████████████████████████████████████████████████████████████████████████████████████████████████████████████████████████████████████████▏                                                                     | 217/320 [1:00:29<19:39, 11.45s/it]
[05:50:27] pilot rollouts:  68%|███████████████████████████████████████████████████████████████████████████████████████████████████████████████████████████████████████████████████▊                                                                     | 218/320 [1:00:49<23:57, 14.09s/it]
[05:50:28] pilot rollouts:  68%|████████████████████████████████████████████████████████████████████████████████████████████████████████████████████████████████████████████████████▌                                                                    | 219/320 [1:00:50<16:45,  9.96s/it]
[05:50:42] evaluating:  39%|█████████████████████████████████████████████████████████████████████████████████████                                                                                                                                      | 199/512 [1:13:41<1:55:18, 22.10s/it]
[05:51:20] evaluating:  39%|█████████████████████████████████████████████████████████████████████████████████████▉                                                                                                                                     | 201/512 [1:14:19<1:47:27, 20.73s/it]
[05:51:24] pilot rollouts:  69%|██████████████████████████████████████████████████████████████████████████████████████████████████████████████████████████████████████████████████████▌                                                                  | 222/320 [1:01:46<28:20, 17.35s/it]
[05:51:53] evaluating:  39%|██████████████████████████████████████████████████████████████████████████████████████▍                                                                                                                                    | 202/512 [1:14:52<2:05:52, 24.36s/it]
[05:52:05] pilot rollouts:  70%|███████████████████████████████████████████████████████████████████████████████████████████████████████████████████████████████████████████████████████▉                                                                 | 224/320 [1:02:27<29:49, 18.64s/it]
[05:52:07] pilot rollouts:  70%|████████████████████████████████████████████████████████████████████████████████████████████████████████████████████████████████████████████████████████▌                                                                | 225/320 [1:02:29<21:30, 13.58s/it]
[05:52:15] evaluating:  40%|███████████████████████████████████████████████████████████████████████████████████████▋                                                                                                                                   | 205/512 [1:15:14<1:01:34, 12.03s/it]
[05:52:30] evaluating:  41%|█████████████████████████████████████████████████████████████████████████████████████████▊                                                                                                                                   | 208/512 [1:15:29<38:24,  7.58s/it]
[05:52:40] pilot rollouts:  71%|██████████████████████████████████████████████████████████████████████████████████████████████████████████████████████████████████████████████████████████▌                                                              | 228/320 [1:03:02<20:28, 13.35s/it]
[05:52:53] pilot rollouts:  72%|███████████████████████████████████████████████████████████████████████████████████████████████████████████████████████████████████████████████████████████▎                                                             | 229/320 [1:03:15<20:17, 13.38s/it]
[05:53:27] evaluating:  41%|█████████████████████████████████████████████████████████████████████████████████████████▊                                                                                                                                 | 210/512 [1:16:26<1:24:11, 16.73s/it]
[05:53:43] evaluating:  41%|██████████████████████████████████████████████████████████████████████████████████████████▎                                                                                                                                | 211/512 [1:16:42<1:23:29, 16.64s/it]
[05:54:00] evaluating:  41%|██████████████████████████████████████████████████████████████████████████████████████████▋                                                                                                                                | 212/512 [1:16:59<1:23:33, 16.71s/it]
[05:54:15] evaluating:  42%|███████████████████████████████████████████████████████████████████████████████████████████                                                                                                                                | 213/512 [1:17:14<1:20:13, 16.10s/it]
[05:54:32] pilot rollouts:  73%|██████████████████████████████████████████████████████████████████████████████████████████████████████████████████████████████████████████████████████████████▋                                                          | 234/320 [1:04:54<25:24, 17.73s/it]
[05:54:57] evaluating:  42%|███████████████████████████████████████████████████████████████████████████████████████████▌                                                                                                                               | 214/512 [1:17:56<1:58:09, 23.79s/it]
[05:56:07] pilot rollouts:  74%|████████████████████████████████████████████████████████████████████████████████████████████████████████████████████████████████████████████████████████████████                                                         | 236/320 [1:06:29<48:44, 34.81s/it]
[05:56:12] pilot rollouts:  74%|████████████████████████████████████████████████████████████████████████████████████████████████████████████████████████████████████████████████████████████████▋                                                        | 237/320 [1:06:33<35:39, 25.77s/it]
[05:56:20] evaluating:  42%|███████████████████████████████████████████████████████████████████████████████████████████▉                                                                                                                               | 215/512 [1:19:20<3:26:51, 41.79s/it]
[05:56:56] evaluating:  43%|█████████████████████████████████████████████████████████████████████████████████████████████▏                                                                                                                             | 218/512 [1:19:55<1:58:41, 24.22s/it]
[05:57:02] evaluating:  43%|█████████████████████████████████████████████████████████████████████████████████████████████▋                                                                                                                             | 219/512 [1:20:01<1:31:16, 18.69s/it]
[05:57:07] pilot rollouts:  75%|███████████████████████████████████████████████████████████████████████████████████████████████████████████████████████████████████████████████████████████████████▍                                                     | 241/320 [1:07:29<22:35, 17.16s/it]
[05:57:44] evaluating:  43%|██████████████████████████████████████████████████████████████████████████████████████████████▉                                                                                                                            | 222/512 [1:20:43<1:03:48, 13.20s/it]
[05:58:22] evaluating:  44%|███████████████████████████████████████████████████████████████████████████████████████████████▍                                                                                                                           | 223/512 [1:21:21<1:39:52, 20.74s/it]
[05:59:34] evaluating:  44%|███████████████████████████████████████████████████████████████████████████████████████████████▊                                                                                                                           | 224/512 [1:22:33<2:53:09, 36.07s/it]
[06:00:15] evaluating:  44%|████████████████████████████████████████████████████████████████████████████████████████████████▏                                                                                                                          | 225/512 [1:23:14<2:59:55, 37.61s/it]
[06:00:24] evaluating:  44%|████████████████████████████████████████████████████████████████████████████████████████████████▋                                                                                                                          | 226/512 [1:23:23<2:18:25, 29.04s/it]
[06:00:45] evaluating:  45%|█████████████████████████████████████████████████████████████████████████████████████████████████▌                                                                                                                         | 228/512 [1:23:44<1:29:31, 18.91s/it]
[06:00:55] pilot rollouts:  78%|████████████████████████████████████████████████████████████████████████████████████████████████████████████████████████████████████████████████████████████████████████▏                                                | 248/320 [1:11:17<31:37, 26.36s/it]
[06:01:10] evaluating:  45%|████████████████████████████████████████████████████████████████████████████████████████████████████▏                                                                                                                        | 232/512 [1:24:09<43:17,  9.28s/it]
[06:01:19] pilot rollouts:  78%|█████████████████████████████████████████████████████████████████████████████████████████████████████████████████████████████████████████████████████████████████████████▌                                               | 250/320 [1:11:41<23:25, 20.08s/it]
[06:01:27] pilot rollouts:  78%|██████████████████████████████████████████████████████████████████████████████████████████████████████████████████████████████████████████████████████████████████████████▏                                              | 251/320 [1:11:49<18:49, 16.37s/it]
[06:01:34] evaluating:  46%|███████████████████████████████████████████████████████████████████████████████████████████████████▋                                                                                                                       | 233/512 [1:24:33<1:03:34, 13.67s/it]
[06:01:37] pilot rollouts:  79%|███████████████████████████████████████████████████████████████████████████████████████████████████████████████████████████████████████████████████████████████████████████▌                                             | 253/320 [1:11:59<11:48, 10.57s/it]
[06:01:52] evaluating:  46%|█████████████████████████████████████████████████████████████████████████████████████████████████████▍                                                                                                                       | 235/512 [1:24:51<52:56, 11.47s/it]
[06:02:04] evaluating:  46%|██████████████████████████████████████████████████████████████████████████████████████████████████████▎                                                                                                                      | 237/512 [1:25:03<37:57,  8.28s/it]
[06:02:18] evaluating:  47%|███████████████████████████████████████████████████████████████████████████████████████████████████████▏                                                                                                                     | 239/512 [1:25:17<34:41,  7.62s/it]
[06:02:26] evaluating:  47%|███████████████████████████████████████████████████████████████████████████████████████████████████████▌                                                                                                                     | 240/512 [1:25:25<35:22,  7.80s/it]
[06:02:35] evaluating:  47%|████████████████████████████████████████████████████████████████████████████████████████████████████████                                                                                                                     | 241/512 [1:25:34<37:30,  8.31s/it]
[06:02:40] pilot rollouts:  81%|███████████████████████████████████████████████████████████████████████████████████████████████████████████████████████████████████████████████████████████████████████████████▋                                         | 259/320 [1:13:02<09:50,  9.69s/it]
[06:02:48] evaluating:  48%|█████████████████████████████████████████████████████████████████████████████████████████████████████████▎                                                                                                                   | 244/512 [1:25:47<23:58,  5.37s/it]
[06:03:04] evaluating:  48%|█████████████████████████████████████████████████████████████████████████████████████████████████████████▊                                                                                                                   | 245/512 [1:26:03<38:48,  8.72s/it]
[06:03:40] pilot rollouts:  82%|█████████████████████████████████████████████████████████████████████████████████████████████████████████████████████████████████████████████████████████████████████████████████▋                                       | 262/320 [1:14:02<18:17, 18.92s/it]
[06:03:44] evaluating:  48%|██████████████████████████████████████████████████████████████████████████████████████████████████████████▌                                                                                                                  | 247/512 [1:26:43<56:02, 12.69s/it]
[06:04:11] evaluating:  48%|██████████████████████████████████████████████████████████████████████████████████████████████████████████                                                                                                                 | 248/512 [1:27:10<1:14:46, 16.99s/it]
[06:04:15] evaluating:  49%|███████████████████████████████████████████████████████████████████████████████████████████████████████████▍                                                                                                                 | 249/512 [1:27:14<57:47, 13.19s/it]
[06:04:34] pilot rollouts:  83%|████████████████████████████████████████████████████████████████████████████████████████████████████████████████████████████████████████████████████████████████████████████████████▍                                    | 266/320 [1:14:56<15:15, 16.95s/it]
[06:04:49] evaluating:  49%|██████████████████████████████████████████████████████████████████████████████████████████████████████████▉                                                                                                                | 250/512 [1:27:48<1:24:43, 19.40s/it]
[06:05:07] evaluating:  49%|███████████████████████████████████████████████████████████████████████████████████████████████████████████▎                                                                                                               | 251/512 [1:28:06<1:22:22, 18.94s/it]
[06:05:29] evaluating:  50%|█████████████████████████████████████████████████████████████████████████████████████████████████████████████▋                                                                                                               | 254/512 [1:28:28<49:28, 11.50s/it]
[06:05:49] evaluating:  50%|██████████████████████████████████████████████████████████████████████████████████████████████████████████████▌                                                                                                              | 256/512 [1:28:48<42:38,  9.99s/it]
[06:06:02] evaluating:  50%|██████████████████████████████████████████████████████████████████████████████████████████████████████████████▉                                                                                                              | 257/512 [1:29:01<46:36, 10.97s/it]
[06:06:21] pilot rollouts:  85%|████████████████████████████████████████████████████████████████████████████████████████████████████████████████████████████████████████████████████████████████████████████████████████▍                                | 272/320 [1:16:43<15:37, 19.52s/it]
[06:06:37] evaluating:  51%|████████████████████████████████████████████████████████████████████████████████████████████████████████████████▏                                                                                                            | 260/512 [1:29:36<39:31,  9.41s/it]
[06:06:37] evaluating:  51%|████████████████████████████████████████████████████████████████████████████████████████████████████████████████▋                                                                                                            | 261/512 [1:29:36<28:04,  6.71s/it]
[06:07:28] evaluating:  51%|████████████████████████████████████████████████████████████████████████████████████████████████████████████████▍                                                                                                          | 263/512 [1:30:27<1:02:15, 15.00s/it]
[06:08:03] evaluating:  52%|██████████████████████████████████████████████████████████████████████████████████████████████████████████████████▊                                                                                                          | 266/512 [1:31:02<55:29, 13.53s/it]
[06:08:50] evaluating:  52%|██████████████████████████████████████████████████████████████████████████████████████████████████████████████████▋                                                                                                        | 268/512 [1:31:49<1:07:29, 16.60s/it]
[06:08:59] evaluating:  53%|████████████████████████████████████████████████████████████████████████████████████████████████████████████████████                                                                                                         | 269/512 [1:31:58<58:06, 14.35s/it]
[06:09:00] pilot rollouts:  87%|█████████████████████████████████████████████████████████████████████████████████████████████████████████████████████████████████████████████████████████████████████████████████████████████▏                           | 279/320 [1:19:22<14:39, 21.45s/it]
[06:09:05] pilot rollouts:  88%|█████████████████████████████████████████████████████████████████████████████████████████████████████████████████████████████████████████████████████████████████████████████████████████████▉                           | 280/320 [1:19:27<10:53, 16.33s/it]
[06:09:06] evaluating:  53%|████████████████████████████████████████████████████████████████████████████████████████████████████████████████████▌                                                                                                        | 270/512 [1:32:05<48:50, 12.11s/it]
[06:09:19] evaluating:  53%|████████████████████████████████████████████████████████████████████████████████████████████████████████████████████▉                                                                                                        | 271/512 [1:32:18<49:56, 12.44s/it]
[06:09:40] evaluating:  53%|█████████████████████████████████████████████████████████████████████████████████████████████████████████████████████▊                                                                                                       | 273/512 [1:32:39<44:04, 11.06s/it]
[06:09:52] evaluating:  54%|██████████████████████████████████████████████████████████████████████████████████████████████████████████████████████▋                                                                                                      | 275/512 [1:32:51<31:59,  8.10s/it]
[06:10:01] evaluating:  54%|███████████████████████████████████████████████████████████████████████████████████████████████████████████████████████▏                                                                                                     | 276/512 [1:33:00<33:55,  8.62s/it]
[06:10:04] pilot rollouts:  89%|█████████████████████████████████████████████████████████████████████████████████████████████████████████████████████████████████████████████████████████████████████████████████████████████████▉                       | 286/320 [1:20:26<05:57, 10.50s/it]
[06:10:50] evaluating:  54%|██████████████████████████████████████████████████████████████████████████████████████████████████████████████████████▍                                                                                                    | 277/512 [1:33:49<1:21:09, 20.72s/it]
[06:11:00] evaluating:  54%|██████████████████████████████████████████████████████████████████████████████████████████████████████████████████████▉                                                                                                    | 278/512 [1:33:59<1:07:51, 17.40s/it]
[06:11:24] evaluating:  54%|███████████████████████████████████████████████████████████████████████████████████████████████████████████████████████▎                                                                                                   | 279/512 [1:34:23<1:15:24, 19.42s/it]
[06:12:16] evaluating:  56%|███████████████████████████████████████████████████████████████████████████████████████████████████████████████████████████                                                                                                  | 285/512 [1:35:15<41:26, 10.96s/it]
[06:12:21] evaluating:  56%|███████████████████████████████████████████████████████████████████████████████████████████████████████████████████████████▍                                                                                                 | 286/512 [1:35:20<33:42,  8.95s/it]
[06:12:26] pilot rollouts:  91%|██████████████████████████████████████████████████████████████████████████████████████████████████████████████████████████████████████████████████████████████████████████████████████████████████████                   | 292/320 [1:22:48<09:29, 20.35s/it]
[06:12:37] pilot rollouts:  92%|██████████████████████████████████████████████████████████████████████████████████████████████████████████████████████████████████████████████████████████████████████████████████████████████████████▋                  | 293/320 [1:22:58<07:46, 17.27s/it]
[06:13:06] pilot rollouts:  92%|███████████████████████████████████████████████████████████████████████████████████████████████████████████████████████████████████████████████████████████████████████████████████████████████████████▎                 | 294/320 [1:23:28<09:05, 20.98s/it]
[06:14:10] evaluating:  56%|██████████████████████████████████████████████████████████████████████████████████████████████████████████████████████████▊                                                                                                | 287/512 [1:37:09<2:26:20, 39.03s/it]
[06:14:48] evaluating:  56%|███████████████████████████████████████████████████████████████████████████████████████████████████████████████████████████▏                                                                                               | 288/512 [1:37:47<2:24:42, 38.76s/it]
[06:15:24] evaluating:  56%|███████████████████████████████████████████████████████████████████████████████████████████████████████████████████████████▌                                                                                               | 289/512 [1:38:23<2:21:05, 37.96s/it]
[06:15:33] evaluating:  57%|████████████████████████████████████████████████████████████████████████████████████████████████████████████████████████████▍                                                                                              | 291/512 [1:38:32<1:15:37, 20.53s/it]
[06:15:35] pilot rollouts:  93%|██████████████████████████████████████████████████████████████████████████████████████████████████████████████████████████████████████████████████████████████████████████████████████████████████████████▊              | 299/320 [1:25:57<07:42, 22.00s/it]
[06:15:58] evaluating:  57%|██████████████████████████████████████████████████████████████████████████████████████████████████████████████████████████████▍                                                                                              | 293/512 [1:38:57<58:28, 16.02s/it]
[06:16:05] evaluating:  58%|███████████████████████████████████████████████████████████████████████████████████████████████████████████████████████████████▎                                                                                             | 295/512 [1:39:04<34:21,  9.50s/it]
[06:17:12] evaluating:  58%|███████████████████████████████████████████████████████████████████████████████████████████████████████████████████████████████                                                                                            | 297/512 [1:40:11<1:07:37, 18.87s/it]
[06:17:21] pilot rollouts:  95%|█████████████████████████████████████████████████████████████████████████████████████████████████████████████████████████████████████████████████████████████████████████████████████████████████████████████▍           | 303/320 [1:27:43<07:36, 26.85s/it]
[06:17:33] evaluating:  58%|███████████████████████████████████████████████████████████████████████████████████████████████████████████████████████████████▍                                                                                           | 298/512 [1:40:32<1:10:00, 19.63s/it]
[06:17:45] evaluating:  58%|███████████████████████████████████████████████████████████████████████████████████████████████████████████████████████████████▉                                                                                           | 299/512 [1:40:44<1:00:45, 17.11s/it]
[06:17:57] pilot rollouts:  96%|███████████████████████████████████████████████████████████████████████████████████████████████████████████████████████████████████████████████████████████████████████████████████████████████████████████████▌         | 306/320 [1:28:19<04:12, 18.07s/it]
[06:18:09] pilot rollouts:  96%|████████████████████████████████████████████████████████████████████████████████████████████████████████████████████████████████████████████████████████████████████████████████████████████████████████████████▏        | 307/320 [1:28:31<03:32, 16.31s/it]
[06:18:29] evaluating:  59%|██████████████████████████████████████████████████████████████████████████████████████████████████████████████████████████████████▊                                                                                          | 303/512 [1:41:28<36:46, 10.56s/it]
[06:18:50] evaluating:  59%|███████████████████████████████████████████████████████████████████████████████████████████████████████████████████████████████████▏                                                                                         | 304/512 [1:41:49<47:43, 13.77s/it]
[06:19:38] evaluating:  60%|██████████████████████████████████████████████████████████████████████████████████████████████████████████████████████████████████▍                                                                                        | 305/512 [1:42:37<1:23:14, 24.13s/it]
[06:20:17] evaluating:  60%|██████████████████████████████████████████████████████████████████████████████████████████████████████████████████████████████████▉                                                                                        | 306/512 [1:43:16<1:38:08, 28.58s/it]
[06:20:41] pilot rollouts:  98%|███████████████████████████████████████████████████████████████████████████████████████████████████████████████████████████████████████████████████████████████████████████████████████████████████████████████████▌     | 312/320 [1:31:03<04:19, 32.38s/it]
[06:21:02] evaluating:  60%|███████████████████████████████████████████████████████████████████████████████████████████████████████████████████████████████████▎                                                                                       | 307/512 [1:44:01<1:54:12, 33.43s/it]
[06:21:33] evaluating:  61%|█████████████████████████████████████████████████████████████████████████████████████████████████████████████████████████████████████▊                                                                                       | 310/512 [1:44:32<57:02, 16.94s/it]
[06:21:53] evaluating:  61%|██████████████████████████████████████████████████████████████████████████████████████████████████████████████████████████████████████▏                                                                                      | 311/512 [1:44:52<59:32, 17.77s/it]
[06:22:38] evaluating:  61%|█████████████████████████████████████████████████████████████████████████████████████████████████████████████████████████████████████▍                                                                                     | 312/512 [1:45:37<1:26:37, 25.99s/it]
[06:22:47] evaluating:  61%|█████████████████████████████████████████████████████████████████████████████████████████████████████████████████████████████████████▉                                                                                     | 313/512 [1:45:46<1:09:46, 21.04s/it]
[06:22:51] pilot rollouts:  99%|███████████████████████████████████████████████████████████████████████████████████████████████████████████████████████████████████████████████████████████████████████████████████████████████████████████████████████▋ | 318/320 [1:33:12<00:41, 20.85s/it]
[06:23:42] evaluating:  61%|██████████████████████████████████████████████████████████████████████████████████████████████████████████████████████████████████████▎                                                                                    | 314/512 [1:46:41<1:42:22, 31.02s/it]
[06:23:55] pilot rollouts: 100%|█████████████████████████████████████████████████████████████████████████████████████████████████████████████████████████████████████████████████████████████████████████████████████████████████████████████████████████| 320/320 [1:34:17<00:00, 17.68s/it]
[06:23:55] [step 2] adaptive phase 2: 192 programs total; each parent is dispatched as soon as its complete pilot set is evaluated
[06:23:55] [step 2] rollout pilot parent 0/fold 0: hurdle expected-best; parent reward=2.625240360, pilot best reward=2.625240362, projected phase-2 gain=3.38427705e-10; allocating 24 phase-2 rollouts
[06:23:55] [step 2]   strategy 0: mean=2.084835962, variance=1.088698644, valid=8/10, improved=2/10, posterior-improve=0.250000, initial-EI=3.2529251e-12, phase2=0, total=10, [38;5;208mpilot best raw C₅ bound=0.380917492[0m
[06:23:55] [step 2]   strategy 1: mean=2.299958437, variance=0.622473267, valid=9/10, improved=2/10, posterior-improve=0.250000, initial-EI=2.15454e-11, phase2=24, total=34, [38;5;208mpilot best raw C₅ bound=0.380917492[0m
[06:23:55] [step 2]   strategy 2: mean=2.055905246, variance=1.073399216, valid=8/10, improved=1/10, posterior-improve=0.166667, initial-EI=3.25152494e-12, phase2=0, total=10, [38;5;208mpilot best raw C₅ bound=0.380917492[0m
[06:23:55] [step 2]   strategy 3: mean=1.283178722, variance=1.653335636, valid=5/10, improved=1/10, posterior-improve=0.166667, initial-EI=4.45104392e-12, phase2=0, total=10, [38;5;208mpilot best raw C₅ bound=0.380917492[0m
[06:23:55] [step 2] rollout pilot parent 1/fold 0: hurdle expected-best; parent reward=2.625233223, pilot best reward=2.625241597, projected phase-2 gain=1.93038083e-06; allocating 24 phase-2 rollouts
[06:23:55] [step 2]   strategy 0: mean=2.036345271, variance=1.067312851, valid=8/10, improved=6/10, posterior-improve=0.583333, initial-EI=9.69716688e-08, phase2=0, total=10, [38;5;208mpilot best raw C₅ bound=0.380917368[0m
[06:23:55] [step 2]   strategy 1: mean=2.098225869, variance=1.100671676, valid=8/10, improved=7/10, posterior-improve=0.666667, initial-EI=8.18585719e-08, phase2=0, total=10, [38;5;208mpilot best raw C₅ bound=0.380917369[0m
[06:23:55] [step 2]   strategy 2: mean=1.837666177, variance=1.447292991, valid=7/10, improved=6/10, posterior-improve=0.583333, initial-EI=1.70172875e-07, phase2=24, total=34, [38;5;208mpilot best raw C₅ bound=0.380917312[0m
[06:23:55] [step 2]   strategy 3: mean=1.312618164, variance=1.722966443, valid=5/10, improved=4/10, posterior-improve=0.416667, initial-EI=5.25089348e-08, phase2=0, total=10, [38;5;208mpilot best raw C₅ bound=0.380917389[0m
[06:23:55] [step 2] rollout pilot parent 2/fold 0: hurdle expected-best; parent reward=2.625233221, pilot best reward=2.625238829, projected phase-2 gain=8.13210319e-07; allocating 24 phase-2 rollouts
[06:23:55] [step 2]   strategy 0: mean=2.362711045, variance=0.620267054, valid=9/10, improved=6/10, posterior-improve=0.583333, initial-EI=8.36905961e-09, phase2=0, total=10, [38;5;208mpilot best raw C₅ bound=0.380917917[0m
[06:23:55] [step 2]   strategy 1: mean=1.837664623, variance=1.447290543, valid=7/10, improved=7/10, posterior-improve=0.666667, initial-EI=1.70752736e-08, phase2=0, total=10, [38;5;208mpilot best raw C₅ bound=0.380917795[0m
[06:23:55] [step 2]   strategy 2: mean=1.000300175, variance=1.508645542, valid=4/10, improved=2/10, posterior-improve=0.250000, initial-EI=3.51886338e-09, phase2=0, total=10, [38;5;208mpilot best raw C₅ bound=0.380918436[0m
[06:23:55] [step 2]   strategy 3: mean=1.837665610, variance=1.447292098, valid=7/10, improved=6/10, posterior-improve=0.583333, initial-EI=5.90083509e-08, phase2=24, total=34, [38;5;208mpilot best raw C₅ bound=0.380917714[0m
[06:23:55] [step 2] rollout pilot parent 3/fold 0: hurdle expected-best; parent reward=2.625224800, pilot best reward=2.625240792, projected phase-2 gain=3.16636995e-06; allocating 24 phase-2 rollouts
[06:23:55] [step 2]   strategy 0: mean=1.675160423, variance=1.428975955, valid=7/10, improved=2/10, posterior-improve=0.250000, initial-EI=2.83619758e-08, phase2=0, total=10, [38;5;208mpilot best raw C₅ bound=0.380918442[0m
[06:23:55] [step 2]   strategy 1: mean=1.837662031, variance=1.447286460, valid=7/10, improved=5/10, posterior-improve=0.500000, initial-EI=2.44255791e-07, phase2=24, total=34, [38;5;208mpilot best raw C₅ bound=0.380917429[0m
[06:23:55] [step 2]   strategy 2: mean=1.312577125, variance=1.722858718, valid=5/10, improved=0/10, posterior-improve=0.083333, initial-EI=2.66538338e-08, phase2=0, total=10, [38;5;208mpilot best raw C₅ bound=0.380919750[0m
[06:23:55] [step 2]   strategy 3: mean=2.092320715, variance=1.094992595, valid=8/10, improved=5/10, posterior-improve=0.500000, initial-EI=1.27189739e-07, phase2=0, total=10, [38;5;208mpilot best raw C₅ bound=0.380917578[0m
[06:23:55] [step 2] rollout pilot parent 4/fold 0: hurdle expected-best; parent reward=2.625222457, pilot best reward=2.625240927, projected phase-2 gain=1.91843481e-06; allocating 24 phase-2 rollouts
[06:23:55] [step 2]   strategy 0: mean=1.575130156, variance=1.654023338, valid=6/10, improved=4/10, posterior-improve=0.416667, initial-EI=1.32697475e-08, phase2=0, total=10, [38;5;208mpilot best raw C₅ bound=0.380918427[0m
[06:23:55] [step 2]   strategy 1: mean=1.837659953, variance=1.447283187, valid=7/10, improved=6/10, posterior-improve=0.583333, initial-EI=1.20515682e-07, phase2=24, total=34, [38;5;208mpilot best raw C₅ bound=0.380917410[0m
[06:23:55] [step 2]   strategy 2: mean=2.347432457, variance=0.614187963, valid=9/10, improved=5/10, posterior-improve=0.500000, initial-EI=3.27957462e-08, phase2=0, total=10, [38;5;208mpilot best raw C₅ bound=0.380917898[0m
[06:23:55] [step 2]   strategy 3: mean=1.047588301, variance=1.646203572, valid=4/10, improved=1/10, posterior-improve=0.166667, initial-EI=6.93417198e-08, phase2=0, total=10, [38;5;208mpilot best raw C₅ bound=0.380917623[0m
[06:23:55] [step 2] rollout pilot parent 5/fold 0: hurdle expected-best; parent reward=2.625213556, pilot best reward=2.625238052, projected phase-2 gain=3.31421734e-06; allocating 24 phase-2 rollouts
[06:23:55] [step 2]   strategy 0: mean=1.532412200, variance=1.578334824, valid=6/10, improved=3/10, posterior-improve=0.333333, initial-EI=2.21276556e-07, phase2=24, total=34, [38;5;208mpilot best raw C₅ bound=0.380917827[0m
[06:23:55] [step 2]   strategy 1: mean=1.968716455, variance=1.120172092, valid=8/10, improved=4/10, posterior-improve=0.416667, initial-EI=4.69351893e-08, phase2=0, total=10, [38;5;208mpilot best raw C₅ bound=0.380918527[0m
[06:23:55] [step 2]   strategy 2: mean=0.874733652, variance=1.336644741, valid=4/10, improved=2/10, posterior-improve=0.250000, initial-EI=1.76905673e-08, phase2=0, total=10, [38;5;208mpilot best raw C₅ bound=0.380921188[0m
[06:23:55] [step 2]   strategy 3: mean=2.100176886, variance=1.102685739, valid=8/10, improved=6/10, posterior-improve=0.583333, initial-EI=5.02178319e-08, phase2=0, total=10, [38;5;208mpilot best raw C₅ bound=0.380918528[0m
[06:23:55] [step 2] rollout pilot parent 6/fold 0: hurdle expected-best; parent reward=2.625213556, pilot best reward=2.625234158, projected phase-2 gain=4.35631649e-06; allocating 24 phase-2 rollouts
[06:23:55] [step 2]   strategy 0: mean=1.312613312, variance=1.722953706, valid=5/10, improved=4/10, posterior-improve=0.416667, initial-EI=3.81064331e-07, phase2=24, total=34, [38;5;208mpilot best raw C₅ bound=0.380918392[0m
[06:23:55] [step 2]   strategy 1: mean=0.848864143, variance=1.211103260, valid=4/10, improved=2/10, posterior-improve=0.250000, initial-EI=1.33756658e-07, phase2=0, total=10, [38;5;208mpilot best raw C₅ bound=0.380918528[0m
[06:23:55] [step 2]   strategy 2: mean=1.226298230, variance=1.563405893, valid=5/10, improved=4/10, posterior-improve=0.416667, initial-EI=8.116252e-08, phase2=0, total=10, [38;5;208mpilot best raw C₅ bound=0.380918833[0m
[06:23:55] [step 2]   strategy 3: mean=1.312614953, variance=1.722958014, valid=5/10, improved=5/10, posterior-improve=0.500000, initial-EI=2.49416705e-07, phase2=0, total=10, [38;5;208mpilot best raw C₅ bound=0.380918528[0m
[06:28:04] evaluating:  62%|████████████████████████████████████████████████████████████████████████████████████████████████████████████████████████████████████████▍                                                                                  | 319/512 [1:51:03<3:07:38, 58.33s/it]
[06:28:51] adaptive rollouts 168/192:   1%|█▏                                                                                                                                                                                                            | 1/168 [04:55<13:43:25, 295.84s/it]
[06:31:11] evaluating:  62%|████████████████████████████████████████████████████████████████████████████████████████████████████████████████████████████████████████▉                                                                                  | 320/512 [1:54:10<5:10:20, 96.98s/it]
[06:31:15] evaluating:  63%|█████████████████████████████████████████████████████████████████████████████████████████████████████████████████████████████████████████▎                                                                                 | 321/512 [1:54:14<3:40:33, 69.29s/it]
[06:31:19] adaptive rollouts 168/192:   2%|████▉                                                                                                                                                                                                           | 4/168 [07:24<3:13:43, 70.87s/it]
[06:31:30] evaluating:  63%|██████████████████████████████████████████████████████████████████████████████████████████████████████████████████████████████████████████▏                                                                                | 323/512 [1:54:29<1:57:17, 37.23s/it]
[06:31:40] adaptive rollouts 168/192:   4%|███████▍                                                                                                                                                                                                        | 6/168 [07:44<1:38:04, 36.32s/it]
[06:32:16] adaptive rollouts 168/192:   4%|████████▋                                                                                                                                                                                                       | 7/168 [08:20<1:37:10, 36.21s/it]
[06:32:28] adaptive rollouts 168/192:   5%|█████████▉                                                                                                                                                                                                      | 8/168 [08:32<1:16:03, 28.52s/it]
[06:32:53] evaluating:  63%|███████████████████████████████████████████████████████████████████████████████████████████████████████████████████████████████████████████                                                                                | 325/512 [1:55:52<1:54:00, 36.58s/it]
[06:32:55] adaptive rollouts 168/192:   6%|████████████▍                                                                                                                                                                                                    | 10/168 [08:59<54:19, 20.63s/it]
[06:33:08] evaluating:  64%|███████████████████████████████████████████████████████████████████████████████████████████████████████████████████████████████████████████▍                                                                               | 326/512 [1:56:07<1:33:58, 30.31s/it]
[06:33:13] adaptive rollouts 168/192:   7%|██████████████▉                                                                                                                                                                                                  | 12/168 [09:17<36:58, 14.22s/it]
[06:33:28] evaluating:  64%|███████████████████████████████████████████████████████████████████████████████████████████████████████████████████████████████████████████▊                                                                               | 327/512 [1:56:27<1:24:00, 27.25s/it]
[06:33:43] evaluating:  64%|████████████████████████████████████████████████████████████████████████████████████████████████████████████████████████████████████████████▎                                                                              | 328/512 [1:56:42<1:11:31, 23.32s/it]
[06:33:46] evaluating:  64%|██████████████████████████████████████████████████████████████████████████████████████████████████████████████████████████████████████████████                                                                               | 329/512 [1:56:45<52:34, 17.24s/it]
[06:33:52] adaptive rollouts 168/192:  10%|███████████████████▉                                                                                                                                                                                             | 16/168 [09:57<28:34, 11.28s/it]
[06:34:04] adaptive rollouts 168/192:  10%|█████████████████████▏                                                                                                                                                                                           | 17/168 [10:08<28:19, 11.26s/it]
[06:34:34] evaluating:  64%|█████████████████████████████████████████████████████████████████████████████████████████████████████████████████████████████████████████████▏                                                                             | 330/512 [1:57:33<1:20:21, 26.49s/it]
[06:34:38] adaptive rollouts 168/192:  11%|███████████████████████▋                                                                                                                                                                                         | 19/168 [10:42<35:58, 14.49s/it]
[06:35:02] adaptive rollouts 168/192:  12%|████████████████████████▉                                                                                                                                                                                        | 20/168 [11:06<42:43, 17.32s/it]
[06:35:08] evaluating:  65%|█████████████████████████████████████████████████████████████████████████████████████████████████████████████████████████████████████████████▌                                                                             | 331/512 [1:58:07<1:27:07, 28.88s/it]
[06:35:12] evaluating:  65%|██████████████████████████████████████████████████████████████████████████████████████████████████████████████████████████████████████████████                                                                             | 332/512 [1:58:11<1:03:40, 21.22s/it]
[06:35:42] evaluating:  65%|████████████████████████████████████████████████████████████████████████████████████████████████████████████████████████████████████████████████▏                                                                            | 334/512 [1:58:41<54:31, 18.38s/it]
[06:36:19] evaluating:  66%|█████████████████████████████████████████████████████████████████████████████████████████████████████████████████████████████████████████████████                                                                            | 336/512 [1:59:18<50:06, 17.08s/it]
[06:36:25] evaluating:  66%|█████████████████████████████████████████████████████████████████████████████████████████████████████████████████████████████████████████████████▍                                                                           | 337/512 [1:59:24<39:51, 13.67s/it]
[06:36:29] adaptive rollouts 168/192:  15%|████████████████████████████████▎                                                                                                                                                                                | 26/168 [12:33<35:07, 14.84s/it]
[06:36:42] adaptive rollouts 168/192:  16%|█████████████████████████████████▌                                                                                                                                                                               | 27/168 [12:46<33:40, 14.33s/it]
[06:36:42] adaptive rollouts 168/192:  17%|██████████████████████████████████▊                                                                                                                                                                              | 28/168 [12:47<23:49, 10.21s/it]
[06:36:46] evaluating:  66%|██████████████████████████████████████████████████████████████████████████████████████████████████████████████████████████████████████████████████▎                                                                          | 339/512 [1:59:45<32:32, 11.28s/it]
[06:37:01] adaptive rollouts 168/192:  18%|█████████████████████████████████████▎                                                                                                                                                                           | 30/168 [13:05<24:17, 10.56s/it]
[06:37:19] adaptive rollouts 168/192:  18%|██████████████████████████████████████▌                                                                                                                                                                          | 31/168 [13:23<28:51, 12.64s/it]
[06:37:42] adaptive rollouts 168/192:  19%|███████████████████████████████████████▊                                                                                                                                                                         | 32/168 [13:46<35:40, 15.74s/it]
[06:37:53] evaluating:  66%|█████████████████████████████████████████████████████████████████████████████████████████████████████████████████████████████████████████████████▍                                                                         | 340/512 [2:00:52<1:20:14, 27.99s/it]
[06:37:59] evaluating:  67%|█████████████████████████████████████████████████████████████████████████████████████████████████████████████████████████████████████████████████▊                                                                         | 341/512 [2:00:58<1:01:22, 21.53s/it]
[06:38:11] adaptive rollouts 168/192:  21%|███████████████████████████████████████████▌                                                                                                                                                                     | 35/168 [14:15<26:15, 11.85s/it]
[06:38:22] adaptive rollouts 168/192:  21%|████████████████████████████████████████████▊                                                                                                                                                                    | 36/168 [14:26<25:46, 11.72s/it]
[06:38:27] adaptive rollouts 168/192:  22%|██████████████████████████████████████████████                                                                                                                                                                   | 37/168 [14:31<20:56,  9.59s/it]
[06:38:31] evaluating:  67%|██████████████████████████████████████████████████████████████████████████████████████████████████████████████████████████████████████████████████▎                                                                        | 342/512 [2:01:30<1:09:24, 24.50s/it]
[06:38:47] adaptive rollouts 168/192:  23%|████████████████████████████████████████████████▌                                                                                                                                                                | 39/168 [14:51<22:29, 10.46s/it]
[06:38:53] evaluating:  67%|██████████████████████████████████████████████████████████████████████████████████████████████████████████████████████████████████████████████████▋                                                                        | 343/512 [2:01:52<1:07:39, 24.02s/it]
[06:38:55] adaptive rollouts 168/192:  24%|███████████████████████████████████████████████████                                                                                                                                                              | 41/168 [15:00<15:00,  7.09s/it]
[06:39:15] evaluating:  67%|████████████████████████████████████████████████████████████████████████████████████████████████████████████████████████████████████████████████████▉                                                                        | 345/512 [2:02:14<46:08, 16.58s/it]
[06:39:35] adaptive rollouts 168/192:  26%|█████████████████████████████████████████████████████▍                                                                                                                                                           | 43/168 [15:39<30:05, 14.45s/it]
[06:39:40] adaptive rollouts 168/192:  26%|██████████████████████████████████████████████████████▋                                                                                                                                                          | 44/168 [15:44<23:56, 11.58s/it]
[06:39:50] evaluating:  68%|█████████████████████████████████████████████████████████████████████████████████████████████████████████████████████████████████████████████████████▊                                                                       | 347/512 [2:02:49<43:42, 15.90s/it]
[06:40:24] evaluating:  68%|███████████████████████████████████████████████████████████████████████████████████████████████████████████████████████████████████████████████████████                                                                      | 350/512 [2:03:23<34:05, 12.62s/it]
[06:40:29] adaptive rollouts 168/192:  28%|██████████████████████████████████████████████████████████▍                                                                                                                                                      | 47/168 [16:34<32:47, 16.26s/it]
[06:40:34] evaluating:  69%|███████████████████████████████████████████████████████████████████████████████████████████████████████████████████████████████████████████████████████▌                                                                     | 351/512 [2:03:33<31:49, 11.86s/it]
[06:41:04] evaluating:  69%|███████████████████████████████████████████████████████████████████████████████████████████████████████████████████████████████████████████████████████▉                                                                     | 352/512 [2:04:03<45:37, 17.11s/it]
[06:41:33] evaluating:  69%|████████████████████████████████████████████████████████████████████████████████████████████████████████████████████████████████████████████████████████▎                                                                    | 353/512 [2:04:32<54:53, 20.71s/it]
[06:41:59] evaluating:  69%|████████████████████████████████████████████████████████████████████████████████████████████████████████████████████████████████████████████████████████▊                                                                    | 354/512 [2:04:58<58:31, 22.22s/it]
[06:42:22] adaptive rollouts 168/192:  31%|████████████████████████████████████████████████████████████████▋                                                                                                                                                | 52/168 [18:26<48:59, 25.34s/it]
[06:42:35] evaluating:  69%|███████████████████████████████████████████████████████████████████████████████████████████████████████████████████████████████████████████████████████▊                                                                   | 355/512 [2:05:34<1:09:18, 26.49s/it]
[06:43:03] adaptive rollouts 168/192:  32%|███████████████████████████████████████████████████████████████████▏                                                                                                                                             | 54/168 [19:08<45:52, 24.15s/it]
[06:43:24] adaptive rollouts 168/192:  33%|████████████████████████████████████████████████████████████████████▍                                                                                                                                            | 55/168 [19:28<43:28, 23.08s/it]
[06:43:45] evaluating:  70%|████████████████████████████████████████████████████████████████████████████████████████████████████████████████████████████████████████████████████████▋                                                                  | 357/512 [2:06:44<1:14:15, 28.75s/it]
[06:43:57] adaptive rollouts 168/192:  34%|██████████████████████████████████████████████████████████████████████▉                                                                                                                                          | 57/168 [20:02<38:26, 20.78s/it]
[06:44:49] evaluating:  71%|███████████████████████████████████████████████████████████████████████████████████████████████████████████████████████████████████████████████████████████▊                                                                 | 361/512 [2:07:48<48:18, 19.19s/it]
[06:45:07] evaluating:  71%|████████████████████████████████████████████████████████████████████████████████████████████████████████████████████████████████████████████████████████████▎                                                                | 362/512 [2:08:06<46:46, 18.71s/it]
[06:45:13] adaptive rollouts 168/192:  36%|██████████████████████████████████████████████████████████████████████████▋                                                                                                                                      | 60/168 [21:17<43:28, 24.15s/it]
[06:45:13] evaluating:  71%|████████████████████████████████████████████████████████████████████████████████████████████████████████████████████████████████████████████████████████████▋                                                                | 363/512 [2:08:12<37:35, 15.14s/it]
[06:45:29] adaptive rollouts 168/192:  37%|█████████████████████████████████████████████████████████████████████████████▏                                                                                                                                   | 62/168 [21:33<29:05, 16.47s/it]
[06:46:01] evaluating:  71%|█████████████████████████████████████████████████████████████████████████████████████████████████████████████████████████████████████████████████████████████▌                                                               | 365/512 [2:09:00<46:06, 18.82s/it]
[06:46:08] adaptive rollouts 168/192:  38%|███████████████████████████████████████████████████████████████████████████████▌                                                                                                                                 | 64/168 [22:13<32:01, 18.47s/it]
[06:46:12] adaptive rollouts 168/192:  39%|████████████████████████████████████████████████████████████████████████████████▊                                                                                                                                | 65/168 [22:16<23:56, 13.95s/it]
[06:46:40] evaluating:  72%|██████████████████████████████████████████████████████████████████████████████████████████████████████████████████████████████████████████████████████████████▍                                                              | 367/512 [2:09:39<45:45, 18.94s/it]
[06:47:25] evaluating:  72%|█████████████████████████████████████████████████████████████████████████████████████████████████████████████████████████████████████████████████████████████▍                                                             | 368/512 [2:10:24<1:04:23, 26.83s/it]
[06:47:26] evaluating:  72%|███████████████████████████████████████████████████████████████████████████████████████████████████████████████████████████████████████████████████████████████▎                                                             | 369/512 [2:10:26<45:44, 19.19s/it]
[06:47:28] adaptive rollouts 168/192:  41%|█████████████████████████████████████████████████████████████████████████████████████▊                                                                                                                           | 69/168 [23:32<25:24, 15.40s/it]
[06:47:39] adaptive rollouts 168/192:  42%|███████████████████████████████████████████████████████████████████████████████████████                                                                                                                          | 70/168 [23:43<23:12, 14.20s/it]
[06:47:51] evaluating:  72%|███████████████████████████████████████████████████████████████████████████████████████████████████████████████████████████████████████████████████████████████▋                                                             | 370/512 [2:10:50<49:25, 20.89s/it]
[06:47:59] evaluating:  73%|████████████████████████████████████████████████████████████████████████████████████████████████████████████████████████████████████████████████████████████████▌                                                            | 372/512 [2:10:58<28:13, 12.09s/it]
[06:48:03] adaptive rollouts 168/192:  43%|██████████████████████████████████████████████████████████████████████████████████████████▊                                                                                                                      | 73/168 [24:07<15:28,  9.77s/it]
[06:48:10] evaluating:  73%|█████████████████████████████████████████████████████████████████████████████████████████████████████████████████████████████████████████████████████████████████▍                                                           | 374/512 [2:11:09<19:04,  8.30s/it]
[06:48:40] evaluating:  73%|██████████████████████████████████████████████████████████████████████████████████████████████████████████████████████████████████████████████████████████████████▎                                                          | 376/512 [2:11:39<26:23, 11.64s/it]
[06:48:52] evaluating:  74%|██████████████████████████████████████████████████████████████████████████████████████████████████████████████████████████████████████████████████████████████████▋                                                          | 377/512 [2:11:51<26:19, 11.70s/it]
[06:48:55] adaptive rollouts 168/192:  46%|███████████████████████████████████████████████████████████████████████████████████████████████▊                                                                                                                 | 77/168 [24:59<18:22, 12.11s/it]
[06:49:06] adaptive rollouts 168/192:  46%|█████████████████████████████████████████████████████████████████████████████████████████████████                                                                                                                | 78/168 [25:11<17:55, 11.95s/it]
[06:49:20] evaluating:  74%|███████████████████████████████████████████████████████████████████████████████████████████████████████████████████████████████████████████████████████████████████▌                                                         | 379/512 [2:12:19<26:00, 11.73s/it]
[06:49:34] adaptive rollouts 168/192:  48%|███████████████████████████████████████████████████████████████████████████████████████████████████▌                                                                                                             | 80/168 [25:38<19:11, 13.09s/it]
[06:49:49] evaluating:  74%|████████████████████████████████████████████████████████████████████████████████████████████████████████████████████████████████████████████████████████████████████                                                         | 380/512 [2:12:48<37:14, 16.93s/it]
[06:49:55] evaluating:  75%|████████████████████████████████████████████████████████████████████████████████████████████████████████████████████████████████████████████████████████████████████▉                                                        | 382/512 [2:12:54<20:49,  9.61s/it]
[06:50:18] evaluating:  75%|█████████████████████████████████████████████████████████████████████████████████████████████████████████████████████████████████████████████████████████████████████▎                                                       | 383/512 [2:13:17<29:39, 13.80s/it]
[06:50:31] evaluating:  75%|██████████████████████████████████████████████████████████████████████████████████████████████████████████████████████████████████████████████████████████████████████▏                                                      | 385/512 [2:13:30<21:14, 10.03s/it]
[06:50:33] adaptive rollouts 168/192:  51%|█████████████████████████████████████████████████████████████████████████████████████████████████████████▋                                                                                                       | 85/168 [26:37<17:20, 12.54s/it]
[06:51:06] evaluating:  76%|████████████████████████████████████████████████████████████████████████████████████████████████████████████████████████████████████████████████████████████████████████▎                                                    | 390/512 [2:14:05<13:59,  6.88s/it]
[06:51:26] evaluating:  76%|████████████████████████████████████████████████████████████████████████████████████████████████████████████████████████████████████████████████████████████████████████▊                                                    | 391/512 [2:14:25<21:33, 10.69s/it]
[06:51:31] evaluating:  77%|█████████████████████████████████████████████████████████████████████████████████████████████████████████████████████████████████████████████████████████████████████████▏                                                   | 392/512 [2:14:30<17:57,  8.98s/it]
[06:51:49] evaluating:  77%|██████████████████████████████████████████████████████████████████████████████████████████████████████████████████████████████████████████████████████████████████████████                                                   | 394/512 [2:14:48<16:52,  8.58s/it]
[06:52:02] adaptive rollouts 168/192:  54%|███████████████████████████████████████████████████████████████████████████████████████████████████████████████▉                                                                                                 | 90/168 [28:07<23:39, 18.20s/it]
[06:52:24] evaluating:  77%|██████████████████████████████████████████████████████████████████████████████████████████████████████████████████████████████████████████████████████████████████████████▍                                                  | 395/512 [2:15:23<32:13, 16.52s/it]
[06:52:41] evaluating:  77%|██████████████████████████████████████████████████████████████████████████████████████████████████████████████████████████████████████████████████████████████████████████▉                                                  | 396/512 [2:15:40<32:18, 16.71s/it]
[06:53:03] evaluating:  78%|███████████████████████████████████████████████████████████████████████████████████████████████████████████████████████████████████████████████████████████████████████████▊                                                 | 398/512 [2:16:02<27:16, 14.35s/it]
[06:53:28] adaptive rollouts 168/192:  56%|████████████████████████████████████████████████████████████████████████████████████████████████████████████████████▉                                                                                            | 94/168 [29:33<29:31, 23.94s/it]
[06:53:47] evaluating:  78%|████████████████████████████████████████████████████████████████████████████████████████████████████████████████████████████████████████████████████████████████████████████▋                                                | 400/512 [2:16:46<30:26, 16.31s/it]
[06:53:49] adaptive rollouts 168/192:  57%|███████████████████████████████████████████████████████████████████████████████████████████████████████████████████████▍                                                                                         | 96/168 [29:53<21:24, 17.85s/it]
[06:54:21] evaluating:  79%|█████████████████████████████████████████████████████████████████████████████████████████████████████████████████████████████████████████████████████████████████████████████▉                                               | 403/512 [2:17:20<21:43, 11.96s/it]
[06:54:40] evaluating:  79%|██████████████████████████████████████████████████████████████████████████████████████████████████████████████████████████████████████████████████████████████████████████████▍                                              | 404/512 [2:17:39<25:23, 14.11s/it]
[06:54:46] evaluating:  79%|███████████████████████████████████████████████████████████████████████████████████████████████████████████████████████████████████████████████████████████████████████████████▏                                             | 406/512 [2:17:45<14:55,  8.45s/it]
[06:54:56] adaptive rollouts 168/192:  60%|███████████████████████████████████████████████████████████████████████████████████████████████████████████████████████████▊                                                                                    | 100/168 [31:00<19:05, 16.84s/it]
[06:55:01] evaluating:  79%|███████████████████████████████████████████████████████████████████████████████████████████████████████████████████████████████████████████████████████████████████████████████▋                                             | 407/512 [2:18:00<18:16, 10.44s/it]
[06:55:19] evaluating:  80%|████████████████████████████████████████████████████████████████████████████████████████████████████████████████████████████████████████████████████████████████████████████████▌                                            | 409/512 [2:18:18<16:03,  9.36s/it]
[06:55:25] adaptive rollouts 168/192:  61%|███████████████████████████████████████████████████████████████████████████████████████████████████████████████████████████████▌                                                                                | 103/168 [31:29<13:44, 12.69s/it]
[06:55:31] adaptive rollouts 168/192:  62%|████████████████████████████████████████████████████████████████████████████████████████████████████████████████████████████████▊                                                                               | 104/168 [31:35<11:33, 10.83s/it]
[06:56:00] evaluating:  80%|█████████████████████████████████████████████████████████████████████████████████████████████████████████████████████████████████████████████████████████████████████████████████▍                                           | 411/512 [2:18:59<22:32, 13.39s/it]
[06:56:15] evaluating:  80%|█████████████████████████████████████████████████████████████████████████████████████████████████████████████████████████████████████████████████████████████████████████████████▊                                           | 412/512 [2:19:14<23:13, 13.94s/it]
[06:56:23] evaluating:  81%|██████████████████████████████████████████████████████████████████████████████████████████████████████████████████████████████████████████████████████████████████████████████████▎                                          | 413/512 [2:19:22<19:52, 12.04s/it]
[06:56:31] adaptive rollouts 168/192:  64%|█████████████████████████████████████████████████████████████████████████████████████████████████████████████████████████████████████▋                                                                          | 108/168 [32:35<12:58, 12.97s/it]
[06:56:39] evaluating:  81%|███████████████████████████████████████████████████████████████████████████████████████████████████████████████████████████████████████████████████████████████████████████████████▏                                         | 415/512 [2:19:38<15:08,  9.37s/it]
[06:57:02] adaptive rollouts 168/192:  65%|████████████████████████████████████████████████████████████████████████████████████████████████████████████████████████████████████████▏                                                                       | 110/168 [33:06<15:00, 15.53s/it]
[06:57:14] evaluating:  81%|███████████████████████████████████████████████████████████████████████████████████████████████████████████████████████████████████████████████████████████████████████████████████▉                                         | 417/512 [2:20:13<20:35, 13.00s/it]
[06:57:53] evaluating:  82%|████████████████████████████████████████████████████████████████████████████████████████████████████████████████████████████████████████████████████████████████████████████████████▊                                        | 419/512 [2:20:52<23:32, 15.19s/it]
[06:57:55] adaptive rollouts 168/192:  67%|███████████████████████████████████████████████████████████████████████████████████████████████████████████████████████████████████████████▉                                                                    | 113/168 [33:59<17:33, 19.15s/it]
[06:58:21] evaluating:  82%|█████████████████████████████████████████████████████████████████████████████████████████████████████████████████████████████████████████████████████████████████████████████████████▎                                       | 420/512 [2:21:20<29:06, 18.98s/it]
[06:59:01] adaptive rollouts 168/192:  68%|██████████████████████████████████████████████████████████████████████████████████████████████████████████████████████████████████████████████▍                                                                 | 115/168 [35:05<25:13, 28.56s/it]
[06:59:40] evaluating:  83%|██████████████████████████████████████████████████████████████████████████████████████████████████████████████████████████████████████████████████████████████████████████████████████▌                                      | 423/512 [2:22:39<30:00, 20.24s/it]
[07:00:05] evaluating:  83%|███████████████████████████████████████████████████████████████████████████████████████████████████████████████████████████████████████████████████████████████████████████████████████                                      | 424/512 [2:23:04<31:50, 21.72s/it]
[07:00:31] evaluating:  83%|███████████████████████████████████████████████████████████████████████████████████████████████████████████████████████████████████████████████████████████████████████████████████████▍                                     | 425/512 [2:23:30<33:27, 23.08s/it]
[07:00:40] adaptive rollouts 168/192:  71%|███████████████████████████████████████████████████████████████████████████████████████████████████████████████████████████████████████████████████▎                                                            | 119/168 [36:44<19:40, 24.10s/it]
[07:00:59] evaluating:  84%|████████████████████████████████████████████████████████████████████████████████████████████████████████████████████████████████████████████████████████████████████████████████████████▋                                    | 428/512 [2:23:58<18:20, 13.10s/it]
[07:01:15] evaluating:  84%|█████████████████████████████████████████████████████████████████████████████████████████████████████████████████████████████████████████████████████████████████████████████████████████▏                                   | 429/512 [2:24:14<19:20, 13.98s/it]
[07:01:38] adaptive rollouts 168/192:  73%|███████████████████████████████████████████████████████████████████████████████████████████████████████████████████████████████████████████████████████                                                         | 122/168 [37:42<17:54, 23.35s/it]
[07:02:08] evaluating:  84%|██████████████████████████████████████████████████████████████████████████████████████████████████████████████████████████████████████████████████████████████████████████████████████████                                   | 431/512 [2:25:07<25:59, 19.25s/it]
[07:02:22] adaptive rollouts 168/192:  74%|█████████████████████████████████████████████████████████████████████████████████████████████████████████████████████████████████████████████████████████▌                                                      | 124/168 [38:26<17:29, 23.84s/it]
[07:02:23] adaptive rollouts 168/192:  74%|██████████████████████████████████████████████████████████████████████████████████████████████████████████████████████████████████████████████████████████▊                                                     | 125/168 [38:28<12:14, 17.07s/it]
[07:02:27] adaptive rollouts 168/192:  75%|████████████████████████████████████████████████████████████████████████████████████████████████████████████████████████████████████████████████████████████                                                    | 126/168 [38:31<09:06, 13.01s/it]
[07:02:27] adaptive rollouts 168/192:  76%|█████████████████████████████████████████████████████████████████████████████████████████████████████████████████████████████████████████████████████████████▏                                                  | 127/168 [38:31<06:15,  9.15s/it]
[07:02:58] evaluating:  85%|███████████████████████████████████████████████████████████████████████████████████████████████████████████████████████████████████████████████████████████████████████████████████████████▎                                 | 434/512 [2:25:57<18:49, 14.48s/it]
[07:03:14] evaluating:  85%|███████████████████████████████████████████████████████████████████████████████████████████████████████████████████████████████████████████████████████████████████████████████████████████▊                                 | 435/512 [2:26:13<19:28, 15.18s/it]
[07:03:32] evaluating:  85%|████████████████████████████████████████████████████████████████████████████████████████████████████████████████████████████████████████████████████████████████████████████████████████████▏                                | 436/512 [2:26:31<20:18, 16.03s/it]
[07:03:51] evaluating:  85%|████████████████████████████████████████████████████████████████████████████████████████████████████████████████████████████████████████████████████████████████████████████████████████████▋                                | 437/512 [2:26:50<20:51, 16.69s/it]
[07:04:03] evaluating:  86%|█████████████████████████████████████████████████████████████████████████████████████████████████████████████████████████████████████████████████████████████████████████████████████████████▍                               | 439/512 [2:27:02<13:30, 11.11s/it]
[07:04:38] evaluating:  86%|█████████████████████████████████████████████████████████████████████████████████████████████████████████████████████████████████████████████████████████████████████████████████████████████▉                               | 440/512 [2:27:37<21:48, 18.18s/it]
[07:04:42] evaluating:  86%|██████████████████████████████████████████████████████████████████████████████████████████████████████████████████████████████████████████████████████████████████████████████████████████████▎                              | 441/512 [2:27:41<16:19, 13.80s/it]
[07:05:26] evaluating:  86%|██████████████████████████████████████████████████████████████████████████████████████████████████████████████████████████████████████████████████████████████████████████████████████████████▊                              | 442/512 [2:28:25<26:46, 22.95s/it]
[07:05:47] evaluating:  87%|███████████████████████████████████████████████████████████████████████████████████████████████████████████████████████████████████████████████████████████████████████████████████████████████▋                             | 444/512 [2:28:46<18:12, 16.06s/it]
[07:05:54] adaptive rollouts 168/192:  82%|█████████████████████████████████████████████████████████████████████████████████████████████████████████████████████████████████████████████████████████████████████████▌                                      | 137/168 [41:59<11:32, 22.35s/it]
[07:05:58] evaluating:  87%|████████████████████████████████████████████████████████████████████████████████████████████████████████████████████████████████████████████████████████████████████████████████████████████████                             | 445/512 [2:28:57<16:18, 14.61s/it]
[07:06:03] adaptive rollouts 168/192:  83%|████████████████████████████████████████████████████████████████████████████████████████████████████████████████████████████████████████████████████████████████████████████                                    | 139/168 [42:07<06:20, 13.11s/it]
[07:06:11] evaluating:  87%|████████████████████████████████████████████████████████████████████████████████████████████████████████████████████████████████████████████████████████████████████████████████████████████████▌                            | 446/512 [2:29:10<15:27, 14.06s/it]
[07:06:20] evaluating:  88%|█████████████████████████████████████████████████████████████████████████████████████████████████████████████████████████████████████████████████████████████████████████████████████████████████▍                           | 448/512 [2:29:19<10:17,  9.65s/it]
[07:06:33] adaptive rollouts 168/192:  85%|███████████████████████████████████████████████████████████████████████████████████████████████████████████████████████████████████████████████████████████████████████████████▊                                | 142/168 [42:37<05:30, 12.70s/it]
[07:06:39] adaptive rollouts 168/192:  85%|█████████████████████████████████████████████████████████████████████████████████████████████████████████████████████████████████████████████████████████████████████████████████                               | 143/168 [42:43<04:25, 10.62s/it]
[07:06:59] evaluating:  88%|█████████████████████████████████████████████████████████████████████████████████████████████████████████████████████████████████████████████████████████████████████████████████████████████████▊                           | 449/512 [2:29:58<19:12, 18.30s/it]
[07:07:14] evaluating:  88%|██████████████████████████████████████████████████████████████████████████████████████████████████████████████████████████████████████████████████████████████████████████████████████████████████▋                          | 451/512 [2:30:13<12:44, 12.53s/it]
[07:07:21] evaluating:  88%|███████████████████████████████████████████████████████████████████████████████████████████████████████████████████████████████████████████████████████████████████████████████████████████████████                          | 452/512 [2:30:20<10:59, 10.99s/it]
[07:07:37] evaluating:  88%|███████████████████████████████████████████████████████████████████████████████████████████████████████████████████████████████████████████████████████████████████████████████████████████████████▌                         | 453/512 [2:30:36<12:12, 12.41s/it]
[07:07:39] evaluating:  89%|███████████████████████████████████████████████████████████████████████████████████████████████████████████████████████████████████████████████████████████████████████████████████████████████████▉                         | 454/512 [2:30:38<08:56,  9.26s/it]
[07:07:52] evaluating:  89%|████████████████████████████████████████████████████████████████████████████████████████████████████████████████████████████████████████████████████████████████████████████████████████████████████▊                        | 456/512 [2:30:51<06:59,  7.50s/it]
[07:08:02] adaptive rollouts 168/192:  89%|█████████████████████████████████████████████████████████████████████████████████████████████████████████████████████████████████████████████████████████████████████████████████████████▋                      | 150/168 [44:06<03:23, 11.28s/it]
[07:08:13] evaluating:  89%|█████████████████████████████████████████████████████████████████████████████████████████████████████████████████████████████████████████████████████████████████████████████████████████████████████▋                       | 458/512 [2:31:12<07:31,  8.36s/it]
[07:08:21] evaluating:  90%|██████████████████████████████████████████████████████████████████████████████████████████████████████████████████████████████████████████████████████████████████████████████████████████████████████                       | 459/512 [2:31:20<07:20,  8.32s/it]
[07:08:38] evaluating:  90%|██████████████████████████████████████████████████████████████████████████████████████████████████████████████████████████████████████████████████████████████████████████████████████████████████████▌                      | 460/512 [2:31:37<09:28, 10.93s/it]
[07:08:43] evaluating:  90%|██████████████████████████████████████████████████████████████████████████████████████████████████████████████████████████████████████████████████████████████████████████████████████████████████████▉                      | 461/512 [2:31:42<07:48,  9.19s/it]
[07:08:47] evaluating:  90%|███████████████████████████████████████████████████████████████████████████████████████████████████████████████████████████████████████████████████████████████████████████████████████████████████████▍                     | 462/512 [2:31:46<06:19,  7.60s/it]
[07:09:00] adaptive rollouts 168/192:  93%|█████████████████████████████████████████████████████████████████████████████████████████████████████████████████████████████████████████████████████████████████████████████████████████████████▏              | 156/168 [45:05<02:04, 10.36s/it]
[07:09:25] evaluating:  90%|███████████████████████████████████████████████████████████████████████████████████████████████████████████████████████████████████████████████████████████████████████████████████████████████████████▊                     | 463/512 [2:32:24<13:37, 16.69s/it]
[07:09:49] evaluating:  91%|█████████████████████████████████████████████████████████████████████████████████████████████████████████████████████████████████████████████████████████████████████████████████████████████████████████▏                   | 466/512 [2:32:48<09:20, 12.19s/it]
[07:10:32] adaptive rollouts 168/192:  95%|████████████████████████████████████████████████████████████████████████████████████████████████████████████████████████████████████████████████████████████████████████████████████████████████████▊           | 159/168 [46:36<04:03, 27.10s/it]
[07:10:55] evaluating:  92%|██████████████████████████████████████████████████████████████████████████████████████████████████████████████████████████████████████████████████████████████████████████████████████████████████████████▍                  | 469/512 [2:33:54<12:06, 16.90s/it]
[07:11:40] adaptive rollouts 168/192:  96%|███████████████████████████████████████████████████████████████████████████████████████████████████████████████████████████████████████████████████████████████████████████████████████████████████████▎        | 161/168 [47:44<03:54, 33.49s/it]
[07:12:02] adaptive rollouts 168/192:  96%|████████████████████████████████████████████████████████████████████████████████████████████████████████████████████████████████████████████████████████████████████████████████████████████████████████▌       | 162/168 [48:06<03:00, 30.07s/it]
[07:14:35] evaluating:  92%|███████████████████████████████████████████████████████████████████████████████████████████████████████████████████████████████████████████████████████████████████████████████████████████████████████████▋                 | 472/512 [2:37:34<30:00, 45.02s/it]
[07:15:18] evaluating:  93%|████████████████████████████████████████████████████████████████████████████████████████████████████████████████████████████████████████████████████████████████████████████████████████████████████████████▌                | 474/512 [2:38:17<22:05, 34.88s/it]
[07:17:44] evaluating:  93%|██████████████████████████████████████████████████████████████████████████████████████████████████████████████████████████████████████████████████████████████████████████████████████████████████████████████▎              | 478/512 [2:40:43<16:14, 28.66s/it]
[07:20:41] evaluating:  94%|████████████████████████████████████████████████████████████████████████████████████████████████████████████████████████████████████████████████████████████████████████████████████████████████████████████████             | 482/512 [2:43:40<15:45, 31.50s/it]
[07:21:55] adaptive rollouts 168/192:  99%|█████████████████████████████████████████████████████████████████████████████████████████████████████████████████████████████████████████████████████████████████████████████████████████████████████████████▊ | 167/168 [57:59<01:57, 117.54s/it]
[07:21:58] adaptive rollouts 168/192: 100%|████████████████████████████████████████████████████████████████████████████████████████████████████████████████████████████████████████████████████████████████████████████████████████████████████████████████| 168/168 [58:02<00:00, 20.73s/it]
[07:21:58] [step 2] rollout pilot parent 7/fold 0: hurdle expected-best; parent reward=2.625213555, pilot best reward=2.625239060, projected phase-2 gain=2.54500176e-06; allocating 24 phase-2 rollouts
[07:21:58] [step 2]   strategy 0: mean=2.100176400, variance=1.102685228, valid=8/10, improved=6/10, posterior-improve=0.583333, initial-EI=9.36112869e-09, phase2=0, total=10, [38;5;208mpilot best raw C₅ bound=0.380918833[0m
[07:21:58] [step 2]   strategy 1: mean=1.430171943, variance=1.529083616, valid=6/10, improved=4/10, posterior-improve=0.416667, initial-EI=7.8762784e-09, phase2=0, total=10, [38;5;208mpilot best raw C₅ bound=0.380919909[0m
[07:21:58] [step 2]   strategy 2: mean=1.775136084, variance=1.383981361, valid=7/10, improved=5/10, posterior-improve=0.500000, initial-EI=1.69341071e-07, phase2=24, total=34, [38;5;208mpilot best raw C₅ bound=0.380917681[0m
[07:21:58] [step 2]   strategy 3: mean=2.100174575, variance=1.102683312, valid=8/10, improved=6/10, posterior-improve=0.583333, initial-EI=1.03102647e-08, phase2=0, total=10, [38;5;208mpilot best raw C₅ bound=0.380918733[0m
[07:23:01] evaluating:  95%|█████████████████████████████████████████████████████████████████████████████████████████████████████████████████████████████████████████████████████████████████████████████████████████████████████████████████▊           | 486/512 [2:46:00<12:04, 27.88s/it]
[07:23:42] evaluating:  95%|██████████████████████████████████████████████████████████████████████████████████████████████████████████████████████████████████████████████████████████████████████████████████████████████████████████████████▏          | 487/512 [2:46:41<13:14, 31.77s/it]
[07:29:23] evaluating:  96%|███████████████████████████████████████████████████████████████████████████████████████████████████████████████████████████████████████████████████████████████████████████████████████████████████████████████████▌         | 490/512 [2:52:22<33:40, 91.85s/it]
[07:30:02] evaluating:  96%|███████████████████████████████████████████████████████████████████████████████████████████████████████████████████████████████████████████████████████████████████████████████████████████████████████████████████▉         | 491/512 [2:53:02<26:38, 76.14s/it]
[07:31:09] evaluating:  96%|████████████████████████████████████████████████████████████████████████████████████████████████████████████████████████████████████████████████████████████████████████████████████████████████████████████████████▎        | 492/512 [2:54:08<24:23, 73.19s/it]
[07:31:15] evaluating:  96%|████████████████████████████████████████████████████████████████████████████████████████████████████████████████████████████████████████████████████████████████████████████████████████████████████████████████████▊        | 493/512 [2:54:14<16:50, 53.17s/it]
[07:31:53] adaptive rollouts 192/192:  25%|████████████████████████████████████████████████████▊                                                                                                                                                              | 6/24 [09:55<22:17, 74.31s/it]
[07:32:03] evaluating:  97%|█████████████████████████████████████████████████████████████████████████████████████████████████████████████████████████████████████████████████████████████████████████████████████████████████████████████████████▋       | 495/512 [2:55:02<10:12, 36.04s/it]
[07:32:28] evaluating:  97%|██████████████████████████████████████████████████████████████████████████████████████████████████████████████████████████████████████████████████████████████████████████████████████████████████████████████████████       | 496/512 [2:55:27<08:45, 32.82s/it]
[07:32:46] evaluating:  97%|██████████████████████████████████████████████████████████████████████████████████████████████████████████████████████████████████████████████████████████████████████████████████████████████████████████████████████▌      | 497/512 [2:55:45<07:04, 28.29s/it]
[07:33:15] adaptive rollouts 192/192:  46%|████████████████████████████████████████████████████████████████████████████████████████████████▎                                                                                                                 | 11/24 [11:16<05:39, 26.15s/it]
[07:33:51] evaluating:  97%|██████████████████████████████████████████████████████████████████████████████████████████████████████████████████████████████████████████████████████████████████████████████████████████████████████████████████████▉      | 498/512 [2:56:50<09:10, 39.29s/it]
[07:34:28] adaptive rollouts 192/192:  54%|█████████████████████████████████████████████████████████████████████████████████████████████████████████████████▋                                                                                                | 13/24 [12:29<05:44, 31.33s/it]
[07:34:44] evaluating:  98%|███████████████████████████████████████████████████████████████████████████████████████████████████████████████████████████████████████████████████████████████████████████████████████████████████████████████████████▊     | 500/512 [2:57:43<06:20, 31.67s/it]
[07:35:09] adaptive rollouts 192/192:  62%|███████████████████████████████████████████████████████████████████████████████████████████████████████████████████████████████████▎                                                                              | 15/24 [13:10<04:08, 27.64s/it]
[07:35:16] evaluating:  98%|████████████████████████████████████████████████████████████████████████████████████████████████████████████████████████████████████████████████████████████████████████████████████████████████████████████████████████▎    | 501/512 [2:58:16<05:52, 32.00s/it]
[07:36:25] evaluating:  98%|█████████████████████████████████████████████████████████████████████████████████████████████████████████████████████████████████████████████████████████████████████████████████████████████████████████████████████████    | 503/512 [2:59:24<04:30, 30.08s/it]
[07:36:40] evaluating:  99%|█████████████████████████████████████████████████████████████████████████████████████████████████████████████████████████████████████████████████████████████████████████████████████████████████████████████████████████▉   | 505/512 [2:59:39<02:06, 18.02s/it]
[07:37:45] evaluating:  99%|██████████████████████████████████████████████████████████████████████████████████████████████████████████████████████████████████████████████████████████████████████████████████████████████████████████████████████████▍  | 506/512 [3:00:44<03:11, 31.98s/it]
[07:38:01] evaluating:  99%|██████████████████████████████████████████████████████████████████████████████████████████████████████████████████████████████████████████████████████████████████████████████████████████████████████████████████████████▊  | 507/512 [3:01:00<02:16, 27.31s/it]
[07:38:15] evaluating:  99%|███████████████████████████████████████████████████████████████████████████████████████████████████████████████████████████████████████████████████████████████████████████████████████████████████████████████████████████▎ | 508/512 [3:01:14<01:33, 23.40s/it]
[07:38:39] evaluating:  99%|███████████████████████████████████████████████████████████████████████████████████████████████████████████████████████████████████████████████████████████████████████████████████████████████████████████████████████████▋ | 509/512 [3:01:38<01:10, 23.56s/it]
[07:38:50] evaluating: 100%|████████████████████████████████████████████████████████████████████████████████████████████████████████████████████████████████████████████████████████████████████████████████████████████████████████████████████████████▏| 510/512 [3:01:49<00:39, 19.58s/it]
[07:42:52] adaptive rollouts 192/192: 100%|██████████████████████████████████████████████████████████████████████████████████████████████████████████████████████████████████████████████████████████████████████████████████████████████████████████████████| 24/24 [20:54<00:00, 52.27s/it]
[07:42:52] [step 2] coder format recovery skipped: 415/512 complete blocks (at least 50%); 97 incomplete original(s) retain failure reward
[07:42:53] vllm reference logprobs:   0%|                                                                                                                                                                                                                            | 0/512 [00:00<?, ?it/s]
[07:46:47] vllm reference logprobs:  12%|██████████████████████████▍                                                                                                                                                                                        | 64/512 [03:54<27:18,  3.66s/it]
[07:46:48] vllm reference logprobs:  25%|████████████████████████████████████████████████████▌                                                                                                                                                             | 128/512 [03:54<09:41,  1.51s/it]
[07:46:48] vllm reference logprobs:  38%|██████████████████████████████████████████████████████████████████████████████▊                                                                                                                                   | 192/512 [03:55<04:23,  1.21it/s]
[07:46:48] vllm reference logprobs:  50%|█████████████████████████████████████████████████████████████████████████████████████████████████████████                                                                                                         | 256/512 [03:55<02:07,  2.00it/s]
[07:46:50] vllm reference logprobs:  62%|███████████████████████████████████████████████████████████████████████████████████████████████████████████████████████████████████▎                                                                              | 320/512 [03:56<01:02,  3.05it/s]
[07:46:50] vllm reference logprobs:  75%|█████████████████████████████████████████████████████████████████████████████████████████████████████████████████████████████████████████████████████████████▌                                                    | 384/512 [03:57<00:28,  4.54it/s]
[07:46:51] vllm reference logprobs:  88%|███████████████████████████████████████████████████████████████████████████████████████████████████████████████████████████████████████████████████████████████████████████████████████▊                          | 448/512 [03:57<00:09,  6.65it/s]
[07:46:51] vllm reference logprobs: 100%|██████████████████████████████████████████████████████████████████████████████████████████████████████████████████████████████████████████████████████████████████████████████████████████████████████████████████| 512/512 [03:58<00:00,  2.15it/s]
[07:46:51] [step 2] vLLM logprobs: rollout 512/512, reference 512/512 in 238.9s (HF exact reference fallbacks: 0; CPU evaluations completed during scoring: 511->511)
[07:46:53] [gpu] keeping trainer replicas offloaded until the adapter update
[07:46:54] [train-process] restoring 8 process trainers while CPU evaluation continues
[07:48:08] [step 2] entropic evaluation/training overlap started; 1/512 CPU evaluations still pending
[07:48:08] [train-memory] cuda:4: starting long-sequence mode (gradient checkpointing, CPU activation offload, reserved GPU headroom)
[07:48:08] [train-memory] cuda:6: starting long-sequence mode (gradient checkpointing, CPU activation offload, reserved GPU headroom)
[07:48:08] [step 2] entropic overlap: group 0 reward-complete; queued 64 examples to all GPUs; 1/512 CPU evaluations still pending
[07:48:08] [step 2] entropic overlap: group 1 reward-complete; queued 64 examples to all GPUs; 1/512 CPU evaluations still pending
[07:48:08] [step 2] entropic overlap: group 2 reward-complete; queued 64 examples to all GPUs; 1/512 CPU evaluations still pending
[07:48:08] [step 2] entropic overlap: group 3 reward-complete; queued 64 examples to all GPUs; 1/512 CPU evaluations still pending
[07:48:09] [step 2] entropic overlap: group 4 reward-complete; queued 64 examples to all GPUs; 1/512 CPU evaluations still pending
[07:48:09] [step 2] entropic overlap: group 5 reward-complete; queued 64 examples to all GPUs; 1/512 CPU evaluations still pending
[07:48:09] [step 2] entropic overlap: group 6 reward-complete; queued 64 examples to all GPUs; 1/512 CPU evaluations still pending
[07:48:42] [train-memory] cuda:6: starting long-sequence mode (gradient checkpointing, reserved GPU headroom)
[07:48:42] [train-memory] cuda:4: starting long-sequence mode (gradient checkpointing, reserved GPU headroom)
[07:50:46] [train-memory] cuda:6: starting long-sequence mode (gradient checkpointing, CPU activation offload, reserved GPU headroom)
[07:50:46] [train-memory] cuda:0: starting long-sequence mode (gradient checkpointing, CPU activation offload, reserved GPU headroom)
[07:50:46] [train-memory] cuda:3: starting long-sequence mode (gradient checkpointing, CPU activation offload, reserved GPU headroom)
[07:50:46] [train-memory] cuda:7: starting long-sequence mode (gradient checkpointing, CPU activation offload, reserved GPU headroom)
[07:50:46] [train-memory] cuda:2: starting long-sequence mode (gradient checkpointing, CPU activation offload, reserved GPU headroom)
[07:51:18] [train-memory] cuda:2: starting long-sequence mode (gradient checkpointing, reserved GPU headroom)
[07:51:19] [train-memory] cuda:7: starting long-sequence mode (gradient checkpointing, reserved GPU headroom)
[07:51:20] [train-memory] cuda:3: starting long-sequence mode (gradient checkpointing, reserved GPU headroom)
[07:51:21] [train-memory] cuda:0: starting long-sequence mode (gradient checkpointing, reserved GPU headroom)
[07:51:47] [train-memory] cuda:6: starting long-sequence mode (gradient checkpointing, reserved GPU headroom)
[07:52:25] [step 2] entropic overlap: group 7 reward-complete; queued 64 examples to all GPUs; 0/512 CPU evaluations still pending
[07:52:25] [step 2] entropic overlap queued 512 examples (old logprobs 512/512, reference 512/512); backward continues while rollout artifacts are processed; optimizer step deferred
[07:52:25] evaluating: 100%|█████████████████████████████████████████████████████████████████████████████████████████████████████████████████████████████████████████████████████████████████████████████████████████████████████████████████████████████| 512/512 [3:15:24<00:00, 22.90s/it]
[07:52:25] [step 2] rollout phase 2 complete parent 0/fold 0: hurdle expected-best; evaluated 24 phase-2 rollouts
[07:52:25] [step 2]   strategy 0: mean=2.084835962, variance=1.088698644, valid=8/10, improved=2/10, posterior-improve=0.250000, initial-EI=3.2529251e-12, phase2=0, total=10, [38;5;208mpilot best raw C₅ bound=0.380917492[0m
[07:52:25] [step 2]   strategy 1: mean=2.299958437, variance=0.622473267, valid=9/10, improved=2/10, posterior-improve=0.250000, initial-EI=2.15454e-11, phase2=24, total=34, [38;5;208mpilot best raw C₅ bound=0.380917492[0m [93m--> best raw after new rollouts C₅ bound=0.380917492[0m
[07:52:25] [step 2]   strategy 2: mean=2.055905246, variance=1.073399216, valid=8/10, improved=1/10, posterior-improve=0.166667, initial-EI=3.25152494e-12, phase2=0, total=10, [38;5;208mpilot best raw C₅ bound=0.380917492[0m
[07:52:25] [step 2]   strategy 3: mean=1.283178722, variance=1.653335636, valid=5/10, improved=1/10, posterior-improve=0.166667, initial-EI=4.45104392e-12, phase2=0, total=10, [38;5;208mpilot best raw C₅ bound=0.380917492[0m
[07:52:25] [step 2] rollout phase 2 complete parent 1/fold 0: hurdle expected-best; evaluated 24 phase-2 rollouts
[07:52:25] [step 2]   strategy 0: mean=2.036345271, variance=1.067312851, valid=8/10, improved=6/10, posterior-improve=0.583333, initial-EI=9.69716688e-08, phase2=0, total=10, [38;5;208mpilot best raw C₅ bound=0.380917368[0m
[07:52:25] [step 2]   strategy 1: mean=2.098225869, variance=1.100671676, valid=8/10, improved=7/10, posterior-improve=0.666667, initial-EI=8.18585719e-08, phase2=0, total=10, [38;5;208mpilot best raw C₅ bound=0.380917369[0m
[07:52:25] [step 2]   strategy 2: mean=1.837666177, variance=1.447292991, valid=7/10, improved=6/10, posterior-improve=0.583333, initial-EI=1.70172875e-07, phase2=24, total=34, [38;5;208mpilot best raw C₅ bound=0.380917312[0m [93m--> best raw after new rollouts C₅ bound=0.380917312[0m
[07:52:25] [step 2]   strategy 3: mean=1.312618164, variance=1.722966443, valid=5/10, improved=4/10, posterior-improve=0.416667, initial-EI=5.25089348e-08, phase2=0, total=10, [38;5;208mpilot best raw C₅ bound=0.380917389[0m
[07:52:25] [step 2] rollout phase 2 complete parent 2/fold 0: hurdle expected-best; evaluated 24 phase-2 rollouts
[07:52:25] [step 2]   strategy 0: mean=2.362711045, variance=0.620267054, valid=9/10, improved=6/10, posterior-improve=0.583333, initial-EI=8.36905961e-09, phase2=0, total=10, [38;5;208mpilot best raw C₅ bound=0.380917917[0m
[07:52:25] [step 2]   strategy 1: mean=1.837664623, variance=1.447290543, valid=7/10, improved=7/10, posterior-improve=0.666667, initial-EI=1.70752736e-08, phase2=0, total=10, [38;5;208mpilot best raw C₅ bound=0.380917795[0m
[07:52:25] [step 2]   strategy 2: mean=1.000300175, variance=1.508645542, valid=4/10, improved=2/10, posterior-improve=0.250000, initial-EI=3.51886338e-09, phase2=0, total=10, [38;5;208mpilot best raw C₅ bound=0.380918436[0m
[07:52:25] [step 2]   strategy 3: mean=1.837665610, variance=1.447292098, valid=7/10, improved=6/10, posterior-improve=0.583333, initial-EI=5.90083509e-08, phase2=24, total=34, [38;5;208mpilot best raw C₅ bound=0.380917714[0m [93m--> best raw after new rollouts C₅ bound=0.380917489[0m
[07:52:25] [step 2] rollout phase 2 complete parent 3/fold 0: hurdle expected-best; evaluated 24 phase-2 rollouts
[07:52:25] [step 2]   strategy 0: mean=1.675160423, variance=1.428975955, valid=7/10, improved=2/10, posterior-improve=0.250000, initial-EI=2.83619758e-08, phase2=0, total=10, [38;5;208mpilot best raw C₅ bound=0.380918442[0m
[07:52:25] [step 2]   strategy 1: mean=1.837662031, variance=1.447286460, valid=7/10, improved=5/10, posterior-improve=0.500000, initial-EI=2.44255791e-07, phase2=24, total=34, [38;5;208mpilot best raw C₅ bound=0.380917429[0m [93m--> best raw after new rollouts C₅ bound=0.380917429[0m
[07:52:25] [step 2]   strategy 2: mean=1.312577125, variance=1.722858718, valid=5/10, improved=0/10, posterior-improve=0.083333, initial-EI=2.66538338e-08, phase2=0, total=10, [38;5;208mpilot best raw C₅ bound=0.380919750[0m
[07:52:25] [step 2]   strategy 3: mean=2.092320715, variance=1.094992595, valid=8/10, improved=5/10, posterior-improve=0.500000, initial-EI=1.27189739e-07, phase2=0, total=10, [38;5;208mpilot best raw C₅ bound=0.380917578[0m
[07:52:25] [step 2] rollout phase 2 complete parent 4/fold 0: hurdle expected-best; evaluated 24 phase-2 rollouts
[07:52:25] [step 2]   strategy 0: mean=1.575130156, variance=1.654023338, valid=6/10, improved=4/10, posterior-improve=0.416667, initial-EI=1.32697475e-08, phase2=0, total=10, [38;5;208mpilot best raw C₅ bound=0.380918427[0m
[07:52:25] [step 2]   strategy 1: mean=1.837659953, variance=1.447283187, valid=7/10, improved=6/10, posterior-improve=0.583333, initial-EI=1.20515682e-07, phase2=24, total=34, [38;5;208mpilot best raw C₅ bound=0.380917410[0m [93m--> best raw after new rollouts C₅ bound=0.380917410[0m
[07:52:25] [step 2]   strategy 2: mean=2.347432457, variance=0.614187963, valid=9/10, improved=5/10, posterior-improve=0.500000, initial-EI=3.27957462e-08, phase2=0, total=10, [38;5;208mpilot best raw C₅ bound=0.380917898[0m
[07:52:25] [step 2]   strategy 3: mean=1.047588301, variance=1.646203572, valid=4/10, improved=1/10, posterior-improve=0.166667, initial-EI=6.93417198e-08, phase2=0, total=10, [38;5;208mpilot best raw C₅ bound=0.380917623[0m
[07:52:25] [step 2] rollout phase 2 complete parent 5/fold 0: hurdle expected-best; evaluated 24 phase-2 rollouts
[07:52:25] [step 2]   strategy 0: mean=1.532412200, variance=1.578334824, valid=6/10, improved=3/10, posterior-improve=0.333333, initial-EI=2.21276556e-07, phase2=24, total=34, [38;5;208mpilot best raw C₅ bound=0.380917827[0m [93m--> best raw after new rollouts C₅ bound=0.380917551[0m
[07:52:25] [step 2]   strategy 1: mean=1.968716455, variance=1.120172092, valid=8/10, improved=4/10, posterior-improve=0.416667, initial-EI=4.69351893e-08, phase2=0, total=10, [38;5;208mpilot best raw C₅ bound=0.380918527[0m
[07:52:25] [step 2]   strategy 2: mean=0.874733652, variance=1.336644741, valid=4/10, improved=2/10, posterior-improve=0.250000, initial-EI=1.76905673e-08, phase2=0, total=10, [38;5;208mpilot best raw C₅ bound=0.380921188[0m
[07:52:25] [step 2]   strategy 3: mean=2.100176886, variance=1.102685739, valid=8/10, improved=6/10, posterior-improve=0.583333, initial-EI=5.02178319e-08, phase2=0, total=10, [38;5;208mpilot best raw C₅ bound=0.380918528[0m
[07:52:25] [step 2] rollout phase 2 complete parent 6/fold 0: hurdle expected-best; evaluated 24 phase-2 rollouts
[07:52:25] [step 2]   strategy 0: mean=1.312613312, variance=1.722953706, valid=5/10, improved=4/10, posterior-improve=0.416667, initial-EI=3.81064331e-07, phase2=24, total=34, [38;5;208mpilot best raw C₅ bound=0.380918392[0m [93m--> best raw after new rollouts C₅ bound=0.380917361[0m
[07:52:25] [step 2]   strategy 1: mean=0.848864143, variance=1.211103260, valid=4/10, improved=2/10, posterior-improve=0.250000, initial-EI=1.33756658e-07, phase2=0, total=10, [38;5;208mpilot best raw C₅ bound=0.380918528[0m
[07:52:25] [step 2]   strategy 2: mean=1.226298230, variance=1.563405893, valid=5/10, improved=4/10, posterior-improve=0.416667, initial-EI=8.116252e-08, phase2=0, total=10, [38;5;208mpilot best raw C₅ bound=0.380918833[0m
[07:52:25] [step 2]   strategy 3: mean=1.312614953, variance=1.722958014, valid=5/10, improved=5/10, posterior-improve=0.500000, initial-EI=2.49416705e-07, phase2=0, total=10, [38;5;208mpilot best raw C₅ bound=0.380918528[0m
[07:52:25] [step 2] rollout phase 2 complete parent 7/fold 0: hurdle expected-best; evaluated 24 phase-2 rollouts
[07:52:25] [step 2]   strategy 0: mean=2.100176400, variance=1.102685228, valid=8/10, improved=6/10, posterior-improve=0.583333, initial-EI=9.36112869e-09, phase2=0, total=10, [38;5;208mpilot best raw C₅ bound=0.380918833[0m
[07:52:25] [step 2]   strategy 1: mean=1.430171943, variance=1.529083616, valid=6/10, improved=4/10, posterior-improve=0.416667, initial-EI=7.8762784e-09, phase2=0, total=10, [38;5;208mpilot best raw C₅ bound=0.380919909[0m
[07:52:25] [step 2]   strategy 2: mean=1.775136084, variance=1.383981361, valid=7/10, improved=5/10, posterior-improve=0.500000, initial-EI=1.69341071e-07, phase2=24, total=34, [38;5;208mpilot best raw C₅ bound=0.380917681[0m [93m--> best raw after new rollouts C₅ bound=0.380917681[0m
[07:52:25] [step 2]   strategy 3: mean=2.100174575, variance=1.102683312, valid=8/10, improved=6/10, posterior-improve=0.583333, initial-EI=1.03102647e-08, phase2=0, total=10, [38;5;208mpilot best raw C₅ bound=0.380918733[0m
[07:52:25]   group 0: rewards min=0.000000000 mean=2.009401557 max=2.625240362  valid=50/64  beta=1048576.000000000
[07:52:25]   group 1: rewards min=0.000000000 mean=1.700239335 max=2.625241597  valid=42/64  beta=161305.630501333
[07:52:25]   group 2: rewards min=0.000000000 mean=1.834388290 max=2.625240379  valid=45/64  beta=334418.152019278
[07:52:26]   group 3: rewards min=0.000000000 mean=1.778206763 max=2.625240792  valid=44/64  beta=105728.512940414
[07:52:26]   group 4: rewards min=0.000000000 mean=1.758956666 max=2.625240927  valid=43/64  beta=1745.085807647
[07:52:26]   group 5: rewards min=0.000000000 mean=1.623147907 max=2.625239950  valid=41/64  beta=15678.101306167
[07:52:26]   group 6: rewards min=0.000000000 mean=1.349723913 max=2.625241260  valid=34/64  beta=2.862834332
[07:52:26]   group 7: rewards min=0.000000000 mean=1.582644624 max=2.625239060  valid=40/64  beta=40181.911394809
[07:52:27] [step 2] saved 512 rollout .txt/.meta.json pairs before adapter update
[07:52:27] [step 2] rollout+eval+overlapped-backward wall time: 11726.0s  training examples: 512  new children: 339
[07:52:27] [step 2] strategy archive: valid=339, unique-new=339, top-2/strategy=64, survived parent-top-8/global-cap=64
[07:52:27] [92m[step 2] best-ever raw C₅ bound: 0.380917312 (lower is better; reward=2.625241597, found step=2)  ★ NEW RUN BEST[0m
[07:52:27] [step 2] starting adapter training; rollout artifacts are already on disk
[07:53:57] [train-memory] cuda:5: starting long-sequence mode (gradient checkpointing, CPU activation offload, reserved GPU headroom)
[07:53:57] [train-memory] cuda:7: starting long-sequence mode (gradient checkpointing, CPU activation offload, reserved GPU headroom)
[07:53:57] [train-memory] cuda:2: starting long-sequence mode (gradient checkpointing, CPU activation offload, reserved GPU headroom)
[07:54:30] [train-memory] cuda:2: starting long-sequence mode (gradient checkpointing, reserved GPU headroom)
[07:54:41] [train-memory] cuda:7: starting long-sequence mode (gradient checkpointing, reserved GPU headroom)
[07:54:42] [train-memory] cuda:5: starting long-sequence mode (gradient checkpointing, reserved GPU headroom)
[07:57:04] [train-memory] cuda:6: starting long-sequence mode (gradient checkpointing, CPU activation offload, reserved GPU headroom)
[07:57:36] [train-memory] cuda:6: starting long-sequence mode (gradient checkpointing, reserved GPU headroom)
[07:59:56] [train-memory] cuda:4: starting long-sequence mode (gradient checkpointing, CPU activation offload, reserved GPU headroom)
[07:59:56] [train-memory] cuda:0: starting long-sequence mode (gradient checkpointing, CPU activation offload, reserved GPU headroom)
[07:59:56] [train-memory] cuda:5: starting long-sequence mode (gradient checkpointing, CPU activation offload, reserved GPU headroom)
[07:59:56] [train-memory] cuda:7: starting long-sequence mode (gradient checkpointing, CPU activation offload, reserved GPU headroom)
[08:00:27] [train-memory] cuda:5: starting long-sequence mode (gradient checkpointing, reserved GPU headroom)
[08:00:28] [train-memory] cuda:7: starting long-sequence mode (gradient checkpointing, reserved GPU headroom)
[08:00:28] [train-memory] cuda:0: starting long-sequence mode (gradient checkpointing, reserved GPU headroom)
[08:00:46] [train-memory] cuda:4: starting long-sequence mode (gradient checkpointing, reserved GPU headroom)
[08:02:54] [train-memory] cuda:7: starting long-sequence mode (gradient checkpointing, CPU activation offload, reserved GPU headroom)
[08:02:54] [train-memory] cuda:0: starting long-sequence mode (gradient checkpointing, CPU activation offload, reserved GPU headroom)
[08:02:55] [train-memory] cuda:6: starting long-sequence mode (gradient checkpointing, CPU activation offload, reserved GPU headroom)
[08:02:55] [train-memory] cuda:5: starting long-sequence mode (gradient checkpointing, CPU activation offload, reserved GPU headroom)
[08:02:55] [train-memory] cuda:3: starting long-sequence mode (gradient checkpointing, CPU activation offload, reserved GPU headroom)
[08:02:57] [train-memory] cuda:1: starting long-sequence mode (gradient checkpointing, CPU activation offload, reserved GPU headroom)
[08:03:27] [train-memory] cuda:6: starting long-sequence mode (gradient checkpointing, reserved GPU headroom)
[08:03:27] [train-memory] cuda:0: starting long-sequence mode (gradient checkpointing, reserved GPU headroom)
[08:03:27] [train-memory] cuda:3: starting long-sequence mode (gradient checkpointing, reserved GPU headroom)
[08:03:28] [train-memory] cuda:5: starting long-sequence mode (gradient checkpointing, reserved GPU headroom)
[08:03:28] [train-memory] cuda:1: starting long-sequence mode (gradient checkpointing, reserved GPU headroom)
[08:03:39] [train-memory] cuda:7: starting long-sequence mode (gradient checkpointing, reserved GPU headroom)
[08:05:42] [train-memory] cuda:2: starting long-sequence mode (gradient checkpointing, CPU activation offload, reserved GPU headroom)
[08:05:43] [train-memory] cuda:5: starting long-sequence mode (gradient checkpointing, CPU activation offload, reserved GPU headroom)
[08:05:43] [train-memory] cuda:0: starting long-sequence mode (gradient checkpointing, CPU activation offload, reserved GPU headroom)
[08:05:43] [train-memory] cuda:1: starting long-sequence mode (gradient checkpointing, CPU activation offload, reserved GPU headroom)
[08:05:44] [train-memory] cuda:6: starting long-sequence mode (gradient checkpointing, CPU activation offload, reserved GPU headroom)
[08:05:44] [train-memory] cuda:3: starting long-sequence mode (gradient checkpointing, CPU activation offload, reserved GPU headroom)
[08:05:44] [train-memory] cuda:4: starting long-sequence mode (gradient checkpointing, CPU activation offload, reserved GPU headroom)
[08:05:46] [train-memory] cuda:7: starting long-sequence mode (gradient checkpointing, CPU activation offload, reserved GPU headroom)
[08:06:18] [train-memory] cuda:4: starting long-sequence mode (gradient checkpointing, reserved GPU headroom)
[08:06:18] [train-memory] cuda:3: starting long-sequence mode (gradient checkpointing, reserved GPU headroom)
[08:06:27] [train-memory] cuda:0: starting long-sequence mode (gradient checkpointing, reserved GPU headroom)
[08:06:32] [train-memory] cuda:5: starting long-sequence mode (gradient checkpointing, reserved GPU headroom)
[08:06:34] [train-memory] cuda:2: starting long-sequence mode (gradient checkpointing, reserved GPU headroom)
[08:06:49] [train-memory] cuda:1: starting long-sequence mode (gradient checkpointing, reserved GPU headroom)
[08:06:49] [train-memory] cuda:7: starting long-sequence mode (gradient checkpointing, reserved GPU headroom)
[08:06:50] [train-memory] cuda:6: starting long-sequence mode (gradient checkpointing, reserved GPU headroom)
[08:08:58] [train-memory] cuda:7: starting long-sequence mode (gradient checkpointing, CPU activation offload, reserved GPU headroom)
[08:08:58] [train-memory] cuda:1: starting long-sequence mode (gradient checkpointing, CPU activation offload, reserved GPU headroom)
[08:08:58] [train-memory] cuda:3: starting long-sequence mode (gradient checkpointing, CPU activation offload, reserved GPU headroom)
[08:09:29] [train-memory] cuda:3: starting long-sequence mode (gradient checkpointing, reserved GPU headroom)
[08:09:33] [train-memory] cuda:1: starting long-sequence mode (gradient checkpointing, reserved GPU headroom)
[08:09:34] [train-memory] cuda:7: starting long-sequence mode (gradient checkpointing, reserved GPU headroom)
[08:11:52] [train-oom] cuda:5: retrying the same workload with gradient checkpointing
[08:12:01] [train-oom] cuda:5: retrying the same workload with gradient checkpointing
[08:12:08] [train-process] trained examples/GPU=[63, 63, 65, 65, 64, 65, 63, 64]; backward batches/GPU=[63, 63, 65, 65, 64, 65, 63, 64]; final padded-token budgets/GPU=[262144, 262144, 262144, 262144, 262144, 262144, 262144, 262144]; peak memory/GPU=[95.4, 96.0, 94.1, 93.7, 94.3, 96.0, 94.2, 93.0]%; allocator caps/GPU=[92.8, 92.8, 92.6, 92.8, 92.8, 92.8, 92.8, 92.8]%
[08:12:08] [step 2] train time: 1423.4s  avg loss: -0.001956351  avg logpi_theta - logpi_base: -0.000118243  IS ratio mean=0.999998377 max=5.418  OOM-quarantined=0 (forward/backward overlapped CPU evaluation)
[08:12:08] [step 2] best so far: value=2.625241597 raw=0.380917312  (step total 12908.7s, archive=200)
[08:12:08] [step 2] TOTAL TRAINING TIME: 1423.4s  (run cumulative 4085.9s)
[08:12:27] [step 2] coder entropy: 0.206110 nats; measured 512/512 rollouts (8300146/8300146 response tokens); updated entropy.jsonl, entropy.pdf, strategy_diversity.svg
[08:12:27] [checkpoint] removed 1 superseded adapter snapshot(s); retained adapter_step002
[08:12:27] [checkpoint] completed step 2; resume at step 3

[08:12:27] [step 3] parents picked: 8
[08:12:27]   parent 0 [expanded]  value=2.625241597  n=0  Q=2.625241597  P=0.009950249  bonus=0.048856200  score=2.674097797
[08:12:27]   parent 1 [expanded]  value=2.625241547  n=0  Q=2.625241547  P=0.009900498  bonus=0.048611919  score=2.673853467
[08:12:27]   parent 2 [expanded]  value=2.625241260  n=0  Q=2.625241260  P=0.009850746  bonus=0.048367638  score=2.673608898
[08:12:27]   parent 3 [expanded]  value=2.625241212  n=0  Q=2.625241212  P=0.009800995  bonus=0.048123357  score=2.673364569
[08:12:27]   parent 4 [expanded]  value=2.625241210  n=0  Q=2.625241210  P=0.009751244  bonus=0.047879076  score=2.673120286
[08:12:27]   parent 5 [expanded]  value=2.625241072  n=0  Q=2.625241072  P=0.009701493  bonus=0.047634795  score=2.672875867
[08:12:27]   parent 6 [expanded]  value=2.625240927  n=0  Q=2.625240927  P=0.009651741  bonus=0.047390514  score=2.672631441
[08:12:27]   parent 7 [expanded]  value=2.625240792  n=0  Q=2.625240792  P=0.009601990  bonus=0.047146233  score=2.672387025
[08:12:30] evaluating:   0%|                                                                                                                                                                                                                                         | 0/512 [00:00<?, ?it/s]
[08:15:24] [warn] strategy 1, chain 7: missing complete final strategy; format retry 1/3 with unchanged reasoning/sampling
[08:15:31] strategies pipelined:   0%|                                                                                                                                                                                                                                | 0/32 [00:00<?, ?it/s]
[08:15:31] strategies pipelined:   3%|██████▊                                                                                                                                                                                                                 | 1/32 [01:39<51:32, 99.76s/it]
[08:15:39] strategies pipelined:   6%|█████████████▌                                                                                                                                                                                                          | 2/32 [01:48<23:01, 46.06s/it]
[08:15:46] strategies pipelined:   9%|████████████████████▎                                                                                                                                                                                                   | 3/32 [01:54<13:31, 27.99s/it]
[08:16:11] [warn] strategy 1, chain 8: missing complete final strategy; format retry 1/3 with unchanged reasoning/sampling
[08:16:15] strategies pipelined:  12%|███████████████████████████                                                                                                                                                                                             | 4/32 [01:55<08:01, 17.18s/it]
[08:16:15] strategies pipelined:  16%|█████████████████████████████████▊                                                                                                                                                                                      | 5/32 [02:23<09:30, 21.13s/it]
[08:17:04] [warn] strategy 1, chain 4: missing complete final strategy; format retry 1/3 with unchanged reasoning/sampling
[08:17:13] strategies pipelined:  19%|████████████████████████████████████████▌                                                                                                                                                                               | 6/32 [03:08<12:43, 29.38s/it]
[08:17:13] strategies pipelined:  22%|███████████████████████████████████████████████▎                                                                                                                                                                        | 7/32 [03:22<10:03, 24.15s/it]
[08:17:43] strategies pipelined:  25%|██████████████████████████████████████████████████████                                                                                                                                                                  | 8/32 [03:51<10:19, 25.82s/it]
[08:17:54] strategies pipelined:  28%|████████████████████████████████████████████████████████████▊                                                                                                                                                           | 9/32 [04:03<08:11, 21.36s/it]
[08:18:08] strategies pipelined:  31%|███████████████████████████████████████████████████████████████████▏                                                                                                                                                   | 10/32 [04:17<06:59, 19.08s/it]
[08:18:18] strategies pipelined:  34%|█████████████████████████████████████████████████████████████████████████▉                                                                                                                                             | 11/32 [04:27<05:42, 16.32s/it]
[08:18:39] strategies pipelined:  38%|████████████████████████████████████████████████████████████████████████████████▋                                                                                                                                      | 12/32 [04:47<05:51, 17.59s/it]
[08:18:51] strategies pipelined:  41%|███████████████████████████████████████████████████████████████████████████████████████▎                                                                                                                               | 13/32 [04:59<05:01, 15.89s/it]
[08:19:07] strategies pipelined:  44%|██████████████████████████████████████████████████████████████████████████████████████████████                                                                                                                         | 14/32 [05:16<04:48, 16.04s/it]
[08:19:10] strategies pipelined:  47%|████████████████████████████████████████████████████████████████████████████████████████████████████▊                                                                                                                  | 15/32 [05:18<03:25, 12.08s/it]
[08:19:40] strategies pipelined:  50%|███████████████████████████████████████████████████████████████████████████████████████████████████████████▌                                                                                                           | 16/32 [05:48<04:37, 17.32s/it]
[08:20:01] strategies pipelined:  53%|██████████████████████████████████████████████████████████████████████████████████████████████████████████████████▏                                                                                                    | 17/32 [06:09<04:36, 18.45s/it]
[08:20:24] strategies pipelined:  56%|████████████████████████████████████████████████████████████████████████████████████████████████████████████████████████▉                                                                                              | 18/32 [06:33<04:39, 19.98s/it]
[08:20:30] strategies pipelined:  59%|███████████████████████████████████████████████████████████████████████████████████████████████████████████████████████████████▋                                                                                       | 19/32 [06:38<03:24, 15.75s/it]
[08:20:45] strategies pipelined:  62%|██████████████████████████████████████████████████████████████████████████████████████████████████████████████████████████████████████▍                                                                                | 20/32 [06:54<03:07, 15.59s/it]
[08:21:02] strategies pipelined:  66%|█████████████████████████████████████████████████████████████████████████████████████████████████████████████████████████████████████████████                                                                          | 21/32 [07:11<02:55, 16.00s/it]
[08:21:13] strategies pipelined:  69%|███████████████████████████████████████████████████████████████████████████████████████████████████████████████████████████████████████████████████▊                                                                   | 22/32 [07:22<02:24, 14.48s/it]
[08:21:16] strategies pipelined:  72%|██████████████████████████████████████████████████████████████████████████████████████████████████████████████████████████████████████████████████████████▌                                                            | 23/32 [07:24<01:38, 10.96s/it]
[08:21:25] strategies pipelined:  75%|█████████████████████████████████████████████████████████████████████████████████████████████████████████████████████████████████████████████████████████████████▎                                                     | 24/32 [07:33<01:22, 10.32s/it]
[08:21:34] strategies pipelined:  78%|███████████████████████████████████████████████████████████████████████████████████████████████████████████████████████████████████████████████████████████████████████▉                                               | 25/32 [07:43<01:10, 10.13s/it]
[08:21:43] strategies pipelined:  81%|██████████████████████████████████████████████████████████████████████████████████████████████████████████████████████████████████████████████████████████████████████████████▋                                        | 26/32 [07:52<00:58,  9.77s/it]
[08:21:54] strategies pipelined:  84%|█████████████████████████████████████████████████████████████████████████████████████████████████████████████████████████████████████████████████████████████████████████████████████▍                                 | 27/32 [08:03<00:50, 10.14s/it]
[08:22:55] strategies pipelined:  88%|████████████████████████████████████████████████████████████████████████████████████████████████████████████████████████████████████████████████████████████████████████████████████████████▏                          | 28/32 [09:03<01:40, 25.23s/it]
[08:22:56] strategies pipelined:  91%|██████████████████████████████████████████████████████████████████████████████████████████████████████████████████████████████████████████████████████████████████████████████████████████████████▊                    | 29/32 [09:04<00:53, 17.97s/it]
[08:23:24] strategies pipelined:  94%|█████████████████████████████████████████████████████████████████████████████████████████████████████████████████████████████████████████████████████████████████████████████████████████████████████████▌             | 30/32 [09:32<00:42, 21.03s/it]
[08:25:26] strategies pipelined:  97%|████████████████████████████████████████████████████████████████████████████████████████████████████████████████████████████████████████████████████████████████████████████████████████████████████████████████▎      | 31/32 [11:35<00:51, 51.45s/it]
[08:26:05] strategies pipelined: 100%|███████████████████████████████████████████████████████████████████████████████████████████████████████████████████████████████████████████████████████████████████████████████████████████████████████████████████████| 32/32 [12:14<00:00, 22.94s/it]
[08:26:06] [gpu] keeping trainer replicas offloaded until the adapter update
[08:26:08] pilot rollouts:   0%|                                                                                                                                                                                                                                     | 0/320 [00:00<?, ?it/s]
[08:31:46] pilot rollouts:   0%|▋                                                                                                                                                                                                                        | 1/320 [05:37<29:56:07, 337.83s/it]
[08:33:11] pilot rollouts:   1%|█▎                                                                                                                                                                                                                       | 2/320 [07:02<16:41:01, 188.87s/it]
[08:33:32] pilot rollouts:   1%|██                                                                                                                                                                                                                        | 3/320 [07:23<9:54:06, 112.45s/it]
[08:35:33] pilot rollouts:   1%|██▋                                                                                                                                                                                                                      | 4/320 [09:24<10:09:06, 115.65s/it]
[08:35:36] pilot rollouts:   2%|███▍                                                                                                                                                                                                                       | 5/320 [09:27<6:33:42, 74.99s/it]
[08:36:01] pilot rollouts:   2%|████                                                                                                                                                                                                                       | 6/320 [09:52<5:04:16, 58.14s/it]
[08:36:08] pilot rollouts:   2%|████▊                                                                                                                                                                                                                      | 7/320 [09:59<3:35:53, 41.38s/it]
[08:36:17] pilot rollouts:   2%|█████▍                                                                                                                                                                                                                     | 8/320 [10:08<2:41:23, 31.04s/it]
[08:36:21] evaluating:   0%|▍                                                                                                                                                                                                                          | 1/512 [23:51<203:10:47, 1431.40s/it]
[08:36:36] pilot rollouts:   3%|██████▊                                                                                                                                                                                                                   | 10/320 [10:28<1:46:39, 20.64s/it]
[08:36:42] evaluating:   0%|▊                                                                                                                                                                                                                            | 2/512 [24:12<85:16:09, 601.90s/it]
[08:37:26] pilot rollouts:   4%|████████▏                                                                                                                                                                                                                 | 12/320 [11:17<2:05:42, 24.49s/it]
[08:37:47] evaluating:   1%|█▎                                                                                                                                                                                                                           | 3/512 [25:17<50:27:00, 356.82s/it]
[08:38:27] pilot rollouts:   4%|█████████▌                                                                                                                                                                                                                | 14/320 [12:19<2:28:53, 29.19s/it]
[08:38:36] pilot rollouts:   5%|██████████▏                                                                                                                                                                                                               | 15/320 [12:27<1:56:55, 23.00s/it]
[08:38:39] pilot rollouts:   5%|██████████▉                                                                                                                                                                                                               | 16/320 [12:30<1:25:17, 16.83s/it]
[08:38:43] pilot rollouts:   5%|███████████▌                                                                                                                                                                                                              | 17/320 [12:35<1:06:42, 13.21s/it]
[08:38:49] pilot rollouts:   6%|████████████▍                                                                                                                                                                                                               | 18/320 [12:40<54:54, 10.91s/it]
[08:39:04] pilot rollouts:   6%|████████████▉                                                                                                                                                                                                             | 19/320 [12:56<1:01:44, 12.31s/it]
[08:39:21] pilot rollouts:   6%|█████████████▋                                                                                                                                                                                                            | 20/320 [13:12<1:08:08, 13.63s/it]
[08:39:25] evaluating:   1%|█▋                                                                                                                                                                                                                           | 4/512 [26:55<35:55:56, 254.64s/it]
[08:39:38] pilot rollouts:   7%|███████████████▏                                                                                                                                                                                                            | 22/320 [13:29<56:51, 11.45s/it]
[08:39:47] evaluating:   1%|██▏                                                                                                                                                                                                                          | 5/512 [27:17<24:01:17, 170.57s/it]
[08:39:50] evaluating:   1%|██▌                                                                                                                                                                                                                          | 6/512 [27:20<15:57:49, 113.58s/it]
[08:39:53] evaluating:   1%|███                                                                                                                                                                                                                           | 7/512 [27:23<10:52:27, 77.52s/it]
[08:40:08] evaluating:   2%|███▉                                                                                                                                                                                                                           | 9/512 [27:38<5:34:22, 39.89s/it]
[08:40:22] pilot rollouts:   8%|██████████████████▌                                                                                                                                                                                                         | 27/320 [14:13<55:47, 11.43s/it]
[08:40:26] evaluating:   2%|████▎                                                                                                                                                                                                                         | 10/512 [27:56<4:38:04, 33.24s/it]
[08:40:27] evaluating:   2%|█████▏                                                                                                                                                                                                                        | 12/512 [27:57<2:29:21, 17.92s/it]
[08:40:41] pilot rollouts:   9%|████████████████████▋                                                                                                                                                                                                       | 30/320 [14:33<43:57,  9.10s/it]
[08:40:57] pilot rollouts:  10%|█████████████████████▎                                                                                                                                                                                                      | 31/320 [14:48<53:30, 11.11s/it]
[08:41:03] pilot rollouts:  10%|██████████████████████                                                                                                                                                                                                      | 32/320 [14:54<44:59,  9.37s/it]
[08:41:19] pilot rollouts:  10%|██████████████████████▋                                                                                                                                                                                                     | 33/320 [15:10<54:18, 11.35s/it]
[08:41:41] pilot rollouts:  11%|███████████████████████▏                                                                                                                                                                                                  | 34/320 [15:33<1:10:22, 14.76s/it]
[08:41:50] pilot rollouts:  11%|███████████████████████▊                                                                                                                                                                                                  | 35/320 [15:41<1:01:49, 13.02s/it]
[08:42:26] evaluating:   3%|██████                                                                                                                                                                                                                        | 14/512 [29:56<4:25:35, 32.00s/it]
[08:42:47] evaluating:   3%|██████▉                                                                                                                                                                                                                       | 16/512 [30:17<3:05:09, 22.40s/it]
[08:42:53] pilot rollouts:  12%|█████████████████████████▉                                                                                                                                                                                                | 38/320 [16:44<1:22:10, 17.48s/it]
[08:43:20] evaluating:   3%|███████▎                                                                                                                                                                                                                      | 17/512 [30:50<3:29:27, 25.39s/it]
[08:43:31] evaluating:   4%|███████▊                                                                                                                                                                                                                      | 18/512 [31:01<2:54:36, 21.21s/it]
[08:44:12] evaluating:   4%|█████████                                                                                                                                                                                                                     | 21/512 [31:42<2:24:31, 17.66s/it]
[08:45:00] evaluating:   4%|█████████▌                                                                                                                                                                                                                    | 22/512 [32:30<3:37:47, 26.67s/it]
[08:45:27] evaluating:   4%|█████████▉                                                                                                                                                                                                                    | 23/512 [32:56<3:37:48, 26.72s/it]
[08:46:03] evaluating:   5%|██████████▍                                                                                                                                                                                                                   | 24/512 [33:33<4:00:14, 29.54s/it]
[08:47:15] pilot rollouts:  14%|██████████████████████████████▋                                                                                                                                                                                           | 45/320 [21:06<3:41:03, 48.23s/it]
[08:47:43] evaluating:   5%|██████████▊                                                                                                                                                                                                                   | 25/512 [35:13<6:51:38, 50.71s/it]
[08:47:49] pilot rollouts:  15%|████████████████████████████████                                                                                                                                                                                          | 47/320 [21:40<2:31:06, 33.21s/it]
[08:48:13] evaluating:   5%|████████████▏                                                                                                                                                                                                                 | 28/512 [35:42<3:03:26, 22.74s/it]
[08:48:23] evaluating:   6%|████████████▌                                                                                                                                                                                                                 | 29/512 [35:53<2:33:01, 19.01s/it]
[08:48:40] pilot rollouts:  16%|██████████████████████████████████                                                                                                                                                                                        | 50/320 [22:31<1:43:11, 22.93s/it]
[08:48:41] pilot rollouts:  16%|██████████████████████████████████▋                                                                                                                                                                                       | 51/320 [22:32<1:14:05, 16.53s/it]
[08:49:31] evaluating:   6%|█████████████▍                                                                                                                                                                                                                | 31/512 [37:00<3:18:16, 24.73s/it]
[08:49:43] evaluating:   6%|█████████████▉                                                                                                                                                                                                                | 32/512 [37:13<2:48:56, 21.12s/it]
[08:49:51] evaluating:   6%|██████████████▎                                                                                                                                                                                                               | 33/512 [37:21<2:16:30, 17.10s/it]
[08:49:52] pilot rollouts:  17%|█████████████████████████████████████▍                                                                                                                                                                                    | 55/320 [23:43<1:07:32, 15.29s/it]
[08:50:06] evaluating:   7%|███████████████▏                                                                                                                                                                                                              | 35/512 [37:36<1:39:00, 12.45s/it]
[08:50:17] pilot rollouts:  18%|██████████████████████████████████████▊                                                                                                                                                                                   | 57/320 [24:08<1:05:01, 14.84s/it]
[08:50:28] evaluating:   7%|███████████████▌                                                                                                                                                                                                              | 36/512 [37:58<2:02:24, 15.43s/it]
[08:50:30] pilot rollouts:  19%|█████████████████████████████████████████▎                                                                                                                                                                                  | 60/320 [24:21<36:45,  8.48s/it]
[08:50:37] evaluating:   7%|████████████████                                                                                                                                                                                                              | 37/512 [38:07<1:46:44, 13.48s/it]
[08:50:57] evaluating:   8%|█████████████████▎                                                                                                                                                                                                            | 40/512 [38:27<1:07:00,  8.52s/it]
[08:51:05] evaluating:   8%|█████████████████▊                                                                                                                                                                                                            | 41/512 [38:35<1:06:40,  8.49s/it]
[08:51:27] evaluating:   9%|███████████████████                                                                                                                                                                                                           | 44/512 [38:57<1:08:06,  8.73s/it]
[08:51:40] pilot rollouts:  20%|████████████████████████████████████████████▎                                                                                                                                                                             | 65/320 [25:31<1:08:15, 16.06s/it]
[08:51:47] pilot rollouts:  21%|█████████████████████████████████████████████▍                                                                                                                                                                              | 66/320 [25:39<57:11, 13.51s/it]
[08:52:12] evaluating:   9%|███████████████████▌                                                                                                                                                                                                          | 45/512 [39:42<2:31:52, 19.51s/it]
[08:52:28] evaluating:   9%|███████████████████▉                                                                                                                                                                                                          | 46/512 [39:58<2:23:13, 18.44s/it]
[08:52:43] evaluating:   9%|████████████████████▍                                                                                                                                                                                                         | 47/512 [40:13<2:15:52, 17.53s/it]
[08:53:12] pilot rollouts:  22%|███████████████████████████████████████████████▋                                                                                                                                                                          | 70/320 [27:03<1:28:17, 21.19s/it]
[08:53:21] evaluating:   9%|████████████████████▊                                                                                                                                                                                                         | 48/512 [40:51<3:03:30, 23.73s/it]
[08:53:39] pilot rollouts:  22%|█████████████████████████████████████████████████                                                                                                                                                                         | 72/320 [27:30<1:13:13, 17.71s/it]
[08:53:42] evaluating:  10%|█████████████████████▏                                                                                                                                                                                                        | 49/512 [41:12<2:55:30, 22.74s/it]
[08:53:54] evaluating:  10%|███████████████████████▏                                                                                                                                                                                                        | 53/512 [41:24<55:40,  7.28s/it]
[08:54:06] evaluating:  11%|████████████████████████                                                                                                                                                                                                        | 55/512 [41:36<49:29,  6.50s/it]
[08:54:38] evaluating:  11%|█████████████████████████▏                                                                                                                                                                                                    | 58/512 [42:08<1:09:59,  9.25s/it]
[08:54:57] evaluating:  12%|██████████████████████████▋                                                                                                                                                                                                     | 61/512 [42:27<51:16,  6.82s/it]
[08:55:00] evaluating:  12%|███████████████████████████▏                                                                                                                                                                                                    | 62/512 [42:30<43:09,  5.75s/it]
[08:55:13] evaluating:  12%|████████████████████████████                                                                                                                                                                                                    | 64/512 [42:43<44:58,  6.02s/it]
[08:55:23] evaluating:  13%|████████████████████████████▍                                                                                                                                                                                                   | 65/512 [42:53<53:48,  7.22s/it]
[08:55:32] evaluating:  13%|████████████████████████████▉                                                                                                                                                                                                   | 66/512 [43:02<58:24,  7.86s/it]
[08:55:45] evaluating:  13%|█████████████████████████████                                                                                                                                                                                                 | 67/512 [43:15<1:09:39,  9.39s/it]
[08:55:58] pilot rollouts:  26%|█████████████████████████████████████████████████████████▊                                                                                                                                                                  | 84/320 [29:49<51:07, 13.00s/it]
[08:56:03] pilot rollouts:  27%|██████████████████████████████████████████████████████████▍                                                                                                                                                                 | 85/320 [29:54<41:44, 10.66s/it]
[08:56:05] pilot rollouts:  27%|███████████████████████████████████████████████████████████▏                                                                                                                                                                | 86/320 [29:57<32:19,  8.29s/it]
[08:57:06] evaluating:  14%|███████████████████████████████▉                                                                                                                                                                                                | 73/512 [44:36<57:45,  7.89s/it]
[08:57:10] pilot rollouts:  28%|███████████████████████████████████████████████████████████▉                                                                                                                                                              | 88/320 [31:01<1:27:44, 22.69s/it]
[08:57:48] evaluating:  14%|████████████████████████████████                                                                                                                                                                                              | 74/512 [45:18<2:11:21, 17.99s/it]
[08:58:11] pilot rollouts:  28%|█████████████████████████████████████████████████████████████▎                                                                                                                                                            | 90/320 [32:02<1:40:15, 26.16s/it]
[08:58:23] evaluating:  15%|████████████████████████████████▌                                                                                                                                                                                             | 75/512 [45:53<2:47:49, 23.04s/it]
[08:58:28] pilot rollouts:  29%|██████████████████████████████████████████████████████████████▋                                                                                                                                                           | 92/320 [32:19<1:04:02, 16.85s/it]
[08:59:08] evaluating:  15%|████████████████████████████████▉                                                                                                                                                                                             | 76/512 [46:38<3:35:14, 29.62s/it]
[08:59:13] evaluating:  15%|█████████████████████████████████▍                                                                                                                                                                                            | 77/512 [46:42<2:40:33, 22.15s/it]
[08:59:34] evaluating:  16%|██████████████████████████████████▋                                                                                                                                                                                           | 80/512 [47:04<1:24:33, 11.74s/it]
[08:59:53] evaluating:  16%|███████████████████████████████████                                                                                                                                                                                           | 81/512 [47:23<1:38:29, 13.71s/it]
[09:00:04] pilot rollouts:  30%|██████████████████████████████████████████████████████████████████                                                                                                                                                        | 97/320 [33:56<1:07:54, 18.27s/it]
[09:00:37] pilot rollouts:  31%|██████████████████████████████████████████████████████████████████▊                                                                                                                                                       | 98/320 [34:29<1:23:54, 22.68s/it]
[09:00:41] pilot rollouts:  31%|███████████████████████████████████████████████████████████████████▍                                                                                                                                                      | 99/320 [34:32<1:02:20, 16.93s/it]
[09:00:59] pilot rollouts:  31%|███████████████████████████████████████████████████████████████████▊                                                                                                                                                     | 100/320 [34:51<1:03:47, 17.40s/it]
[09:01:02] evaluating:  16%|███████████████████████████████████▌                                                                                                                                                                                          | 82/512 [48:32<3:37:32, 30.35s/it]
[09:01:55] pilot rollouts:  32%|█████████████████████████████████████████████████████████████████████▏                                                                                                                                                   | 102/320 [35:46<1:30:50, 25.00s/it]
[09:02:03] evaluating:  17%|████████████████████████████████████▊                                                                                                                                                                                         | 85/512 [49:32<2:18:47, 19.50s/it]
[09:02:12] pilot rollouts:  32%|██████████████████████████████████████████████████████████████████████▌                                                                                                                                                  | 104/320 [36:03<1:01:01, 16.95s/it]
[09:02:27] pilot rollouts:  33%|███████████████████████████████████████████████████████████████████████▊                                                                                                                                                   | 105/320 [36:18<58:12, 16.25s/it]
[09:02:39] pilot rollouts:  33%|████████████████████████████████████████████████████████████████████████▌                                                                                                                                                  | 106/320 [36:30<53:34, 15.02s/it]
[09:02:49] evaluating:  17%|█████████████████████████████████████▎                                                                                                                                                                                        | 86/512 [50:19<3:15:07, 27.48s/it]
[09:03:13] pilot rollouts:  34%|█████████████████████████████████████████████████████████████████████████▉                                                                                                                                                 | 108/320 [37:04<59:22, 16.80s/it]
[09:03:52] pilot rollouts:  34%|█████████████████████████████████████████████████████████████████████████▉                                                                                                                                               | 109/320 [37:44<1:22:39, 23.50s/it]
[09:03:58] pilot rollouts:  34%|██████████████████████████████████████████████████████████████████████████▌                                                                                                                                              | 110/320 [37:50<1:03:45, 18.22s/it]
[09:04:07] pilot rollouts:  35%|███████████████████████████████████████████████████████████████████████████▉                                                                                                                                               | 111/320 [37:58<53:04, 15.24s/it]
[09:04:24] pilot rollouts:  35%|████████████████████████████████████████████████████████████████████████████▋                                                                                                                                              | 112/320 [38:16<55:31, 16.02s/it]
[09:04:36] pilot rollouts:  35%|█████████████████████████████████████████████████████████████████████████████▎                                                                                                                                             | 113/320 [38:27<50:48, 14.73s/it]
[09:05:20] pilot rollouts:  36%|█████████████████████████████████████████████████████████████████████████████▎                                                                                                                                           | 114/320 [39:11<1:20:11, 23.36s/it]
[09:05:26] pilot rollouts:  36%|█████████████████████████████████████████████████████████████████████████████▉                                                                                                                                           | 115/320 [39:17<1:01:57, 18.13s/it]
[09:05:27] pilot rollouts:  36%|███████████████████████████████████████████████████████████████████████████████▍                                                                                                                                           | 116/320 [39:18<44:22, 13.05s/it]
[09:05:38] evaluating:  17%|█████████████████████████████████████▋                                                                                                                                                                                        | 87/512 [53:08<8:15:57, 70.02s/it]
[09:05:40] pilot rollouts:  37%|████████████████████████████████████████████████████████████████████████████████▊                                                                                                                                          | 118/320 [39:32<33:32,  9.96s/it]
[09:05:44] pilot rollouts:  37%|█████████████████████████████████████████████████████████████████████████████████▍                                                                                                                                         | 119/320 [39:36<27:23,  8.18s/it]
[09:05:51] evaluating:  17%|██████████████████████████████████████▏                                                                                                                                                                                       | 88/512 [53:21<6:13:32, 52.86s/it]
[09:05:55] pilot rollouts:  38%|██████████████████████████████████████████████████████████████████████████████████▊                                                                                                                                        | 121/320 [39:47<22:35,  6.81s/it]
[09:06:36] evaluating:  18%|████████████████████████████████████████▊                                                                                                                                                                                     | 94/512 [54:06<1:25:13, 12.23s/it]
[09:06:50] pilot rollouts:  38%|███████████████████████████████████████████████████████████████████████████████████▍                                                                                                                                     | 123/320 [40:41<1:04:12, 19.56s/it]
[09:07:02] evaluating:  19%|█████████████████████████████████████████▏                                                                                                                                                                                    | 95/512 [54:31<1:52:22, 16.17s/it]
[09:07:17] pilot rollouts:  39%|█████████████████████████████████████████████████████████████████████████████████████▌                                                                                                                                     | 125/320 [41:09<56:51, 17.50s/it]
[09:07:37] pilot rollouts:  39%|██████████████████████████████████████████████████████████████████████████████████████▏                                                                                                                                    | 126/320 [41:28<58:52, 18.21s/it]
[09:07:46] pilot rollouts:  40%|██████████████████████████████████████████████████████████████████████████████████████▉                                                                                                                                    | 127/320 [41:37<49:18, 15.33s/it]
[09:08:00] pilot rollouts:  40%|███████████████████████████████████████████████████████████████████████████████████████▌                                                                                                                                   | 128/320 [41:51<47:49, 14.95s/it]
[09:08:05] evaluating:  19%|██████████████████████████████████████████                                                                                                                                                                                    | 97/512 [55:35<2:29:48, 21.66s/it]
[09:08:33] evaluating:  19%|██████████████████████████████████████████▉                                                                                                                                                                                   | 99/512 [56:03<2:01:51, 17.70s/it]
[09:09:15] evaluating:  20%|███████████████████████████████████████████▌                                                                                                                                                                                 | 101/512 [56:45<2:01:53, 17.80s/it]
[09:09:15] pilot rollouts:  41%|█████████████████████████████████████████████████████████████████████████████████████████▌                                                                                                                               | 132/320 [43:07<1:02:01, 19.80s/it]
[09:09:18] pilot rollouts:  42%|███████████████████████████████████████████████████████████████████████████████████████████                                                                                                                                | 133/320 [43:10<45:55, 14.73s/it]
[09:09:38] evaluating:  20%|████████████████████████████████████████████                                                                                                                                                                                 | 102/512 [57:08<2:11:07, 19.19s/it]
[09:09:53] evaluating:  21%|█████████████████████████████████████████████▎                                                                                                                                                                               | 105/512 [57:23<1:13:37, 10.85s/it]
[09:10:11] evaluating:  21%|█████████████████████████████████████████████▊                                                                                                                                                                               | 106/512 [57:41<1:28:10, 13.03s/it]
[09:10:28] evaluating:  21%|██████████████████████████████████████████████▏                                                                                                                                                                              | 107/512 [57:58<1:35:51, 14.20s/it]
[09:10:47] pilot rollouts:  43%|██████████████████████████████████████████████████████████████████████████████████████████████▍                                                                                                                            | 138/320 [44:38<58:28, 19.28s/it]
[09:10:56] pilot rollouts:  43%|███████████████████████████████████████████████████████████████████████████████████████████████▏                                                                                                                           | 139/320 [44:48<49:15, 16.33s/it]
[09:11:00] pilot rollouts:  44%|███████████████████████████████████████████████████████████████████████████████████████████████▊                                                                                                                           | 140/320 [44:52<37:43, 12.57s/it]
[09:11:58] evaluating:  21%|███████████████████████████████████████████████                                                                                                                                                                              | 109/512 [59:27<2:53:06, 25.77s/it]
[09:12:03] pilot rollouts:  44%|████████████████████████████████████████████████████████████████████████████████████████████████▎                                                                                                                        | 142/320 [45:54<1:09:13, 23.34s/it]
[09:12:34] evaluating:  22%|███████████████████████████████████████████████▉                                                                                                                                                                           | 112/512 [1:00:04<1:55:18, 17.30s/it]
[09:12:39] evaluating:  22%|████████████████████████████████████████████████▊                                                                                                                                                                          | 114/512 [1:00:08<1:04:25,  9.71s/it]
[09:12:49] evaluating:  22%|█████████████████████████████████████████████████▏                                                                                                                                                                         | 115/512 [1:00:19<1:05:01,  9.83s/it]
[09:13:00] pilot rollouts:  46%|███████████████████████████████████████████████████████████████████████████████████████████████████▉                                                                                                                       | 146/320 [46:51<48:43, 16.80s/it]
[09:13:12] evaluating:  23%|██████████████████████████████████████████████████                                                                                                                                                                         | 117/512 [1:00:41<1:05:20,  9.93s/it]
[09:13:13] pilot rollouts:  46%|█████████████████████████████████████████████████████████████████████████████████████████████████████▎                                                                                                                     | 148/320 [47:04<33:44, 11.77s/it]
[09:13:24] evaluating:  23%|██████████████████████████████████████████████████▍                                                                                                                                                                        | 118/512 [1:00:53<1:09:17, 10.55s/it]
[09:13:27] evaluating:  23%|███████████████████████████████████████████████████▎                                                                                                                                                                         | 119/512 [1:00:57<55:24,  8.46s/it]
[09:13:32] pilot rollouts:  47%|███████████████████████████████████████████████████████████████████████████████████████████████████████▎                                                                                                                   | 151/320 [47:23<23:22,  8.30s/it]
[09:13:48] pilot rollouts:  48%|████████████████████████████████████████████████████████████████████████████████████████████████████████                                                                                                                   | 152/320 [47:39<30:01, 10.72s/it]
[09:14:20] evaluating:  24%|█████████████████████████████████████████████████████                                                                                                                                                                        | 123/512 [1:01:50<56:27,  8.71s/it]
[09:14:54] evaluating:  25%|███████████████████████████████████████████████████████▎                                                                                                                                                                     | 128/512 [1:02:24<46:45,  7.30s/it]
[09:14:58] pilot rollouts:  48%|██████████████████████████████████████████████████████████████████████████████████████████████████████████                                                                                                                 | 155/320 [48:49<59:14, 21.54s/it]
[09:15:17] evaluating:  25%|███████████████████████████████████████████████████████▏                                                                                                                                                                   | 129/512 [1:02:47<1:16:47, 12.03s/it]
[09:15:29] evaluating:  26%|████████████████████████████████████████████████████████▌                                                                                                                                                                    | 131/512 [1:02:59<58:01,  9.14s/it]
[09:15:35] pilot rollouts:  49%|████████████████████████████████████████████████████████████████████████████████████████████████████████████▏                                                                                                              | 158/320 [49:26<42:24, 15.71s/it]
[09:15:37] pilot rollouts:  50%|████████████████████████████████████████████████████████████████████████████████████████████████████████████▊                                                                                                              | 159/320 [49:28<30:35, 11.40s/it]
[09:15:50] evaluating:  26%|████████████████████████████████████████████████████████▍                                                                                                                                                                  | 132/512 [1:03:20<1:20:46, 12.75s/it]
[09:16:02] pilot rollouts:  50%|██████████████████████████████████████████████████████████████████████████████████████████████████████████████▏                                                                                                            | 161/320 [49:53<32:16, 12.18s/it]
[09:16:03] pilot rollouts:  51%|██████████████████████████████████████████████████████████████████████████████████████████████████████████████▊                                                                                                            | 162/320 [49:54<23:16,  8.84s/it]
[09:16:10] evaluating:  26%|████████████████████████████████████████████████████████▉                                                                                                                                                                  | 133/512 [1:03:39<1:33:26, 14.79s/it]
[09:16:30] pilot rollouts:  51%|████████████████████████████████████████████████████████████████████████████████████████████████████████████████▏                                                                                                          | 164/320 [50:21<30:42, 11.81s/it]
[09:16:47] evaluating:  27%|███████████████████████████████████████████████████████████▏                                                                                                                                                                 | 137/512 [1:04:17<54:49,  8.77s/it]
[09:17:06] evaluating:  27%|███████████████████████████████████████████████████████████▉                                                                                                                                                                 | 139/512 [1:04:36<55:36,  8.95s/it]
[09:17:20] evaluating:  28%|████████████████████████████████████████████████████████████▊                                                                                                                                                                | 141/512 [1:04:50<48:13,  7.80s/it]
[09:17:32] pilot rollouts:  52%|██████████████████████████████████████████████████████████████████████████████████████████████████████████████████▉                                                                                                        | 168/320 [51:23<39:29, 15.59s/it]
[09:17:34] evaluating:  28%|█████████████████████████████████████████████████████████████▎                                                                                                                                                               | 142/512 [1:05:04<58:52,  9.55s/it]
[09:17:43] pilot rollouts:  53%|████████████████████████████████████████████████████████████████████████████████████████████████████████████████████▎                                                                                                      | 170/320 [51:34<27:03, 10.82s/it]
[09:17:50] evaluating:  28%|█████████████████████████████████████████████████████████████▏                                                                                                                                                             | 143/512 [1:05:20<1:11:19, 11.60s/it]
[09:18:13] evaluating:  28%|█████████████████████████████████████████████████████████████▌                                                                                                                                                             | 144/512 [1:05:43<1:32:20, 15.06s/it]
[09:18:34] evaluating:  28%|██████████████████████████████████████████████████████████████                                                                                                                                                             | 145/512 [1:06:03<1:41:34, 16.61s/it]
[09:18:40] pilot rollouts:  54%|███████████████████████████████████████████████████████████████████████████████████████████████████████████████████████                                                                                                    | 174/320 [52:31<34:21, 14.12s/it]
[09:18:58] evaluating:  29%|██████████████████████████████████████████████████████████████▉                                                                                                                                                            | 147/512 [1:06:28<1:21:17, 13.36s/it]
[09:19:15] pilot rollouts:  55%|████████████████████████████████████████████████████████████████████████████████████████████████████████████████████████▍                                                                                                  | 176/320 [53:06<39:40, 16.53s/it]
[09:19:18] pilot rollouts:  55%|█████████████████████████████████████████████████████████████████████████████████████████████████████████████████████████▏                                                                                                 | 177/320 [53:10<30:00, 12.59s/it]
[09:19:52] evaluating:  29%|████████████████████████████████████████████████████████████████▏                                                                                                                                                          | 150/512 [1:07:22<1:23:02, 13.77s/it]
[09:21:48] evaluating:  30%|██████████████████████████████████████████████████████████████████▎                                                                                                                                                        | 155/512 [1:09:17<1:26:54, 14.61s/it]
[09:21:54] pilot rollouts:  56%|██████████████████████████████████████████████████████████████████████████████████████████████████████████████████████████                                                                                               | 180/320 [55:45<1:47:40, 46.14s/it]
[09:22:24] evaluating:  30%|██████████████████████████████████████████████████████████████████▋                                                                                                                                                        | 156/512 [1:09:53<2:04:50, 21.04s/it]
[09:22:44] evaluating:  31%|███████████████████████████████████████████████████████████████████▌                                                                                                                                                       | 158/512 [1:10:14<1:34:24, 16.00s/it]
[09:22:53] evaluating:  31%|█████████████████████████████████████████████████████████████████████                                                                                                                                                        | 160/512 [1:10:23<59:03, 10.07s/it]
[09:22:55] pilot rollouts:  57%|█████████████████████████████████████████████████████████████████████████████████████████████████████████████████████████████▉                                                                                             | 184/320 [56:46<47:31, 20.96s/it]
[09:22:59] evaluating:  32%|█████████████████████████████████████████████████████████████████████▉                                                                                                                                                       | 162/512 [1:10:29<36:47,  6.31s/it]
[09:23:07] evaluating:  32%|██████████████████████████████████████████████████████████████████████▊                                                                                                                                                      | 164/512 [1:10:37<27:58,  4.82s/it]
[09:23:25] pilot rollouts:  58%|███████████████████████████████████████████████████████████████████████████████████████████████████████████████████████████████▉                                                                                           | 187/320 [57:16<33:49, 15.26s/it]
[09:23:26] pilot rollouts:  59%|████████████████████████████████████████████████████████████████████████████████████████████████████████████████████████████████▋                                                                                          | 188/320 [57:18<24:26, 11.11s/it]
[09:23:31] pilot rollouts:  59%|█████████████████████████████████████████████████████████████████████████████████████████████████████████████████████████████████▎                                                                                         | 189/320 [57:22<19:55,  9.12s/it]
[09:23:51] evaluating:  32%|██████████████████████████████████████████████████████████████████████▌                                                                                                                                                    | 165/512 [1:11:21<1:35:50, 16.57s/it]
[09:23:54] pilot rollouts:  60%|██████████████████████████████████████████████████████████████████████████████████████████████████████████████████████████████████▋                                                                                        | 191/320 [57:46<20:47,  9.67s/it]
[09:24:08] evaluating:  32%|███████████████████████████████████████████████████████████████████████                                                                                                                                                    | 166/512 [1:11:38<1:35:57, 16.64s/it]
[09:24:12] pilot rollouts:  60%|████████████████████████████████████████████████████████████████████████████████████████████████████████████████████████████████████                                                                                       | 193/320 [58:03<18:50,  8.90s/it]
[09:24:40] evaluating:  33%|███████████████████████████████████████████████████████████████████████▍                                                                                                                                                   | 167/512 [1:12:10<2:02:24, 21.29s/it]
[09:25:10] evaluating:  33%|████████████████████████████████████████████████████████████████████████▋                                                                                                                                                  | 170/512 [1:12:40<1:17:51, 13.66s/it]
[09:25:17] evaluating:  34%|██████████████████████████████████████████████████████████████████████████▏                                                                                                                                                  | 172/512 [1:12:47<46:51,  8.27s/it]
[09:25:19] evaluating:  34%|███████████████████████████████████████████████████████████████████████████▌                                                                                                                                                 | 175/512 [1:12:49<17:29,  3.12s/it]
[09:25:37] evaluating:  34%|███████████████████████████████████████████████████████████████████████████▉                                                                                                                                                 | 176/512 [1:13:07<42:39,  7.62s/it]
[09:25:55] evaluating:  35%|███████████████████████████████████████████████████████████████████████████▋                                                                                                                                               | 177/512 [1:13:25<1:00:29, 10.83s/it]
[09:26:13] evaluating:  35%|█████████████████████████████████████████████████████████████████████████████▎                                                                                                                                               | 179/512 [1:13:43<53:18,  9.61s/it]
[09:26:47] pilot rollouts:  63%|████████████████████████████████████████████████████████████████████████████████████████████████████████████████████████████████████████▎                                                                                | 201/320 [1:00:39<44:36, 22.49s/it]
[09:27:06] evaluating:  35%|████████████████████████████████████████████████████████████████████████████▉                                                                                                                                              | 180/512 [1:14:36<2:05:30, 22.68s/it]
[09:27:13] pilot rollouts:  63%|█████████████████████████████████████████████████████████████████████████████████████████████████████████████████████████████████████████▋                                                                               | 203/320 [1:01:05<34:36, 17.75s/it]
[09:27:26] pilot rollouts:  64%|██████████████████████████████████████████████████████████████████████████████████████████████████████████████████████████████████████████▎                                                                              | 204/320 [1:01:17<31:05, 16.08s/it]
[09:27:28] pilot rollouts:  64%|███████████████████████████████████████████████████████████████████████████████████████████████████████████████████████████████████████████                                                                              | 205/320 [1:01:19<22:42, 11.85s/it]
[09:27:40] pilot rollouts:  64%|███████████████████████████████████████████████████████████████████████████████████████████████████████████████████████████████████████████▋                                                                             | 206/320 [1:01:31<22:41, 11.94s/it]
[09:27:43] pilot rollouts:  65%|████████████████████████████████████████████████████████████████████████████████████████████████████████████████████████████████████████████▎                                                                            | 207/320 [1:01:34<17:20,  9.21s/it]
[09:29:06] evaluating:  36%|██████████████████████████████████████████████████████████████████████████████▋                                                                                                                                            | 184/512 [1:16:36<2:14:20, 24.57s/it]
[09:29:26] evaluating:  36%|███████████████████████████████████████████████████████████████████████████████▏                                                                                                                                           | 185/512 [1:16:56<2:06:18, 23.18s/it]
[09:29:44] evaluating:  36%|███████████████████████████████████████████████████████████████████████████████▌                                                                                                                                           | 186/512 [1:17:14<1:57:46, 21.68s/it]
[09:29:54] evaluating:  37%|███████████████████████████████████████████████████████████████████████████████▉                                                                                                                                           | 187/512 [1:17:24<1:38:03, 18.10s/it]
[09:29:59] pilot rollouts:  66%|███████████████████████████████████████████████████████████████████████████████████████████████████████████████████████████████████████████████▊                                                                         | 212/320 [1:03:50<34:11, 19.00s/it]
[09:30:05] evaluating:  37%|████████████████████████████████████████████████████████████████████████████████▍                                                                                                                                          | 188/512 [1:17:35<1:26:34, 16.03s/it]
[09:30:33] evaluating:  37%|█████████████████████████████████████████████████████████████████████████████████▎                                                                                                                                         | 190/512 [1:18:03<1:24:08, 15.68s/it]
[09:30:52] evaluating:  38%|██████████████████████████████████████████████████████████████████████████████████▏                                                                                                                                        | 192/512 [1:18:22<1:04:54, 12.17s/it]
[09:31:10] evaluating:  38%|██████████████████████████████████████████████████████████████████████████████████▌                                                                                                                                        | 193/512 [1:18:40<1:13:41, 13.86s/it]
[09:31:31] evaluating:  38%|██████████████████████████████████████████████████████████████████████████████████▉                                                                                                                                        | 194/512 [1:19:00<1:24:37, 15.97s/it]
[09:32:01] evaluating:  38%|███████████████████████████████████████████████████████████████████████████████████▍                                                                                                                                       | 195/512 [1:19:31<1:46:47, 20.21s/it]
[09:32:28] evaluating:  38%|███████████████████████████████████████████████████████████████████████████████████▊                                                                                                                                       | 196/512 [1:19:58<1:58:09, 22.43s/it]
[09:32:36] pilot rollouts:  69%|█████████████████████████████████████████████████████████████████████████████████████████████████████████████████████████████████████████████████████▏                                                                   | 220/320 [1:06:27<34:20, 20.60s/it]
[09:32:43] evaluating:  38%|████████████████████████████████████████████████████████████████████████████████████▎                                                                                                                                      | 197/512 [1:20:13<1:46:10, 20.22s/it]
[09:33:02] evaluating:  39%|████████████████████████████████████████████████████████████████████████████████████▋                                                                                                                                      | 198/512 [1:20:32<1:43:39, 19.81s/it]
[09:33:07] evaluating:  39%|█████████████████████████████████████████████████████████████████████████████████████                                                                                                                                      | 199/512 [1:20:37<1:19:31, 15.25s/it]
[09:33:38] pilot rollouts:  70%|███████████████████████████████████████████████████████████████████████████████████████████████████████████████████████████████████████████████████████▉                                                                 | 224/320 [1:07:29<31:26, 19.65s/it]
[09:33:41] evaluating:  39%|█████████████████████████████████████████████████████████████████████████████████████▉                                                                                                                                     | 201/512 [1:21:11<1:16:49, 14.82s/it]
[09:33:54] evaluating:  39%|██████████████████████████████████████████████████████████████████████████████████████▍                                                                                                                                    | 202/512 [1:21:24<1:13:52, 14.30s/it]
[09:34:00] evaluating:  40%|███████████████████████████████████████████████████████████████████████████████████████▌                                                                                                                                     | 203/512 [1:21:29<59:59, 11.65s/it]
[09:34:09] pilot rollouts:  71%|██████████████████████████████████████████████████████████████████████████████████████████████████████████████████████████████████████████████████████████▌                                                              | 228/320 [1:08:01<17:38, 11.50s/it]
[09:34:36] evaluating:  40%|█████████████████████████████████████████████████████████████████████████████████████████▎                                                                                                                                   | 207/512 [1:22:06<49:25,  9.72s/it]
[09:34:47] pilot rollouts:  72%|███████████████████████████████████████████████████████████████████████████████████████████████████████████████████████████████████████████████████████████▉                                                             | 230/320 [1:08:39<24:48, 16.54s/it]
[09:35:01] pilot rollouts:  72%|████████████████████████████████████████████████████████████████████████████████████████████████████████████████████████████████████████████████████████████▋                                                            | 231/320 [1:08:53<23:26, 15.80s/it]
[09:35:24] evaluating:  41%|████████████████████████████████████████████████████████████████████████████████████████▉                                                                                                                                  | 208/512 [1:22:54<1:47:34, 21.23s/it]
[09:35:49] evaluating:  41%|███████████████████████████████████████████████████████████████████████████████████████████                                                                                                                                  | 211/512 [1:23:19<58:06, 11.58s/it]
[09:36:06] pilot rollouts:  73%|██████████████████████████████████████████████████████████████████████████████████████████████████████████████████████████████████████████████████████████████▋                                                          | 234/320 [1:09:57<30:49, 21.51s/it]
[09:36:15] evaluating:  41%|██████████████████████████████████████████████████████████████████████████████████████████▋                                                                                                                                | 212/512 [1:23:45<1:19:38, 15.93s/it]
[09:36:21] evaluating:  42%|███████████████████████████████████████████████████████████████████████████████████████████                                                                                                                                | 213/512 [1:23:51<1:03:44, 12.79s/it]
[09:36:46] evaluating:  42%|█████████████████████████████████████████████████████████████████████████████████████████████▋                                                                                                                               | 217/512 [1:24:16<40:53,  8.32s/it]
[09:37:01] evaluating:  43%|██████████████████████████████████████████████████████████████████████████████████████████████▌                                                                                                                              | 219/512 [1:24:31<40:43,  8.34s/it]
[09:37:20] evaluating:  43%|██████████████████████████████████████████████████████████████████████████████████████████████▉                                                                                                                              | 220/512 [1:24:50<55:48, 11.47s/it]
[09:37:40] evaluating:  44%|████████████████████████████████████████████████████████████████████████████████████████████████▎                                                                                                                            | 223/512 [1:25:10<41:06,  8.54s/it]
[09:37:51] evaluating:  44%|████████████████████████████████████████████████████████████████████████████████████████████████▋                                                                                                                            | 224/512 [1:25:21<44:35,  9.29s/it]
[09:37:53] pilot rollouts:  76%|████████████████████████████████████████████████████████████████████████████████████████████████████████████████████████████████████████████████████████████████████                                                     | 242/320 [1:11:44<18:34, 14.29s/it]
[09:38:15] evaluating:  44%|█████████████████████████████████████████████████████████████████████████████████████████████████▌                                                                                                                           | 226/512 [1:25:45<49:33, 10.40s/it]
[09:38:25] pilot rollouts:  76%|█████████████████████████████████████████████████████████████████████████████████████████████████████████████████████████████████████████████████████████████████████▍                                                   | 244/320 [1:12:16<20:09, 15.91s/it]
[09:39:02] evaluating:  45%|█████████████████████████████████████████████████████████████████████████████████████████████████▌                                                                                                                         | 228/512 [1:26:32<1:21:55, 17.31s/it]
[09:39:34] evaluating:  45%|█████████████████████████████████████████████████████████████████████████████████████████████████▉                                                                                                                         | 229/512 [1:27:03<1:41:36, 21.54s/it]
[09:39:36] evaluating:  45%|██████████████████████████████████████████████████████████████████████████████████████████████████▍                                                                                                                        | 230/512 [1:27:06<1:14:30, 15.85s/it]
[09:39:51] evaluating:  46%|████████████████████████████████████████████████████████████████████████████████████████████████████▌                                                                                                                        | 233/512 [1:27:21<37:46,  8.12s/it]
[09:40:41] evaluating:  46%|████████████████████████████████████████████████████████████████████████████████████████████████████                                                                                                                       | 234/512 [1:28:11<1:35:27, 20.60s/it]
[09:40:49] evaluating:  46%|████████████████████████████████████████████████████████████████████████████████████████████████████▌                                                                                                                      | 235/512 [1:28:19<1:17:44, 16.84s/it]
[09:41:21] evaluating:  46%|█████████████████████████████████████████████████████████████████████████████████████████████████████▎                                                                                                                     | 237/512 [1:28:51<1:10:57, 15.48s/it]
[09:41:36] pilot rollouts:  79%|██████████████████████████████████████████████████████████████████████████████████████████████████████████████████████████████████████████████████████████████████████████▉                                              | 252/320 [1:15:27<27:50, 24.57s/it]
[09:42:00] evaluating:  47%|████████████████████████████████████████████████████████████████████████████████████████████████████████                                                                                                                     | 241/512 [1:29:30<46:35, 10.32s/it]
[09:42:03] pilot rollouts:  79%|████████████████████████████████████████████████████████████████████████████████████████████████████████████████████████████████████████████████████████████████████████████▏                                            | 254/320 [1:15:55<21:30, 19.55s/it]
[09:42:05] evaluating:  47%|████████████████████████████████████████████████████████████████████████████████████████████████████████▍                                                                                                                    | 242/512 [1:29:35<39:06,  8.69s/it]
[09:42:09] pilot rollouts:  80%|█████████████████████████████████████████████████████████████████████████████████████████████████████████████████████████████████████████████████████████████████████████████▌                                           | 256/320 [1:16:00<11:51, 11.11s/it]
[09:42:38] evaluating:  47%|███████████████████████████████████████████████████████████████████████████████████████████████████████▉                                                                                                                   | 243/512 [1:30:08<1:11:14, 15.89s/it]
[09:42:39] evaluating:  48%|█████████████████████████████████████████████████████████████████████████████████████████████████████████▎                                                                                                                   | 244/512 [1:30:08<50:49, 11.38s/it]
[09:42:50] evaluating:  48%|██████████████████████████████████████████████████████████████████████████████████████████████████████████▌                                                                                                                  | 247/512 [1:30:20<30:41,  6.95s/it]
[09:43:03] evaluating:  48%|███████████████████████████████████████████████████████████████████████████████████████████████████████████                                                                                                                  | 248/512 [1:30:33<37:50,  8.60s/it]
[09:43:05] pilot rollouts:  82%|████████████████████████████████████████████████████████████████████████████████████████████████████████████████████████████████████████████████████████████████████████████████▉                                        | 261/320 [1:16:56<10:10, 10.35s/it]
[09:43:12] evaluating:  49%|███████████████████████████████████████████████████████████████████████████████████████████████████████████▍                                                                                                                 | 249/512 [1:30:42<38:13,  8.72s/it]
[09:43:25] pilot rollouts:  82%|██████████████████████████████████████████████████████████████████████████████████████████████████████████████████████████████████████████████████████████████████████████████████▎                                      | 263/320 [1:17:16<10:30, 11.06s/it]
[09:43:28] pilot rollouts:  82%|███████████████████████████████████████████████████████████████████████████████████████████████████████████████████████████████████████████████████████████████████████████████████                                      | 264/320 [1:17:19<08:11,  8.79s/it]
[09:43:32] pilot rollouts:  83%|███████████████████████████████████████████████████████████████████████████████████████████████████████████████████████████████████████████████████████████████████████████████████▋                                     | 265/320 [1:17:23<06:34,  7.18s/it]
[09:43:47] evaluating:  49%|████████████████████████████████████████████████████████████████████████████████████████████████████████████▎                                                                                                                | 251/512 [1:31:17<54:33, 12.54s/it]
[09:43:57] pilot rollouts:  83%|█████████████████████████████████████████████████████████████████████████████████████████████████████████████████████████████████████████████████████████████████████████████████████                                    | 267/320 [1:17:49<09:55, 11.23s/it]
[09:44:04] evaluating:  49%|████████████████████████████████████████████████████████████████████████████████████████████████████████████▊                                                                                                                | 252/512 [1:31:33<58:59, 13.61s/it]
[09:45:06] evaluating:  50%|██████████████████████████████████████████████████████████████████████████████████████████████████████████████▉                                                                                                              | 257/512 [1:32:36<41:05,  9.67s/it]
[09:45:33] evaluating:  51%|████████████████████████████████████████████████████████████████████████████████████████████████████████████████▏                                                                                                            | 260/512 [1:33:03<40:36,  9.67s/it]
[09:45:38] evaluating:  51%|████████████████████████████████████████████████████████████████████████████████████████████████████████████████▋                                                                                                            | 261/512 [1:33:08<34:40,  8.29s/it]
[09:45:50] pilot rollouts:  85%|████████████████████████████████████████████████████████████████████████████████████████████████████████████████████████████████████████████████████████████████████████████████████████▍                                | 272/320 [1:19:41<16:13, 20.27s/it]
[09:45:55] evaluating:  51%|█████████████████████████████████████████████████████████████████████████████████████████████████████████████████                                                                                                            | 262/512 [1:33:25<45:19, 10.88s/it]
[09:46:14] evaluating:  52%|███████████████████████████████████████████████████████████████████████████████████████████████████████████████████▏                                                                                                         | 267/512 [1:33:44<22:25,  5.49s/it]
[09:46:22] pilot rollouts:  86%|██████████████████████████████████████████████████████████████████████████████████████████████████████████████████████████████████████████████████████████████████████████████████████████▍                              | 275/320 [1:20:13<11:58, 15.98s/it]
[09:46:35] evaluating:  53%|████████████████████████████████████████████████████████████████████████████████████████████████████████████████████                                                                                                         | 269/512 [1:34:05<31:29,  7.77s/it]
[09:46:42] pilot rollouts:  87%|███████████████████████████████████████████████████████████████████████████████████████████████████████████████████████████████████████████████████████████████████████████████████████████▊                             | 277/320 [1:20:33<09:28, 13.22s/it]
[09:46:48] evaluating:  53%|████████████████████████████████████████████████████████████████████████████████████████████████████████████████████▌                                                                                                        | 270/512 [1:34:18<37:04,  9.19s/it]
[09:47:06] pilot rollouts:  87%|█████████████████████████████████████████████████████████████████████████████████████████████████████████████████████████████████████████████████████████████████████████████████████████████▏                           | 279/320 [1:20:57<08:54, 13.03s/it]
[09:47:23] evaluating:  53%|█████████████████████████████████████████████████████████████████████████████████████████████████████████████████████▍                                                                                                       | 272/512 [1:34:53<53:18, 13.33s/it]
[09:48:12] evaluating:  54%|██████████████████████████████████████████████████████████████████████████████████████████████████████████████████████▋                                                                                                      | 275/512 [1:35:41<53:33, 13.56s/it]
[09:48:15] evaluating:  54%|███████████████████████████████████████████████████████████████████████████████████████████████████████████████████████▏                                                                                                     | 276/512 [1:35:45<41:05, 10.45s/it]
[09:49:26] evaluating:  54%|██████████████████████████████████████████████████████████████████████████████████████████████████████████████████████▍                                                                                                    | 277/512 [1:36:56<1:52:35, 28.75s/it]
[09:49:59] evaluating:  54%|██████████████████████████████████████████████████████████████████████████████████████████████████████████████████████▉                                                                                                    | 278/512 [1:37:29<1:56:33, 29.89s/it]
[09:50:11] pilot rollouts:  89%|█████████████████████████████████████████████████████████████████████████████████████████████████████████████████████████████████████████████████████████████████████████████████████████████████▎                       | 285/320 [1:24:02<16:56, 29.05s/it]
[09:50:22] evaluating:  55%|███████████████████████████████████████████████████████████████████████████████████████████████████████████████████████▊                                                                                                   | 280/512 [1:37:51<1:16:32, 19.80s/it]
[09:50:31] evaluating:  55%|████████████████████████████████████████████████████████████████████████████████████████████████████████████████████████▏                                                                                                  | 281/512 [1:38:01<1:04:36, 16.78s/it]
[09:50:41] evaluating:  55%|██████████████████████████████████████████████████████████████████████████████████████████████████████████████████████████▏                                                                                                  | 283/512 [1:38:11<41:29, 10.87s/it]
[09:50:43] pilot rollouts:  90%|███████████████████████████████████████████████████████████████████████████████████████████████████████████████████████████████████████████████████████████████████████████████████████████████████▉                     | 289/320 [1:24:34<06:40, 12.92s/it]
[09:50:52] pilot rollouts:  91%|████████████████████████████████████████████████████████████████████████████████████████████████████████████████████████████████████████████████████████████████████████████████████████████████████▋                    | 290/320 [1:24:43<05:54, 11.80s/it]
[09:51:02] pilot rollouts:  91%|█████████████████████████████████████████████████████████████████████████████████████████████████████████████████████████████████████████████████████████████████████████████████████████████████████▎                   | 291/320 [1:24:53<05:25, 11.23s/it]
[09:51:19] pilot rollouts:  91%|██████████████████████████████████████████████████████████████████████████████████████████████████████████████████████████████████████████████████████████████████████████████████████████████████████                   | 292/320 [1:25:10<06:03, 12.98s/it]
[09:51:29] pilot rollouts:  92%|██████████████████████████████████████████████████████████████████████████████████████████████████████████████████████████████████████████████████████████████████████████████████████████████████████▋                  | 293/320 [1:25:20<05:24, 12.03s/it]
[09:51:47] evaluating:  55%|█████████████████████████████████████████████████████████████████████████████████████████████████████████████████████████▍                                                                                                 | 284/512 [1:39:17<1:44:13, 27.43s/it]
[09:51:50] pilot rollouts:  92%|████████████████████████████████████████████████████████████████████████████████████████████████████████████████████████████████████████████████████████████████████████████████████████████████████████                 | 295/320 [1:25:41<04:34, 10.97s/it]
[09:52:17] pilot rollouts:  92%|████████████████████████████████████████████████████████████████████████████████████████████████████████████████████████████████████████████████████████████████████████████████████████████████████████▋                | 296/320 [1:26:09<06:20, 15.87s/it]
[09:52:28] evaluating:  56%|█████████████████████████████████████████████████████████████████████████████████████████████████████████████████████████▉                                                                                                 | 285/512 [1:39:58<1:58:34, 31.34s/it]
[09:52:46] evaluating:  56%|██████████████████████████████████████████████████████████████████████████████████████████████████████████████████████████▎                                                                                                | 286/512 [1:40:16<1:43:04, 27.37s/it]
[09:52:47] pilot rollouts:  93%|██████████████████████████████████████████████████████████████████████████████████████████████████████████████████████████████████████████████████████████████████████████████████████████████████████████▊              | 299/320 [1:26:38<04:02, 11.52s/it]
[09:52:55] evaluating:  56%|████████████████████████████████████████████████████████████████████████████████████████████████████████████████████████████▋                                                                                                | 289/512 [1:40:25<42:51, 11.53s/it]
[09:53:21] evaluating:  57%|█████████████████████████████████████████████████████████████████████████████████████████████████████████████████████████████▏                                                                                               | 290/512 [1:40:51<58:56, 15.93s/it]
[09:53:30] pilot rollouts:  94%|████████████████████████████████████████████████████████████████████████████████████████████████████████████████████████████████████████████████████████████████████████████████████████████████████████████▊            | 302/320 [1:27:21<04:34, 15.24s/it]
[09:53:31] evaluating:  57%|█████████████████████████████████████████████████████████████████████████████████████████████████████████████████████████████▌                                                                                               | 291/512 [1:41:01<51:56, 14.10s/it]
[09:53:45] evaluating:  57%|██████████████████████████████████████████████████████████████████████████████████████████████████████████████████████████████▍                                                                                              | 293/512 [1:41:15<36:44, 10.06s/it]
[09:54:26] evaluating:  58%|███████████████████████████████████████████████████████████████████████████████████████████████████████████████████████████████▊                                                                                             | 296/512 [1:41:56<51:12, 14.22s/it]
[09:54:40] pilot rollouts:  96%|███████████████████████████████████████████████████████████████████████████████████████████████████████████████████████████████████████████████████████████████████████████████████████████████████████████████▌         | 306/320 [1:28:31<05:11, 22.22s/it]
[09:56:09] evaluating:  59%|████████████████████████████████████████████████████████████████████████████████████████████████████████████████████████████████▋                                                                                          | 301/512 [1:43:39<1:10:18, 19.99s/it]
[09:56:22] pilot rollouts:  96%|████████████████████████████████████████████████████████████████████████████████████████████████████████████████████████████████████████████████████████████████████████████████████████████████████████████████▊        | 308/320 [1:30:13<08:04, 40.34s/it]
[09:56:49] evaluating:  59%|███████████████████████████████████████████████████████████████████████████████████████████████████████████████████████████████████▏                                                                                         | 304/512 [1:44:19<51:31, 14.86s/it]
[09:57:17] evaluating:  60%|████████████████████████████████████████████████████████████████████████████████████████████████████████████████████████████████████                                                                                         | 306/512 [1:44:47<49:38, 14.46s/it]
[09:58:47] evaluating:  60%|███████████████████████████████████████████████████████████████████████████████████████████████████████████████████████████████████▎                                                                                       | 307/512 [1:46:17<2:06:25, 37.00s/it]
[09:59:00] evaluating:  60%|███████████████████████████████████████████████████████████████████████████████████████████████████████████████████████████████████▋                                                                                       | 308/512 [1:46:30<1:41:42, 29.91s/it]
[09:59:45] evaluating:  60%|████████████████████████████████████████████████████████████████████████████████████████████████████████████████████████████████████▏                                                                                      | 309/512 [1:47:15<1:56:05, 34.31s/it]
[09:59:56] pilot rollouts:  98%|████████████████████████████████████████████████████████████████████████████████████████████████████████████████████████████████████████████████████████████████████████████████████████████████████████████████████▉    | 314/320 [1:33:47<03:22, 33.69s/it]
[10:00:22] evaluating:  61%|█████████████████████████████████████████████████████████████████████████████████████████████████████████████████████████████████████                                                                                      | 311/512 [1:47:51<1:22:13, 24.54s/it]
[10:00:30] evaluating:  61%|█████████████████████████████████████████████████████████████████████████████████████████████████████████████████████████████████████▍                                                                                     | 312/512 [1:48:00<1:05:27, 19.64s/it]
[10:02:20] evaluating:  61%|█████████████████████████████████████████████████████████████████████████████████████████████████████████████████████████████████████▉                                                                                     | 313/512 [1:49:50<2:35:20, 46.83s/it]
[10:02:57] evaluating:  61%|██████████████████████████████████████████████████████████████████████████████████████████████████████████████████████████████████████▎                                                                                    | 314/512 [1:50:27<2:25:05, 43.97s/it]
[10:03:14] evaluating:  62%|██████████████████████████████████████████████████████████████████████████████████████████████████████████████████████████████████████▋                                                                                    | 315/512 [1:50:44<1:57:56, 35.92s/it]
[10:03:51] pilot rollouts: 100%|█████████████████████████████████████████████████████████████████████████████████████████████████████████████████████████████████████████████████████████████████████████████████████████████████████████████████████████| 320/320 [1:37:42<00:00, 18.32s/it]
[10:03:51] [step 3] adaptive phase 2: 192 programs total; each parent is dispatched as soon as its complete pilot set is evaluated
[10:03:51] [step 3] rollout pilot parent 0/fold 0: hurdle expected-best; parent reward=2.625241597, pilot best reward=2.625266775, projected phase-2 gain=7.62812084e-11; allocating 24 phase-2 rollouts
[10:03:51] [step 3]   strategy 0: mean=1.760315795, variance=1.379284566, valid=7/10, improved=2/10, posterior-improve=0.250000, initial-EI=3.97359535e-13, phase2=0, total=10, [38;5;208mpilot best raw C₅ bound=0.380917312[0m
[10:03:51] [step 3]   strategy 1: mean=1.832561234, variance=1.439335360, valid=7/10, improved=4/10, posterior-improve=0.416667, initial-EI=3.97359535e-13, phase2=0, total=10, [38;5;208mpilot best raw C₅ bound=0.380917308[0m
[10:03:51] [step 3]   strategy 2: mean=1.575147476, variance=1.654059714, valid=6/10, improved=3/10, posterior-improve=0.333333, initial-EI=4.76831442e-12, phase2=24, total=34, [38;5;208mpilot best raw C₅ bound=0.380913659[0m
[10:03:51] [step 3]   strategy 3: mean=0.787572479, variance=1.447297623, valid=3/10, improved=2/10, posterior-improve=0.250000, initial-EI=3.97359535e-13, phase2=0, total=10, [38;5;208mpilot best raw C₅ bound=0.380917312[0m
[10:03:51] [step 3] rollout pilot parent 1/fold 0: hurdle expected-best; parent reward=2.625241547, pilot best reward=2.625257919, projected phase-2 gain=1.02558154e-08; allocating 24 phase-2 rollouts
[10:03:51] [step 3]   strategy 0: mean=1.050096636, variance=1.654054417, valid=4/10, improved=4/10, posterior-improve=0.416667, initial-EI=3.7642728e-11, phase2=0, total=10, [38;5;208mpilot best raw C₅ bound=0.380917310[0m
[10:03:51] [step 3]   strategy 1: mean=1.831452830, variance=1.437853202, valid=7/10, improved=3/10, posterior-improve=0.333333, initial-EI=3.7642728e-11, phase2=0, total=10, [38;5;208mpilot best raw C₅ bound=0.380917317[0m
[10:03:51] [step 3]   strategy 2: mean=1.250096583, variance=1.594015623, valid=5/10, improved=3/10, posterior-improve=0.333333, initial-EI=3.7642728e-11, phase2=0, total=10, [38;5;208mpilot best raw C₅ bound=0.380917307[0m
[10:03:51] [step 3]   strategy 3: mean=1.837670742, variance=1.447300181, valid=7/10, improved=6/10, posterior-improve=0.583333, initial-EI=6.39926376e-10, phase2=24, total=34, [38;5;208mpilot best raw C₅ bound=0.380914944[0m
[10:03:51] [step 3] rollout pilot parent 2/fold 0: hurdle expected-best; parent reward=2.625241260, pilot best reward=2.625241517, projected phase-2 gain=6.99512949e-09; allocating 24 phase-2 rollouts
[10:03:51] [step 3]   strategy 0: mean=1.575144782, variance=1.654054056, valid=6/10, improved=2/10, posterior-improve=0.250000, initial-EI=4.37028164e-10, phase2=24, total=34, [38;5;208mpilot best raw C₅ bound=0.380917324[0m
[10:03:51] [step 3]   strategy 1: mean=1.777262115, variance=1.384988665, valid=7/10, improved=4/10, posterior-improve=0.416667, initial-EI=3.36175511e-11, phase2=0, total=10, [38;5;208mpilot best raw C₅ bound=0.380917341[0m
[10:03:51] [step 3]   strategy 2: mean=2.100176343, variance=1.102685171, valid=8/10, improved=3/10, posterior-improve=0.333333, initial-EI=3.36175511e-11, phase2=0, total=10, [38;5;208mpilot best raw C₅ bound=0.380917361[0m
[10:03:51] [step 3]   strategy 3: mean=1.837668889, variance=1.447297263, valid=7/10, improved=3/10, posterior-improve=0.333333, initial-EI=3.36175511e-11, phase2=0, total=10, [38;5;208mpilot best raw C₅ bound=0.380917351[0m
[10:03:51] [step 3] rollout pilot parent 3/fold 0: hurdle expected-best; parent reward=2.625241212, pilot best reward=2.625241623, projected phase-2 gain=5.2653149e-08; allocating 24 phase-2 rollouts
[10:03:51] [step 3]   strategy 0: mean=1.537254341, variance=1.587398001, valid=6/10, improved=3/10, posterior-improve=0.333333, initial-EI=3.33904623e-09, phase2=24, total=34, [38;5;208mpilot best raw C₅ bound=0.380917309[0m
[10:03:51] [step 3]   strategy 1: mean=2.362670203, variance=0.620245629, valid=9/10, improved=5/10, posterior-improve=0.500000, initial-EI=9.59824929e-10, phase2=0, total=10, [38;5;208mpilot best raw C₅ bound=0.380917323[0m
[10:03:51] [step 3]   strategy 2: mean=2.053946120, variance=1.071371230, valid=8/10, improved=2/10, posterior-improve=0.250000, initial-EI=5.10397572e-10, phase2=0, total=10, [38;5;208mpilot best raw C₅ bound=0.380917332[0m
[10:03:51] [step 3]   strategy 3: mean=1.810559658, variance=1.411210498, valid=7/10, improved=2/10, posterior-improve=0.250000, initial-EI=2.02636948e-09, phase2=0, total=10, [38;5;208mpilot best raw C₅ bound=0.380917314[0m
[10:03:51] [step 3] rollout pilot parent 4/fold 0: hurdle expected-best; parent reward=2.625241210, pilot best reward=2.625241589, projected phase-2 gain=5.02816205e-08; allocating 24 phase-2 rollouts
[10:03:51] [step 3]   strategy 0: mean=2.100193079, variance=1.102702743, valid=8/10, improved=7/10, posterior-improve=0.666667, initial-EI=4.97523385e-10, phase2=0, total=10, [38;5;208mpilot best raw C₅ bound=0.380917330[0m
[10:03:51] [step 3]   strategy 1: mean=1.575144777, variance=1.654054046, valid=6/10, improved=4/10, posterior-improve=0.416667, initial-EI=4.05430286e-10, phase2=0, total=10, [38;5;208mpilot best raw C₅ bound=0.380917331[0m
[10:03:51] [step 3]   strategy 2: mean=2.362717154, variance=0.620270261, valid=9/10, improved=6/10, posterior-improve=0.583333, initial-EI=2.56254265e-09, phase2=0, total=10, [38;5;208mpilot best raw C₅ bound=0.380917314[0m
[10:03:51] [step 3]   strategy 3: mean=2.100193079, variance=1.102702742, valid=8/10, improved=5/10, posterior-improve=0.500000, initial-EI=3.40590945e-09, phase2=24, total=34, [38;5;208mpilot best raw C₅ bound=0.380917314[0m
[10:03:51] [step 3] rollout pilot parent 5/fold 0: hurdle expected-best; parent reward=2.625241072, pilot best reward=2.625309626, projected phase-2 gain=5.01182292e-08; allocating 24 phase-2 rollouts
[10:03:51] [step 3]   strategy 0: mean=1.312627499, variance=1.722990951, valid=5/10, improved=4/10, posterior-improve=0.416667, initial-EI=3.1246831e-09, phase2=24, total=34, [38;5;208mpilot best raw C₅ bound=0.380907442[0m
[10:03:51] [step 3]   strategy 1: mean=1.818861126, variance=1.420855885, valid=7/10, improved=4/10, posterior-improve=0.416667, initial-EI=1.35855787e-10, phase2=0, total=10, [38;5;208mpilot best raw C₅ bound=0.380917323[0m
[10:03:51] [step 3]   strategy 2: mean=2.100192942, variance=1.102702598, valid=8/10, improved=7/10, posterior-improve=0.666667, initial-EI=1.35855787e-10, phase2=0, total=10, [38;5;208mpilot best raw C₅ bound=0.380917351[0m
[10:03:51] [step 3]   strategy 3: mean=2.362717100, variance=0.620270233, valid=9/10, improved=7/10, posterior-improve=0.666667, initial-EI=1.35855787e-10, phase2=0, total=10, [38;5;208mpilot best raw C₅ bound=0.380917331[0m
[10:03:51] [step 3] rollout pilot parent 6/fold 0: hurdle expected-best; parent reward=2.625240927, pilot best reward=2.625322820, projected phase-2 gain=5.2350887e-08; allocating 24 phase-2 rollouts
[10:03:51] [step 3]   strategy 0: mean=1.570385457, variance=1.644262409, valid=6/10, improved=5/10, posterior-improve=0.500000, initial-EI=1.20852595e-10, phase2=0, total=10, [38;5;208mpilot best raw C₅ bound=0.380917308[0m
[10:03:51] [step 3]   strategy 1: mean=1.312628669, variance=1.722994024, valid=5/10, improved=5/10, posterior-improve=0.500000, initial-EI=3.26302008e-09, phase2=24, total=34, [38;5;208mpilot best raw C₅ bound=0.380905527[0m
[10:03:51] [step 3]   strategy 2: mean=2.099913853, variance=1.102410229, valid=8/10, improved=7/10, posterior-improve=0.666667, initial-EI=1.20852595e-10, phase2=0, total=10, [38;5;208mpilot best raw C₅ bound=0.380917317[0m
[10:03:51] [step 3]   strategy 3: mean=2.362716937, variance=0.620270147, valid=9/10, improved=9/10, posterior-improve=0.833333, initial-EI=1.20852595e-10, phase2=0, total=10, [38;5;208mpilot best raw C₅ bound=0.380917366[0m
[10:10:05] evaluating:  62%|██████████████████████████████████████████████████████████████████████████████████████████████████████████████████████████████████████▉                                                                                   | 317/512 [1:57:35<6:39:27, 122.91s/it]
[10:11:13] evaluating:  62%|███████████████████████████████████████████████████████████████████████████████████████████████████████████████████████████████████████▍                                                                                  | 318/512 [1:58:43<5:43:46, 106.32s/it]
[10:11:45] evaluating:  62%|████████████████████████████████████████████████████████████████████████████████████████████████████████████████████████████████████████▍                                                                                  | 319/512 [1:59:15<4:30:39, 84.14s/it]
[10:12:34] adaptive rollouts 168/192:   2%|███▋                                                                                                                                                                                                           | 3/168 [08:43<6:10:38, 134.78s/it]
[10:12:41] evaluating:  63%|█████████████████████████████████████████████████████████████████████████████████████████████████████████████████████████████████████████▎                                                                                 | 321/512 [2:00:11<2:48:21, 52.89s/it]
[10:13:02] adaptive rollouts 168/192:   3%|██████▏                                                                                                                                                                                                         | 5/168 [09:11<2:47:15, 61.57s/it]
[10:13:21] adaptive rollouts 168/192:   4%|███████▍                                                                                                                                                                                                        | 6/168 [09:30<2:07:16, 47.14s/it]
[10:13:34] adaptive rollouts 168/192:   4%|████████▋                                                                                                                                                                                                       | 7/168 [09:43<1:36:25, 35.93s/it]
[10:13:44] evaluating:  63%|█████████████████████████████████████████████████████████████████████████████████████████████████████████████████████████████████████████▋                                                                                 | 322/512 [2:01:13<2:56:57, 55.88s/it]
[10:14:07] adaptive rollouts 168/192:   5%|███████████▏                                                                                                                                                                                                    | 9/168 [10:16<1:11:07, 26.84s/it]
[10:14:10] adaptive rollouts 168/192:   6%|████████████▍                                                                                                                                                                                                    | 10/168 [10:19<51:31, 19.57s/it]
[10:14:19] adaptive rollouts 168/192:   7%|█████████████▋                                                                                                                                                                                                   | 11/168 [10:28<42:28, 16.23s/it]
[10:14:22] adaptive rollouts 168/192:   7%|██████████████▉                                                                                                                                                                                                  | 12/168 [10:31<31:56, 12.28s/it]
[10:14:34] evaluating:  63%|██████████████████████████████████████████████████████████████████████████████████████████████████████████████████████████████████████████▌                                                                                | 324/512 [2:02:04<2:00:44, 38.53s/it]
[10:15:11] evaluating:  64%|███████████████████████████████████████████████████████████████████████████████████████████████████████████████████████████████████████████▊                                                                               | 327/512 [2:02:41<1:05:46, 21.33s/it]
[10:15:13] evaluating:  64%|█████████████████████████████████████████████████████████████████████████████████████████████████████████████████████████████████████████████▌                                                                               | 328/512 [2:02:43<47:25, 15.47s/it]
[10:15:20] adaptive rollouts 168/192:  10%|███████████████████▉                                                                                                                                                                                             | 16/168 [11:29<37:25, 14.77s/it]
[10:15:45] evaluating:  64%|████████████████████████████████████████████████████████████████████████████████████████████████████████████████████████████████████████████▋                                                                              | 329/512 [2:03:15<1:01:53, 20.29s/it]
[10:15:49] adaptive rollouts 168/192:  11%|██████████████████████▍                                                                                                                                                                                          | 18/168 [11:57<34:03, 13.62s/it]
[10:16:03] evaluating:  65%|█████████████████████████████████████████████████████████████████████████████████████████████████████████████████████████████████████████████████████████████████████████████████▊                                                                                                 | 331/512 [2:03:33<41:22, 13.72s/it]
[10:16:17] adaptive rollouts 168/192:  12%|███████████████████████████████▎                                                                                                                                                                                                                                       | 20/168 [12:26<36:14, 14.69s/it]
[10:16:30] adaptive rollouts 168/192:  12%|█████████████████████████████████▋                                                                                                                                                                                                                                           | 21/168 [12:39<34:31, 14.09s/it]
[10:16:43] adaptive rollouts 168/192:  13%|███████████████████████████████████▏                                                                                                                                                                                                                                         | 22/168 [12:51<33:06, 13.60s/it]
[10:16:49] evaluating:  65%|██████████████████████████████████████████████████████████████████████████████████████████████████████████████████████████████████████████████████████████████████████████████████████▊                                                                                                  | 333/512 [2:04:19<50:33, 16.95s/it]
[10:16:49] adaptive rollouts 168/192:  14%|██████████████████████████████████████▍                                                                                                                                                                                                                                      | 24/168 [12:58<20:51,  8.69s/it]
[10:17:10] evaluating:  65%|███████████████████████████████████████████████████████████████████████████████████████████████████████████████████████████████████████████████████████████████████████████████████████▊                                                                                                 | 335/512 [2:04:40<38:16, 12.98s/it]
[10:17:36] evaluating:  66%|████████████████████████████████████████████████████████████████████████████████████████████████████████████████████████████████████████████████████████████████████████████████████████▍                                                                                                | 336/512 [2:05:06<49:16, 16.80s/it]
[10:17:40] adaptive rollouts 168/192:  16%|███████████████████████████████████████████▏                                                                                                                                                                                                                                 | 27/168 [13:48<35:06, 14.94s/it]
[10:17:44] adaptive rollouts 168/192:  17%|████████████████████████████████████████████▊                                                                                                                                                                                                                                | 28/168 [13:53<27:35, 11.83s/it]
[10:17:48] evaluating:  66%|████████████████████████████████████████████████████████████████████████████████████████████████████████████████████████████████████████████████████████████████████████████████████████▉                                                                                                | 337/512 [2:05:18<44:32, 15.27s/it]
[10:18:02] evaluating:  66%|█████████████████████████████████████████████████████████████████████████████████████████████████████████████████████████████████████████████████████████████████████████████████████████▌                                                                                               | 338/512 [2:05:32<43:32, 15.02s/it]
[10:18:05] adaptive rollouts 168/192:  18%|█████████████████████████████████████████████████▋                                                                                                                                                                                                                           | 31/168 [14:14<19:05,  8.36s/it]
[10:18:09] adaptive rollouts 168/192:  19%|███████████████████████████████████████████████████▏                                                                                                                                                                                                                         | 32/168 [14:18<16:05,  7.10s/it]
[10:18:09] adaptive rollouts 168/192:  20%|████████████████████████████████████████████████████▊                                                                                                                                                                                                                        | 33/168 [14:18<11:20,  5.04s/it]
[10:18:15] evaluating:  67%|███████████████████████████████████████████████████████████████████████████████████████████████████████████████████████████████████████████████████████████████████████████████████████████▏                                                                                             | 341/512 [2:05:45<21:28,  7.54s/it]
[10:18:18] adaptive rollouts 168/192:  21%|████████████████████████████████████████████████████████                                                                                                                                                                                                                     | 35/168 [14:26<10:55,  4.93s/it]
[10:18:37] evaluating:  67%|████████████████████████████████████████████████████████████████████████████████████████████████████████████████████████████████████████████████████████████████████████████████████████████▏                                                                                            | 343/512 [2:06:07<25:00,  8.88s/it]
[10:18:49] adaptive rollouts 168/192:  22%|███████████████████████████████████████████████████████████▏                                                                                                                                                                                                                 | 37/168 [14:57<23:25, 10.73s/it]
[10:18:58] evaluating:  67%|█████████████████████████████████████████████████████████████████████████████████████████████████████████████████████████████████████████████████████████████████████████████████████████████▎                                                                                           | 345/512 [2:06:28<24:46,  8.90s/it]
[10:19:20] evaluating:  68%|█████████████████████████████████████████████████████████████████████████████████████████████████████████████████████████████████████████████████████████████████████████████████████████████▉                                                                                           | 346/512 [2:06:50<35:16, 12.75s/it]
[10:19:38] evaluating:  68%|██████████████████████████████████████████████████████████████████████████████████████████████████████████████████████████████████████████████████████████████████████████████████████████████▍                                                                                          | 347/512 [2:07:08<39:14, 14.27s/it]
[10:19:39] adaptive rollouts 168/192:  24%|█████████████████████████████████████████████████████████████████▋                                                                                                                                                                                                           | 41/168 [15:47<25:43, 12.15s/it]
[10:19:49] evaluating:  68%|██████████████████████████████████████████████████████████████████████████████████████████████████████████████████████████████████████████████████████████████████████████████████████████████▉                                                                                          | 348/512 [2:07:19<36:14, 13.26s/it]
[10:20:14] evaluating:  68%|████████████████████████████████████████████████████████████████████████████████████████████████████████████████████████████████████████████████████████████████████████████████████████████████                                                                                         | 350/512 [2:07:44<35:09, 13.02s/it]
[10:20:24] adaptive rollouts 168/192:  26%|██████████████████████████████████████████████████████████████████████▍                                                                                                                                                                                                      | 44/168 [16:33<33:59, 16.45s/it]
[10:21:18] evaluating:  69%|███████████████████████████████████████████████████████████████████████████████████████████████████████████████████████████████████████████████████████████████████████████████████████████████▎                                                                                       | 351/512 [2:08:47<1:15:24, 28.11s/it]
[10:21:31] adaptive rollouts 168/192:  27%|█████████████████████████████████████████████████████████████████████████▋                                                                                                                                                                                                   | 46/168 [17:40<47:27, 23.34s/it]
[10:21:41] evaluating:  69%|███████████████████████████████████████████████████████████████████████████████████████████████████████████████████████████████████████████████████████████████████████████████████████████████▊                                                                                       | 352/512 [2:09:11<1:11:19, 26.75s/it]
[10:22:06] evaluating:  69%|████████████████████████████████████████████████████████████████████████████████████████████████████████████████████████████████████████████████████████████████████████████████████████████████▎                                                                                      | 353/512 [2:09:36<1:09:07, 26.08s/it]
[10:22:55] evaluating:  69%|████████████████████████████████████████████████████████████████████████████████████████████████████████████████████████████████████████████████████████████████████████████████████████████████▉                                                                                      | 354/512 [2:10:25<1:26:50, 32.97s/it]
[10:23:02] evaluating:  69%|█████████████████████████████████████████████████████████████████████████████████████████████████████████████████████████████████████████████████████████████████████████████████████████████████▍                                                                                     | 355/512 [2:10:32<1:05:53, 25.18s/it]
[10:24:09] evaluating:  70%|█████████████████████████████████████████████████████████████████████████████████████████████████████████████████████████████████████████████████████████████████████████████████████████████████▉                                                                                     | 356/512 [2:11:39<1:38:21, 37.83s/it]
[10:24:37] adaptive rollouts 168/192:  31%|██████████████████████████████████████████████████████████████████████████████████▋                                                                                                                                                                                        | 52/168 [20:45<1:09:27, 35.93s/it]
[10:25:00] adaptive rollouts 168/192:  32%|████████████████████████████████████████████████████████████████████████████████████▏                                                                                                                                                                                      | 53/168 [21:09<1:01:33, 32.12s/it]
[10:25:27] evaluating:  70%|██████████████████████████████████████████████████████████████████████████████████████████████████████████████████████████████████████████████████████████████████████████████████████████████████▌                                                                                    | 357/512 [2:12:57<2:08:34, 49.77s/it]
[10:25:48] adaptive rollouts 168/192:  33%|████████████████████████████████████████████████████████████████████████████████████████                                                                                                                                                                                     | 55/168 [21:57<52:28, 27.86s/it]
[10:25:53] adaptive rollouts 168/192:  33%|█████████████████████████████████████████████████████████████████████████████████████████▋                                                                                                                                                                                   | 56/168 [22:02<39:03, 20.93s/it]
[10:26:12] adaptive rollouts 168/192:  34%|███████████████████████████████████████████████████████████████████████████████████████████▎                                                                                                                                                                                 | 57/168 [22:21<37:31, 20.29s/it]
[10:26:37] evaluating:  70%|███████████████████████████████████████████████████████████████████████████████████████████████████████████████████████████████████████████████████████████████████████████████████████████████████                                                                                    | 358/512 [2:14:07<2:23:18, 55.83s/it]
[10:26:43] adaptive rollouts 168/192:  35%|██████████████████████████████████████████████████████████████████████████████████████████████▍                                                                                                                                                                              | 59/168 [22:51<30:51, 16.99s/it]
[10:27:07] evaluating:  70%|███████████████████████████████████████████████████████████████████████████████████████████████████████████████████████████████████████████████████████████████████████████████████████████████████▋                                                                                   | 359/512 [2:14:37<2:03:00, 48.24s/it]
[10:27:17] adaptive rollouts 168/192:  36%|█████████████████████████████████████████████████████████████████████████████████████████████████▋                                                                                                                                                                           | 61/168 [23:26<30:37, 17.17s/it]
[10:27:22] evaluating:  71%|████████████████████████████████████████████████████████████████████████████████████████████████████████████████████████████████████████████████████████████████████████████████████████████████████▋                                                                                  | 361/512 [2:14:51<1:08:01, 27.03s/it]
[10:27:41] adaptive rollouts 168/192:  38%|████████████████████████████████████████████████████████████████████████████████████████████▉                                                                                                                                                       | 64/168 [23:50<20:56, 12.08s/it]
[10:27:44] adaptive rollouts 168/192:  39%|██████████████████████████████████████████████████████████████████████████████████████████████▍                                                                                                                                                     | 65/168 [23:53<16:32,  9.64s/it]
[10:28:03] evaluating:  71%|█████████████████████████████████████████████████████████████████████████████████████████████████████████████████████████████████████████████████████████████████████████████████████▌                                                                          | 363/512 [2:15:32<56:12, 22.63s/it]
[10:28:17] adaptive rollouts 168/192:  40%|█████████████████████████████████████████████████████████████████████████████████████████████████▎                                                                                                                                                  | 67/168 [24:26<22:34, 13.42s/it]
[10:28:23] evaluating:  71%|██████████████████████████████████████████████████████████████████████████████████████████████████████████████████████████████████████████████████████████████████████████████████████                                                                          | 364/512 [2:15:52<53:55, 21.86s/it]
[10:28:46] evaluating:  71%|██████████████████████████████████████████████████████████████████████████████████████████████████████████████████████████████████████████████████████████████████████████████████████▌                                                                         | 365/512 [2:16:16<54:48, 22.37s/it]
[10:29:41] adaptive rollouts 168/192:  42%|█████████████████████████████████████████████████████████████████████████████████████████████████████▋                                                                                                                                              | 70/168 [25:50<43:31, 26.65s/it]
[10:30:03] adaptive rollouts 168/192:  42%|███████████████████████████████████████████████████████████████████████████████████████████████████████                                                                                                                                             | 71/168 [26:11<40:48, 25.25s/it]
[10:30:09] adaptive rollouts 168/192:  43%|████████████████████████████████████████████████████████████████████████████████████████████████████████▌                                                                                                                                           | 72/168 [26:18<31:25, 19.64s/it]
[10:30:11] adaptive rollouts 168/192:  43%|██████████████████████████████████████████████████████████████████████████████████████████████████████████                                                                                                                                          | 73/168 [26:20<22:45, 14.38s/it]
[10:30:33] evaluating:  72%|██████████████████████████████████████████████████████████████████████████████████████████████████████████████████████████████████████████████████████████████████████████████████████                                                                        | 367/512 [2:18:03<1:22:18, 34.06s/it]
[10:30:35] evaluating:  72%|████████████████████████████████████████████████████████████████████████████████████████████████████████████████████████████████████████████████████████████████████████████████████████                                                                        | 368/512 [2:18:05<58:46, 24.49s/it]
[10:30:49] adaptive rollouts 168/192:  45%|██████████████████████████████████████████████████████████████████████████████████████████████████████████████▍                                                                                                                                     | 76/168 [26:57<20:29, 13.37s/it]
[10:31:08] evaluating:  73%|██████████████████████████████████████████████████████████████████████████████████████████████████████████████████████████████████████████████████████████████████████████████████████████                                                                      | 372/512 [2:18:38<23:37, 10.12s/it]
[10:31:50] evaluating:  73%|███████████████████████████████████████████████████████████████████████████████████████████████████████████████████████████████████████████████████████████████████████████████████████████                                                                     | 374/512 [2:19:20<36:31, 15.88s/it]
[10:31:59] evaluating:  73%|████████████████████████████████████████████████████████████████████████████████████████████████████████████████████████████████████████████████████████████████████████████████████████████                                                                    | 376/512 [2:19:29<21:58,  9.70s/it]
[10:32:36] evaluating:  74%|█████████████████████████████████████████████████████████████████████████████████████████████████████████████████████████████████████████████████████████████████████████████████████████████                                                                   | 378/512 [2:20:06<31:10, 13.96s/it]
[10:33:08] evaluating:  74%|██████████████████████████████████████████████████████████████████████████████████████████████████████████████████████████████████████████████████████████████████████████████████████████████                                                                  | 380/512 [2:20:38<30:13, 13.74s/it]
[10:33:33] evaluating:  74%|██████████████████████████████████████████████████████████████████████████████████████████████████████████████████████████████████████████████████████████████████████████████████████████████▌                                                                 | 381/512 [2:21:03<37:20, 17.10s/it]
[10:33:36] evaluating:  75%|███████████████████████████████████████████████████████████████████████████████████████████████████████████████████████████████████████████████████████████████████████████████████████████████                                                                 | 382/512 [2:21:05<27:23, 12.64s/it]
[10:33:45] evaluating:  75%|███████████████████████████████████████████████████████████████████████████████████████████████████████████████████████████████████████████████████████████████████████████████████████████████▌                                                                | 383/512 [2:21:15<25:12, 11.72s/it]
[10:34:17] evaluating:  75%|█████████████████████████████████████████████████████████████████████████████████████████████████████████████████████████████████████████████████████████████████████████████████████████████████                                                               | 386/512 [2:21:47<21:21, 10.17s/it]
[10:34:19] adaptive rollouts 168/192:  51%|████████████████████████████████████████████████████████████████████████████████████████████████████████████████████████████▉                                                                                                                       | 86/168 [30:28<24:10, 17.69s/it]
[10:34:21] adaptive rollouts 168/192:  52%|██████████████████████████████████████████████████████████████████████████████████████████████████████████████████████████████▎                                                                                                                     | 87/168 [30:30<17:40, 13.10s/it]
[10:34:47] adaptive rollouts 168/192:  52%|███████████████████████████████████████████████████████████████████████████████████████████████████████████████████████████████▊                                                                                                                    | 88/168 [30:56<22:39, 16.99s/it]
[10:34:57] evaluating:  76%|██████████████████████████████████████████████████████████████████████████████████████████████████████████████████████████████████████████████████████████████████████████████████████████████████                                                              | 388/512 [2:22:27<27:52, 13.48s/it]
[10:35:17] adaptive rollouts 168/192:  54%|██████████████████████████████████████████████████████████████████████████████████████████████████████████████████████████████████▋                                                                                                                 | 90/168 [31:26<21:34, 16.60s/it]
[10:35:21] adaptive rollouts 168/192:  54%|████████████████████████████████████████████████████████████████████████████████████████████████████████████████████████████████████▏                                                                                                               | 91/168 [31:30<16:21, 12.74s/it]
[10:35:32] adaptive rollouts 168/192:  55%|█████████████████████████████████████████████████████████████████████████████████████████████████████████████████████████████████████▌                                                                                                              | 92/168 [31:41<15:35, 12.31s/it]
[10:35:33] adaptive rollouts 168/192:  55%|███████████████████████████████████████████████████████████████████████████████████████████████████████████████████████████████████████                                                                                                             | 93/168 [31:42<11:04,  8.86s/it]
[10:35:37] adaptive rollouts 168/192:  56%|████████████████████████████████████████████████████████████████████████████████████████████████████████████████████████████████████████▌                                                                                                           | 94/168 [31:46<08:56,  7.25s/it]
[10:35:58] evaluating:  76%|██████████████████████████████████████████████████████████████████████████████████████████████████████████████████████████████████████████████████████████████████████████████████████████████████▌                                                             | 389/512 [2:23:28<57:00, 27.81s/it]
[10:36:04] evaluating:  76%|███████████████████████████████████████████████████████████████████████████████████████████████████████████████████████████████████████████████████████████████████████████████████████████████████                                                             | 390/512 [2:23:33<42:40, 20.99s/it]
[10:36:20] evaluating:  76%|███████████████████████████████████████████████████████████████████████████████████████████████████████████████████████████████████████████████████████████████████████████████████████████████████▌                                                            | 391/512 [2:23:50<39:25, 19.55s/it]
[10:36:23] adaptive rollouts 168/192:  58%|██████████████████████████████████████████████████████████████████████████████████████████████████████████████████████████████████████████████▎                                                                                                     | 98/168 [32:32<10:47,  9.25s/it]
[10:36:47] evaluating:  77%|████████████████████████████████████████████████████████████████████████████████████████████████████████████████████████████████████████████████████████████████████████████████████████████████████▌                                                           | 393/512 [2:24:17<32:38, 16.46s/it]
[10:36:48] adaptive rollouts 168/192:  60%|████████████████████████████████████████████████████████████████████████████████████████████████████████████████████████████████████████████████▋                                                                                                  | 100/168 [32:57<12:42, 11.21s/it]
[10:37:17] evaluating:  77%|██████████████████████████████████████████████████████████████████████████████████████████████████████████████████████████████████████████████████████████████████████████████████████████████████████                                                          | 396/512 [2:24:47<20:21, 10.53s/it]
[10:37:27] adaptive rollouts 168/192:  61%|███████████████████████████████████████████████████████████████████████████████████████████████████████████████████████████████████████████████████▌                                                                                               | 102/168 [33:36<18:10, 16.52s/it]
[10:38:12] evaluating:  78%|███████████████████████████████████████████████████████████████████████████████████████████████████████████████████████████████████████████████████████████████████████████████████████████████████████                                                         | 398/512 [2:25:42<32:20, 17.02s/it]
[10:38:17] evaluating:  78%|███████████████████████████████████████████████████████████████████████████████████████████████████████████████████████████████████████████████████████████████████████████████████████████████████████▌                                                        | 399/512 [2:25:47<25:20, 13.46s/it]
[10:38:29] adaptive rollouts 168/192:  62%|███████████████████████████████████████████████████████████████████████████████████████████████████████████████████████████████████████████████████████▉                                                                                           | 105/168 [34:38<18:40, 17.78s/it]
[10:38:35] adaptive rollouts 168/192:  63%|█████████████████████████████████████████████████████████████████████████████████████████████████████████████████████████████████████████████████████████▎                                                                                         | 106/168 [34:44<14:47, 14.32s/it]
[10:39:11] evaluating:  78%|████████████████████████████████████████████████████████████████████████████████████████████████████████████████████████████████████████████████████████████████████████████████████████████████████████▌                                                       | 401/512 [2:26:41<37:41, 20.37s/it]
[10:39:14] adaptive rollouts 168/192:  64%|████████████████████████████████████████████████████████████████████████████████████████████████████████████████████████████████████████████████████████████▏                                                                                      | 108/168 [35:23<17:47, 17.79s/it]
[10:39:20] adaptive rollouts 168/192:  65%|█████████████████████████████████████████████████████████████████████████████████████████████████████████████████████████████████████████████████████████████▋                                                                                     | 109/168 [35:29<14:07, 14.37s/it]
[10:39:37] evaluating:  79%|█████████████████████████████████████████████████████████████████████████████████████████████████████████████████████████████████████████████████████████████████████████████████████████████████████████                                                       | 402/512 [2:27:07<40:24, 22.04s/it]
[10:39:37] adaptive rollouts 168/192:  66%|████████████████████████████████████████████████████████████████████████████████████████████████████████████████████████████████████████████████████████████████▌                                                                                  | 111/168 [35:46<11:08, 11.73s/it]
[10:39:55] evaluating:  79%|█████████████████████████████████████████████████████████████████████████████████████████████████████████████████████████████████████████████████████████████████████████████████████████████████████████▌                                                      | 403/512 [2:27:25<37:54, 20.87s/it]
[10:40:03] adaptive rollouts 168/192:  67%|███████████████████████████████████████████████████████████████████████████████████████████████████████████████████████████████████████████████████████████████████▍                                                                               | 113/168 [36:12<10:45, 11.73s/it]
[10:40:08] evaluating:  79%|███████████████████████████████████████████████████████████████████████████████████████████████████████████████████████████████████████████████████████████████████████████████████████████████████████████                                                     | 406/512 [2:27:38<16:41,  9.45s/it]
[10:40:11] evaluating:  79%|███████████████████████████████████████████████████████████████████████████████████████████████████████████████████████████████████████████████████████████████████████████████████████████████████████████▌                                                    | 407/512 [2:27:41<12:52,  7.36s/it]
[10:40:19] evaluating:  80%|█████████████████████████████████████████████████████████████████████████████████████████████████████████████████████████████████████████████████████████████████████████████████████████████████████████████                                                   | 410/512 [2:27:48<07:27,  4.38s/it]
[10:40:20] adaptive rollouts 168/192:  70%|█████████████████████████████████████████████████████████████████████████████████████████████████████████████████████████████████████████████████████████████████████████▏                                                                         | 117/168 [36:29<05:23,  6.34s/it]
[10:40:22] adaptive rollouts 168/192:  70%|██████████████████████████████████████████████████████████████████████████████████████████████████████████████████████████████████████████████████████████████████████████▋                                                                        | 118/168 [36:31<04:17,  5.15s/it]
[10:40:27] evaluating:  80%|█████████████████████████████████████████████████████████████████████████████████████████████████████████████████████████████████████████████████████████████████████████████████████████████████████████████▌                                                  | 411/512 [2:27:57<09:22,  5.57s/it]
[10:40:41] evaluating:  80%|██████████████████████████████████████████████████████████████████████████████████████████████████████████████████████████████████████████████████████████████████████████████████████████████████████████████                                                  | 412/512 [2:28:10<12:42,  7.62s/it]
[10:41:11] evaluating:  81%|████████████████████████████████████████████████████████████████████████████████████████████████████████████████████████████████████████████████████████████████████████████████████████████████████████████████                                                | 416/512 [2:28:41<14:26,  9.02s/it]
[10:42:26] evaluating:  82%|█████████████████████████████████████████████████████████████████████████████████████████████████████████████████████████████████████████████████████████████████████████████████████████████████████████████████                                               | 418/512 [2:29:55<31:51, 20.34s/it]
[10:43:02] evaluating:  82%|█████████████████████████████████████████████████████████████████████████████████████████████████████████████████████████████████████████████████████████████████████████████████████████████████████████████████▌                                              | 419/512 [2:30:32<39:05, 25.22s/it]
[10:43:44] evaluating:  82%|██████████████████████████████████████████████████████████████████████████████████████████████████████████████████████████████████████████████████████████████████████████████████████████████████████████████████▌                                             | 421/512 [2:31:14<32:10, 21.22s/it]
[10:43:47] adaptive rollouts 168/192:  74%|████████████████████████████████████████████████████████████████████████████████████████████████████████████████████████████████████████████████████████████████████████████████████▊                                                              | 125/168 [39:56<22:37, 31.56s/it]
[10:45:06] evaluating:  83%|████████████████████████████████████████████████████████████████████████████████████████████████████████████████████████████████████████████████████████████████████████████████████████████████████████████████████                                            | 424/512 [2:32:36<31:38, 21.57s/it]
[10:45:13] evaluating:  83%|████████████████████████████████████████████████████████████████████████████████████████████████████████████████████████████████████████████████████████████████████████████████████████████████████████████████████▌                                           | 425/512 [2:32:43<24:45, 17.08s/it]
[10:45:54] evaluating:  83%|█████████████████████████████████████████████████████████████████████████████████████████████████████████████████████████████████████████████████████████████████████████████████████████████████████████████████████▌                                          | 427/512 [2:33:24<25:51, 18.26s/it]
[10:46:00] adaptive rollouts 168/192:  77%|██████████████████████████████████████████████████████████████████████████████████████████████████████████████████████████████████████████████████████████████████████████████████████████▌                                                        | 129/168 [42:09<21:03, 32.40s/it]
[10:46:51] evaluating:  84%|██████████████████████████████████████████████████████████████████████████████████████████████████████████████████████████████████████████████████████████████████████████████████████████████████████████████████████                                          | 428/512 [2:34:20<41:35, 29.71s/it]
[10:47:15] evaluating:  84%|██████████████████████████████████████████████████████████████████████████████████████████████████████████████████████████████████████████████████████████████████████████████████████████████████████████████████████▌                                         | 429/512 [2:34:45<38:59, 28.19s/it]
[10:47:25] evaluating:  84%|███████████████████████████████████████████████████████████████████████████████████████████████████████████████████████████████████████████████████████████████████████████████████████████████████████████████████████▌                                        | 431/512 [2:34:55<22:25, 16.61s/it]
[10:47:31] evaluating:  84%|████████████████████████████████████████████████████████████████████████████████████████████████████████████████████████████████████████████████████████████████████████████████████████████████████████████████████████                                        | 432/512 [2:35:01<17:48, 13.35s/it]
[10:47:35] adaptive rollouts 168/192:  80%|█████████████████████████████████████████████████████████████████████████████████████████████████████████████████████████████████████████████████████████████████████████████████████████████████▊                                                 | 134/168 [43:44<09:08, 16.12s/it]
[10:47:57] evaluating:  85%|████████████████████████████████████████████████████████████████████████████████████████████████████████████████████████████████████████████████████████████████████████████████████████████████████████████████████████▌                                       | 433/512 [2:35:27<22:31, 17.11s/it]
[10:48:03] evaluating:  85%|█████████████████████████████████████████████████████████████████████████████████████████████████████████████████████████████████████████████████████████████████████████████████████████████████████████████████████████▌                                      | 435/512 [2:35:33<12:30,  9.75s/it]
[10:48:04] adaptive rollouts 168/192:  82%|██████████████████████████████████████████████████████████████████████████████████████████████████████████████████████████████████████████████████████████████████████████████████████████████████████▏                                            | 137/168 [44:13<05:46, 11.17s/it]
[10:48:05] adaptive rollouts 168/192:  82%|███████████████████████████████████████████████████████████████████████████████████████████████████████████████████████████████████████████████████████████████████████████████████████████████████████▌                                           | 138/168 [44:13<03:58,  7.96s/it]
[10:48:26] adaptive rollouts 168/192:  83%|█████████████████████████████████████████████████████████████████████████████████████████████████████████████████████████████████████████████████████████████████████████████████████████████████████████                                          | 139/168 [44:35<05:45, 11.91s/it]
[10:48:43] evaluating:  85%|██████████████████████████████████████████████████████████████████████████████████████████████████████████████████████████████████████████████████████████████████████████████████████████████████████████████████████████▌                                     | 437/512 [2:36:13<17:53, 14.31s/it]
[10:48:46] adaptive rollouts 168/192:  84%|███████████████████████████████████████████████████████████████████████████████████████████████████████████████████████████████████████████████████████████████████████████████████████████████████████████▉                                       | 141/168 [44:55<05:18, 11.81s/it]
[10:48:48] adaptive rollouts 168/192:  85%|█████████████████████████████████████████████████████████████████████████████████████████████████████████████████████████████████████████████████████████████████████████████████████████████████████████████▍                                     | 142/168 [44:57<03:47,  8.73s/it]
[10:49:09] adaptive rollouts 168/192:  85%|██████████████████████████████████████████████████████████████████████████████████████████████████████████████████████████████████████████████████████████████████████████████████████████████████████████████▊                                    | 143/168 [45:17<05:06, 12.25s/it]
[10:49:21] evaluating:  86%|███████████████████████████████████████████████████████████████████████████████████████████████████████████████████████████████████████████████████████████████████████████████████████████████████████████████████████████                                     | 438/512 [2:36:51<26:34, 21.55s/it]
[10:49:25] evaluating:  86%|████████████████████████████████████████████████████████████████████████████████████████████████████████████████████████████████████████████████████████████████████████████████████████████████████████████████████████████                                    | 440/512 [2:36:55<14:00, 11.68s/it]
[10:49:50] evaluating:  86%|█████████████████████████████████████████████████████████████████████████████████████████████████████████████████████████████████████████████████████████████████████████████████████████████████████████████████████████████                                   | 442/512 [2:37:20<13:55, 11.94s/it]
[10:49:51] adaptive rollouts 168/192:  88%|████████████████████████████████████████████████████████████████████████████████████████████████████████████████████████████████████████████████████████████████████████████████████████████████████████████████████▋                              | 147/168 [45:59<04:06, 11.76s/it]
[10:49:56] evaluating:  87%|█████████████████████████████████████████████████████████████████████████████████████████████████████████████████████████████████████████████████████████████████████████████████████████████████████████████████████████████▌                                  | 443/512 [2:37:25<11:37, 10.10s/it]
[10:50:14] evaluating:  87%|██████████████████████████████████████████████████████████████████████████████████████████████████████████████████████████████████████████████████████████████████████████████████████████████████████████████████████████████                                  | 444/512 [2:37:44<14:11, 12.52s/it]
[10:50:43] adaptive rollouts 168/192:  89%|████████████████████████████████████████████████████████████████████████████████████████████████████████████████████████████████████████████████████████████████████████████████████████████████████████████████████████▉                          | 150/168 [46:52<05:36, 18.70s/it]
[10:50:48] evaluating:  87%|██████████████████████████████████████████████████████████████████████████████████████████████████████████████████████████████████████████████████████████████████████████████████████████████████████████████████████████████▌                                 | 445/512 [2:38:18<21:23, 19.16s/it]
[10:50:55] adaptive rollouts 168/192:  90%|███████████████████████████████████████████████████████████████████████████████████████████████████████████████████████████████████████████████████████████████████████████████████████████████████████████████████████████▊                       | 152/168 [47:04<03:17, 12.36s/it]
[10:51:41] evaluating:  87%|███████████████████████████████████████████████████████████████████████████████████████████████████████████████████████████████████████████████████████████████████████████████████████████████████████████████████████████████▌                                | 447/512 [2:39:11<24:01, 22.18s/it]
[10:51:46] evaluating:  88%|████████████████████████████████████████████████████████████████████████████████████████████████████████████████████████████████████████████████████████████████████████████████████████████████████████████████████████████████▌                               | 449/512 [2:39:15<12:31, 11.92s/it]
[10:52:14] evaluating:  88%|█████████████████████████████████████████████████████████████████████████████████████████████████████████████████████████████████████████████████████████████████████████████████████████████████████████████████████████████████▌                              | 451/512 [2:39:44<12:43, 12.51s/it]
[10:52:25] evaluating:  88%|██████████████████████████████████████████████████████████████████████████████████████████████████████████████████████████████████████████████████████████████████████████████████████████████████████████████████████████████████▌                             | 453/512 [2:39:55<08:46,  8.93s/it]
[10:52:27] evaluating:  89%|███████████████████████████████████████████████████████████████████████████████████████████████████████████████████████████████████████████████████████████████████████████████████████████████████████████████████████████████████                             | 454/512 [2:39:57<06:37,  6.86s/it]
[10:52:59] evaluating:  89%|████████████████████████████████████████████████████████████████████████████████████████████████████████████████████████████████████████████████████████████████████████████████████████████████████████████████████████████████████▌                           | 457/512 [2:40:29<07:09,  7.81s/it]
[10:53:28] evaluating:  90%|██████████████████████████████████████████████████████████████████████████████████████████████████████████████████████████████████████████████████████████████████████████████████████████████████████████████████████████████████████                          | 460/512 [2:40:58<06:33,  7.57s/it]
[10:54:23] evaluating:  90%|██████████████████████████████████████████████████████████████████████████████████████████████████████████████████████████████████████████████████████████████████████████████████████████████████████████████████████████████████████▌                         | 461/512 [2:41:53<18:35, 21.87s/it]
[10:55:01] evaluating:  91%|████████████████████████████████████████████████████████████████████████████████████████████████████████████████████████████████████████████████████████████████████████████████████████████████████████████████████████████████████████▌                       | 465/512 [2:42:31<09:45, 12.46s/it]
[10:55:02] evaluating:  91%|█████████████████████████████████████████████████████████████████████████████████████████████████████████████████████████████████████████████████████████████████████████████████████████████████████████████████████████████████████████                       | 466/512 [2:42:32<06:56,  9.05s/it]
[10:55:12] evaluating:  91%|█████████████████████████████████████████████████████████████████████████████████████████████████████████████████████████████████████████████████████████████████████████████████████████████████████████████████████████████████████████▌                      | 467/512 [2:42:42<06:58,  9.30s/it]
[10:55:57] evaluating:  92%|███████████████████████████████████████████████████████████████████████████████████████████████████████████████████████████████████████████████████████████████████████████████████████████████████████████████████████████████████████████                     | 470/512 [2:43:26<10:15, 14.66s/it]
[10:57:37] evaluating:  93%|█████████████████████████████████████████████████████████████████████████████████████████████████████████████████████████████████████████████████████████████████████████████████████████████████████████████████████████████████████████████                   | 474/512 [2:45:07<12:12, 19.27s/it]
[10:58:38] evaluating:  93%|██████████████████████████████████████████████████████████████████████████████████████████████████████████████████████████████████████████████████████████████████████████████████████████████████████████████████████████████████████████████                  | 476/512 [2:46:08<16:23, 27.32s/it]
[11:00:20] evaluating:  94%|████████████████████████████████████████████████████████████████████████████████████████████████████████████████████████████████████████████████████████████████████████████████████████████████████████████████████████████████████████████████▌               | 481/512 [2:47:50<11:08, 21.57s/it]
[11:01:21] adaptive rollouts 168/192: 100%|███████████████████████████████████████████████████████████████████████████████████████████████████████████████████████████████████████████████████████████████████████████| 168/168 [57:29<00:00, 20.53s/it]
[11:01:21] [step 3] rollout pilot parent 7/fold 0: hurdle expected-best; parent reward=2.625240792, pilot best reward=2.625258024, projected phase-2 gain=7.6953009e-08; allocating 24 phase-2 rollouts
[11:01:21] [step 3]   strategy 0: mean=1.250096314, variance=1.594014882, valid=5/10, improved=1/10, posterior-improve=0.166667, initial-EI=4.00859039e-10, phase2=0, total=10, [38;5;208mpilot best raw C₅ bound=0.380917428[0m
[11:01:21] [step 3]   strategy 1: mean=1.312622175, variance=1.722976975, valid=5/10, improved=3/10, posterior-improve=0.333333, initial-EI=4.81030847e-09, phase2=24, total=34, [38;5;208mpilot best raw C₅ bound=0.380914929[0m
[11:01:21] [step 3]   strategy 2: mean=1.050096480, variance=1.654053927, valid=4/10, improved=3/10, posterior-improve=0.333333, initial-EI=4.00859039e-10, phase2=0, total=10, [38;5;208mpilot best raw C₅ bound=0.380917332[0m
[11:01:21] [step 3]   strategy 3: mean=2.100192877, variance=1.102702530, valid=8/10, improved=4/10, posterior-improve=0.416667, initial-EI=4.00859039e-10, phase2=0, total=10, [38;5;208mpilot best raw C₅ bound=0.380917329[0m
[11:04:21] evaluating:  95%|███████████████████████████████████████████████████████████████████████████████████████████████████████████████████████████████████████████████████████████████████████████████         | 487/512 [2:51:51<11:47, 28.30s/it]
[11:06:40] evaluating:  96%|███████████████████████████████████████████████████████████████████████████████████████████████████████████████████████████████████████████████████████████████████████████████▋        | 489/512 [2:54:10<16:54, 44.10s/it]
[11:08:41] evaluating:  96%|████████████████████████████████████████████████████████████████████████████████████████████████████████████████████████████████████████████████████████████████████████████████        | 490/512 [2:56:11<24:34, 67.01s/it]
[11:09:05] evaluating:  96%|████████████████████████████████████████████████████████████████████████████████████████████████████████████████████████████████████████████████████████████████████████████████▍       | 491/512 [2:56:35<19:00, 54.32s/it]
[11:09:23] evaluating:  96%|████████████████████████████████████████████████████████████████████████████████████████████████████████████████████████████████████████████████████████████████████████████████▊       | 492/512 [2:56:53<14:24, 43.20s/it]
[11:09:55] adaptive rollouts 192/192:  21%|████████████████████████████████████▎                                                                                                                                         | 5/24 [08:34<21:10, 66.84s/it]
[11:10:29] evaluating:  96%|█████████████████████████████████████████████████████████████████████████████████████████████████████████████████████████████████████████████████████████████████████████████████▏      | 493/512 [2:57:59<15:54, 50.22s/it]
[11:10:48] adaptive rollouts 192/192:  29%|██████████████████████████████████████████████████▊                                                                                                                           | 7/24 [09:27<13:06, 46.25s/it]
[11:11:06] adaptive rollouts 192/192:  33%|██████████████████████████████████████████████████████████                                                                                                                    | 8/24 [09:45<09:58, 37.42s/it]
[11:11:24] evaluating:  96%|█████████████████████████████████████████████████████████████████████████████████████████████████████████████████████████████████████████████████████████████████████████████████▌      | 494/512 [2:58:54<15:28, 51.61s/it]
[11:11:32] evaluating:  97%|█████████████████████████████████████████████████████████████████████████████████████████████████████████████████████████████████████████████████████████████████████████████████▉      | 495/512 [2:59:02<10:54, 38.53s/it]
[11:11:43] adaptive rollouts 192/192:  46%|███████████████████████████████████████████████████████████████████████████████▎                                                                                             | 11/24 [10:22<04:36, 21.31s/it]
[11:12:04] adaptive rollouts 192/192:  50%|██████████████████████████████████████████████████████████████████████████████████████▌                                                                                      | 12/24 [10:43<04:14, 21.25s/it]
[11:12:05] evaluating:  97%|██████████████████████████████████████████████████████████████████████████████████████████████████████████████████████████████████████████████████████████████████████████████████▎     | 496/512 [2:59:35<09:48, 36.76s/it]
[11:12:30] evaluating:  97%|██████████████████████████████████████████████████████████████████████████████████████████████████████████████████████████████████████████████████████████████████████████████████▉     | 498/512 [3:00:00<05:26, 23.32s/it]
[11:13:10] adaptive rollouts 192/192:  62%|████████████████████████████████████████████████████████████████████████████████████████████████████████████▏                                                                | 15/24 [11:49<03:51, 25.75s/it]
[11:13:22] adaptive rollouts 192/192:  67%|███████████████████████████████████████████████████████████████████████████████████████████████████████████████████▎                                                         | 16/24 [12:01<02:53, 21.69s/it]
[11:13:34] adaptive rollouts 192/192:  71%|██████████████████████████████████████████████████████████████████████████████████████████████████████████████████████████▌                                                  | 17/24 [12:13<02:12, 18.87s/it]
[11:13:35] evaluating:  97%|███████████████████████████████████████████████████████████████████████████████████████████████████████████████████████████████████████████████████████████████████████████████████▎    | 499/512 [3:01:04<07:44, 35.75s/it]
[11:14:34] evaluating:  98%|████████████████████████████████████████████████████████████████████████████████████████████████████████████████████████████████████████████████████████████████████████████████████▊   | 503/512 [3:02:04<02:41, 17.93s/it]
[11:14:51] evaluating:  98%|█████████████████████████████████████████████████████████████████████████████████████████████████████████████████████████████████████████████████████████████████████████████████████▏  | 504/512 [3:02:21<02:21, 17.67s/it]
[11:15:08] evaluating:  99%|█████████████████████████████████████████████████████████████████████████████████████████████████████████████████████████████████████████████████████████████████████████████████████▍  | 505/512 [3:02:38<02:02, 17.45s/it]
[11:15:14] adaptive rollouts 192/192:  92%|██████████████████████████████████████████████████████████████████████████████████████████████████████████████████████████████████████████████████████████████▌              | 22/24 [13:53<00:39, 19.66s/it]
[11:15:50] evaluating:  99%|██████████████████████████████████████████████████████████████████████████████████████████████████████████████████████████████████████████████████████████████████████████████████████▏ | 507/512 [3:03:20<01:27, 17.56s/it]
[11:16:06] adaptive rollouts 192/192: 100%|█████████████████████████████████████████████████████████████████████████████████████████████████████████████████████████████████████████████████████████████████████████████| 24/24 [14:45<00:00, 36.90s/it]
[11:16:06] [step 3] coder format recovery skipped: 424/512 complete blocks (at least 50%); 88 incomplete original(s) retain failure reward
[11:17:57] evaluating:  99%|██████████████████████████████████████████████████████████████████████████████████████████████████████████████████████████████████████████████████████████████████████████████████████▉ | 509/512 [3:05:27<01:52, 37.49s/it]
[11:20:08] vllm reference logprobs:  12%|█████████████████████▊                                                                                                                                                        | 64/512 [04:00<28:05,  3.76s/it]
[11:20:08] vllm reference logprobs:  38%|████████████████████████████████████████████████████████████████▉                                                                                                            | 192/512 [04:01<05:12,  1.02it/s]
[11:20:10] vllm reference logprobs:  62%|████████████████████████████████████████████████████████████████████████████████████████████████████████████▏                                                                | 320/512 [04:03<01:32,  2.07it/s]
[11:20:11] vllm reference logprobs: 100%|█████████████████████████████████████████████████████████████████████████████████████████████████████████████████████████████████████████████████████████████████████████████| 512/512 [04:04<00:00,  2.10it/s]
[11:20:11] [step 3] vLLM logprobs: rollout 512/512, reference 512/512 in 244.7s (HF exact reference fallbacks: 0; CPU evaluations completed during scoring: 507->509)
[11:20:13] [gpu] keeping trainer replicas offloaded until the adapter update
[11:20:14] [train-process] restoring 8 process trainers while CPU evaluation continues
[11:20:52] [step 3] entropic evaluation/training overlap started; 3/512 CPU evaluations still pending
[11:20:52] [train-memory] cuda:4: starting long-sequence mode (gradient checkpointing, CPU activation offload, reserved GPU headroom)
[11:20:52] [train-memory] cuda:5: starting long-sequence mode (gradient checkpointing, CPU activation offload, reserved GPU headroom)
[11:20:52] [train-memo[train-memory] cuda:6: starting long-sequence mode (gradient checkpointing, CPU activation offload, reserved GPU headroom)

[11:20:52] [step 3] entropic overlap: group 0 reward-complete; queued 64 examples to all GPUs; 3/512 CPU evaluations still pending
[11:20:52] [train-memo[train-memory] cuda:2: starting long-sequence mode (gradient checkpointing, CPU activation offload, reserved GPU headroom)[train-memory] cuda:1: starting long-sequence mode (gradient checkpointing, CPU activation offload, reserved GPU headroom)


[11:20:52] [train-memory] cuda:0: starting long-sequence mode (gradient checkpointing, CPU activation offload, reserved GPU headroom)
[11:20:52] [step 3] entropic overlap: group 1 reward-complete; queued 64 examples to all GPUs; 3/512 CPU evaluations still pending
[11:20:53] [step 3] entropic overlap: group 2 reward-complete; queued 64 examples to all GPUs; 3/512 CPU evaluations still pending
[11:20:53] [step 3] entropic overlap: group 3 reward-complete; queued 64 examples to all GPUs; 3/512 CPU evaluations still pending
[11:20:53] [step 3] entropic overlap: group 4 reward-complete; queued 64 examples to all GPUs; 3/512 CPU evaluations still pending
[11:20:53] [step 3] entropic overlap: group 5 reward-complete; queued 64 examples to all GPUs; 3/512 CPU evaluations still pending
[11:20:54] [step 3] entropic overlap: group 6 reward-complete; queued 64 examples to all GPUs; 3/512 CPU evaluations still pending
[11:21:58] [train-memory] cuda:0: starting long-sequence mode (gradient checkpointing, reserved GPU headroom)
[11:21:59] [train-memory] cuda:2: starting long-sequence mode (gradient checkpointing, reserved GPU headroom)
[11:22:13] [train-memory] cuda:4: starting long-sequence mode (gradient checkpointing, reserved GPU headroom)
[11:24:21] [train-memory] cuda:0: starting long-sequence mode (gradient checkpointing, CPU activation offload, reserved GPU headroom)
[11:24:21] [train-memory] cuda:3: starting long-sequence mode (gradient checkpointing, CPU activation offload, reserved GPU headroom)
[11:24:53] [train-memory] cuda:3: starting long-sequence mode (gradient checkpointing, reserved GPU headroom)
[11:24:55] [train-memory] cuda:0: starting long-sequence mode (gradient checkpointing, reserved GPU headroom)
[11:27:26] [train-memory] cuda:1: starting long-sequence mode (gradient checkpointing, CPU activation offload, reserved GPU headroom)
[11:27:27] [train-memory] cuda:7: starting long-sequence mode (gradient checkpointing, CPU activation offload, reserved GPU headroom)
[11:27:27] [train-memory] cuda:6: starting long-sequence mode (gradient checkpointing, CPU activation offload, reserved GPU headroom)
[11:27:27] [train-memory] cuda:3: starting long-sequence mode (gradient checkpointing, CPU activation offload, reserved GPU headroom)
[11:27:58] [train-memory] cuda:6: starting long-sequence mode (gradient checkpointing, reserved GPU headroom)
[11:27:58] [train-memory] cuda:3: starting long-sequence mode (gradient checkpointing, reserved GPU headroom)
[11:28:00] [train-memory] cuda:7: starting long-sequence mode (gradient checkpointing, reserved GPU headroom)
[11:28:39] [train-memory] cuda:1: starting long-sequence mode (gradient checkpointing, reserved GPU headroom)
[11:29:25] [step 3] entropic overlap: group 7 reward-complete; queued 64 examples to all GPUs; 0/512 CPU evaluations still pending
[11:29:25] [step 3] entropic overlap queued 512 examples (old logprobs 512/512, reference 512/512); backward continues while rollout artifacts are processed; optimizer step deferred
[11:29:25] evaluating: 100%|████████████████████████████████████████████████████████████████████████████████████████████████████████████████████████████████████████████████████████████████████████████████████████| 512/512 [3:16:55<00:00, 23.08s/it]
[11:29:25] [step 3] rollout phase 2 complete parent 0/fold 0: hurdle expected-best; evaluated 24 phase-2 rollouts
[11:29:25] [step 3]   strategy 0: mean=1.760315795, variance=1.379284566, valid=7/10, improved=2/10, posterior-improve=0.250000, initial-EI=3.97359535e-13, phase2=0, total=10, [38;5;208mpilot best raw C₅ bound=0.380917312[0m
[11:29:25] [step 3]   strategy 1: mean=1.832561234, variance=1.439335360, valid=7/10, improved=4/10, posterior-improve=0.416667, initial-EI=3.97359535e-13, phase2=0, total=10, [38;5;208mpilot best raw C₅ bound=0.380917308[0m
[11:29:25] [step 3]   strategy 2: mean=1.575147476, variance=1.654059714, valid=6/10, improved=3/10, posterior-improve=0.333333, initial-EI=4.76831442e-12, phase2=24, total=34, [38;5;208mpilot best raw C₅ bound=0.380913659[0m [93m--> best raw after new rollouts C₅ bound=0.380913659[0m
[11:29:25] [step 3]   strategy 3: mean=0.787572479, variance=1.447297623, valid=3/10, improved=2/10, posterior-improve=0.250000, initial-EI=3.97359535e-13, phase2=0, total=10, [38;5;208mpilot best raw C₅ bound=0.380917312[0m
[11:29:25] [step 3] rollout phase 2 complete parent 1/fold 0: hurdle expected-best; evaluated 24 phase-2 rollouts
[11:29:25] [step 3]   strategy 0: mean=1.050096636, variance=1.654054417, valid=4/10, improved=4/10, posterior-improve=0.416667, initial-EI=3.7642728e-11, phase2=0, total=10, [38;5;208mpilot best raw C₅ bound=0.380917310[0m
[11:29:25] [step 3]   strategy 1: mean=1.831452830, variance=1.437853202, valid=7/10, improved=3/10, posterior-improve=0.333333, initial-EI=3.7642728e-11, phase2=0, total=10, [38;5;208mpilot best raw C₅ bound=0.380917317[0m
[11:29:25] [step 3]   strategy 2: mean=1.250096583, variance=1.594015623, valid=5/10, improved=3/10, posterior-improve=0.333333, initial-EI=3.7642728e-11, phase2=0, total=10, [38;5;208mpilot best raw C₅ bound=0.380917307[0m
[11:29:25] [step 3]   strategy 3: mean=1.837670742, variance=1.447300181, valid=7/10, improved=6/10, posterior-improve=0.583333, initial-EI=6.39926376e-10, phase2=24, total=34, [38;5;208mpilot best raw C₅ bound=0.380914944[0m [93m--> best raw after new rollouts C₅ bound=0.380903675[0m
[11:29:25] [step 3] rollout phase 2 complete parent 2/fold 0: hurdle expected-best; evaluated 24 phase-2 rollouts
[11:29:25] [step 3]   strategy 0: mean=1.575144782, variance=1.654054056, valid=6/10, improved=2/10, posterior-improve=0.250000, initial-EI=4.37028164e-10, phase2=24, total=34, [38;5;208mpilot best raw C₅ bound=0.380917324[0m [93m--> best raw after new rollouts C₅ bound=0.380917321[0m
[11:29:25] [step 3]   strategy 1: mean=1.777262115, variance=1.384988665, valid=7/10, improved=4/10, posterior-improve=0.416667, initial-EI=3.36175511e-11, phase2=0, total=10, [38;5;208mpilot best raw C₅ bound=0.380917341[0m
[11:29:25] [step 3]   strategy 2: mean=2.100176343, variance=1.102685171, valid=8/10, improved=3/10, posterior-improve=0.333333, initial-EI=3.36175511e-11, phase2=0, total=10, [38;5;208mpilot best raw C₅ bound=0.380917361[0m
[11:29:25] [step 3]   strategy 3: mean=1.837668889, variance=1.447297263, valid=7/10, improved=3/10, posterior-improve=0.333333, initial-EI=3.36175511e-11, phase2=0, total=10, [38;5;208mpilot best raw C₅ bound=0.380917351[0m
[11:29:25] [step 3] rollout phase 2 complete parent 3/fold 0: hurdle expected-best; evaluated 24 phase-2 rollouts
[11:29:25] [step 3]   strategy 0: mean=1.537254341, variance=1.587398001, valid=6/10, improved=3/10, posterior-improve=0.333333, initial-EI=3.33904623e-09, phase2=24, total=34, [38;5;208mpilot best raw C₅ bound=0.380917309[0m [93m--> best raw after new rollouts C₅ bound=0.380917309[0m
[11:29:25] [step 3]   strategy 1: mean=2.362670203, variance=0.620245629, valid=9/10, improved=5/10, posterior-improve=0.500000, initial-EI=9.59824929e-10, phase2=0, total=10, [38;5;208mpilot best raw C₅ bound=0.380917323[0m
[11:29:25] [step 3]   strategy 2: mean=2.053946120, variance=1.071371230, valid=8/10, improved=2/10, posterior-improve=0.250000, initial-EI=5.10397572e-10, phase2=0, total=10, [38;5;208mpilot best raw C₅ bound=0.380917332[0m
[11:29:25] [step 3]   strategy 3: mean=1.810559658, variance=1.411210498, valid=7/10, improved=2/10, posterior-improve=0.250000, initial-EI=2.02636948e-09, phase2=0, total=10, [38;5;208mpilot best raw C₅ bound=0.380917314[0m
[11:29:25] [step 3] rollout phase 2 complete parent 4/fold 0: hurdle expected-best; evaluated 24 phase-2 rollouts
[11:29:25] [step 3]   strategy 0: mean=2.100193079, variance=1.102702743, valid=8/10, improved=7/10, posterior-improve=0.666667, initial-EI=4.97523385e-10, phase2=0, total=10, [38;5;208mpilot best raw C₅ bound=0.380917330[0m
[11:29:25] [step 3]   strategy 1: mean=1.575144777, variance=1.654054046, valid=6/10, improved=4/10, posterior-improve=0.416667, initial-EI=4.05430286e-10, phase2=0, total=10, [38;5;208mpilot best raw C₅ bound=0.380917331[0m
[11:29:25] [step 3]   strategy 2: mean=2.362717154, variance=0.620270261, valid=9/10, improved=6/10, posterior-improve=0.583333, initial-EI=2.56254265e-09, phase2=0, total=10, [38;5;208mpilot best raw C₅ bound=0.380917314[0m
[11:29:25] [step 3]   strategy 3: mean=2.100193079, variance=1.102702742, valid=8/10, improved=5/10, posterior-improve=0.500000, initial-EI=3.40590945e-09, phase2=24, total=34, [38;5;208mpilot best raw C₅ bound=0.380917314[0m [93m--> best raw after new rollouts C₅ bound=0.380917314[0m
[11:29:25] [step 3] rollout phase 2 complete parent 5/fold 0: hurdle expected-best; evaluated 24 phase-2 rollouts
[11:29:25] [step 3]   strategy 0: mean=1.312627499, variance=1.722990951, valid=5/10, improved=4/10, posterior-improve=0.416667, initial-EI=3.1246831e-09, phase2=24, total=34, [38;5;208mpilot best raw C₅ bound=0.380907442[0m [93m--> best raw after new rollouts C₅ bound=0.380903253[0m
[11:29:25] [step 3]   strategy 1: mean=1.818861126, variance=1.420855885, valid=7/10, improved=4/10, posterior-improve=0.416667, initial-EI=1.35855787e-10, phase2=0, total=10, [38;5;208mpilot best raw C₅ bound=0.380917323[0m
[11:29:25] [step 3]   strategy 2: mean=2.100192942, variance=1.102702598, valid=8/10, improved=7/10, posterior-improve=0.666667, initial-EI=1.35855787e-10, phase2=0, total=10, [38;5;208mpilot best raw C₅ bound=0.380917351[0m
[11:29:25] [step 3]   strategy 3: mean=2.362717100, variance=0.620270233, valid=9/10, improved=7/10, posterior-improve=0.666667, initial-EI=1.35855787e-10, phase2=0, total=10, [38;5;208mpilot best raw C₅ bound=0.380917331[0m
[11:29:25] [step 3] rollout phase 2 complete parent 6/fold 0: hurdle expected-best; evaluated 24 phase-2 rollouts
[11:29:25] [step 3]   strategy 0: mean=1.570385457, variance=1.644262409, valid=6/10, improved=5/10, posterior-improve=0.500000, initial-EI=1.20852595e-10, phase2=0, total=10, [38;5;208mpilot best raw C₅ bound=0.380917308[0m
[11:29:25] [step 3]   strategy 1: mean=1.312628669, variance=1.722994024, valid=5/10, improved=5/10, posterior-improve=0.500000, initial-EI=3.26302008e-09, phase2=24, total=34, [38;5;208mpilot best raw C₅ bound=0.380905527[0m [93m--> best raw after new rollouts C₅ bound=0.380903714[0m
[11:29:25] [step 3]   strategy 2: mean=2.099913853, variance=1.102410229, valid=8/10, improved=7/10, posterior-improve=0.666667, initial-EI=1.20852595e-10, phase2=0, total=10, [38;5;208mpilot best raw C₅ bound=0.380917317[0m
[11:29:25] [step 3]   strategy 3: mean=2.362716937, variance=0.620270147, valid=9/10, improved=9/10, posterior-improve=0.833333, initial-EI=1.20852595e-10, phase2=0, total=10, [38;5;208mpilot best raw C₅ bound=0.380917366[0m
[11:29:25] [step 3] rollout phase 2 complete parent 7/fold 0: hurdle expected-best; evaluated 24 phase-2 rollouts
[11:29:25] [step 3]   strategy 0: mean=1.250096314, variance=1.594014882, valid=5/10, improved=1/10, posterior-improve=0.166667, initial-EI=4.00859039e-10, phase2=0, total=10, [38;5;208mpilot best raw C₅ bound=0.380917428[0m
[11:29:25] [step 3]   strategy 1: mean=1.312622175, variance=1.722976975, valid=5/10, improved=3/10, posterior-improve=0.333333, initial-EI=4.81030847e-09, phase2=24, total=34, [38;5;208mpilot best raw C₅ bound=0.380914929[0m [93m--> best raw after new rollouts C₅ bound=0.380914929[0m
[11:29:25] [step 3]   strategy 2: mean=1.050096480, variance=1.654053927, valid=4/10, improved=3/10, posterior-improve=0.333333, initial-EI=4.00859039e-10, phase2=0, total=10, [38;5;208mpilot best raw C₅ bound=0.380917332[0m
[11:29:25] [step 3]   strategy 3: mean=2.100192877, variance=1.102702530, valid=8/10, improved=4/10, posterior-improve=0.416667, initial-EI=4.00859039e-10, phase2=0, total=10, [38;5;208mpilot best raw C₅ bound=0.380917329[0m
[11:29:25]   group 0: rewards min=0.000000000 mean=1.519786636 max=2.625266775  valid=38/64  beta=251.550850673
[11:29:25]   group 1: rewards min=0.000000000 mean=1.547162783 max=2.625335591  valid=38/64  beta=13330.819337458
[11:29:26]   group 2: rewards min=0.000000000 mean=1.653209642 max=2.625241540  valid=41/64  beta=1048576.000000000
[11:29:26]   group 3: rewards min=0.000000000 mean=1.734107154 max=2.625241623  valid=43/64  beta=1048576.000000000
[11:29:26]   group 4: rewards min=0.000000000 mean=1.927388753 max=2.625241589  valid=47/64  beta=1048576.000000000
[11:29:26]   group 5: rewards min=0.000000000 mean=1.801917216 max=2.625338495  valid=44/64  beta=23771.188268929
[11:29:26]   group 6: rewards min=0.000000000 mean=1.871510206 max=2.625335317  valid=46/64  beta=19770.461519125
[11:29:27]   group 7: rewards min=0.000000000 mean=1.588581635 max=2.625258024  valid=39/64  beta=90794.626009370
[11:29:27] [step 3] saved 512 rollout .txt/.meta.json pairs before adapter update
[11:29:27] [step 3] rollout+eval+overlapped-backward wall time: 11817.1s  training examples: 512  new children: 336
[11:29:27] [step 3] strategy archive: valid=336, unique-new=336, top-2/strategy=64, survived parent-top-8/global-cap=64
[11:29:27] [92m[step 3] best-ever raw C₅ bound: 0.380903253 (lower is better; reward=2.625338495, found step=3)  ★ NEW RUN BEST[0m
[11:29:27] [step 3] starting adapter training; rollout artifacts are already on disk
[11:30:27] [train-memory] cuda:2: starting long-sequence mode (gradient checkpointing, CPU activation offload, reserved GPU headroom)
[11:30:28] [train-memory] cuda:7: starting long-sequence mode (gradient checkpointing, CPU activation offload, reserved GPU headroom)
[11:30:28] [train-memory] cuda:3: starting long-sequence mode (gradient checkpointing, CPU activation offload, reserved GPU headroom)
[11:30:28] [train-memory] cuda:5: starting long-sequence mode (gradient checkpointing, CPU activation offload, reserved GPU headroom)
[11:30:29] [train-memory] cuda:6: starting long-sequence mode (gradient checkpointing, CPU activation offload, reserved GPU headroom)
[11:31:00] [train-memory] cuda:6: starting long-sequence mode (gradient checkpointing, reserved GPU headroom)
[11:31:01] [train-memory] cuda:5: starting long-sequence mode (gradient checkpointing, reserved GPU headroom)
[11:31:02] [train-memory] cuda:3: starting long-sequence mode (gradient checkpointing, reserved GPU headroom)
[11:31:02] [train-memory] cuda:7: starting long-sequence mode (gradient checkpointing, reserved GPU headroom)
[11:31:04] [train-memory] cuda:2: starting long-sequence mode (gradient checkpointing, reserved GPU headroom)
[11:33:31] [train-memory] cuda:1: starting long-sequence mode (gradient checkpointing, CPU activation offload, reserved GPU headroom)
[11:33:32] [train-memory] cuda:5: starting long-sequence mode (gradient checkpointing, CPU activation offload, reserved GPU headroom)
[11:33:32] [train-memory] cuda:4: starting long-sequence mode (gradient checkpointing, CPU activation offload, reserved GPU headroom)
[11:33:33] [train-memory] cuda:0: starting long-sequence mode (gradient checkpointing, CPU activation offload, reserved GPU headroom)
[11:33:33] [train-memory] cuda:7: starting long-sequence mode (gradient checkpointing, CPU activation offload, reserved GPU headroom)
[11:34:04] [train-memory] cuda:7: starting long-sequence mode (gradient checkpointing, reserved GPU headroom)
[11:34:05] [train-memory] cuda:0: starting long-sequence mode (gradient checkpointing, reserved GPU headroom)
[11:34:05] [train-memory] cuda:4: starting long-sequence mode (gradient checkpointing, reserved GPU headroom)
[11:34:06] [train-memory] cuda:5: starting long-sequence mode (gradient checkpointing, reserved GPU headroom)
[11:34:22] [train-memory] cuda:1: starting long-sequence mode (gradient checkpointing, reserved GPU headroom)
[11:36:14] [train-memory] cuda:3: starting long-sequence mode (gradient checkpointing, CPU activation offload, reserved GPU headroom)
[11:36:15] [train-memory] cuda:5: starting long-sequence mode (gradient checkpointing, CPU activation offload, reserved GPU headroom)
[11:36:15] [train-memory] cuda:1: starting long-sequence mode (gradient checkpointing, CPU activation offload, reserved GPU headroom)
[11:36:15] [train-memory] cuda:2: starting long-sequence mode (gradient checkpointing, CPU activation offload, reserved GPU headroom)
[11:36:16] [train-memory] cuda:0: starting long-sequence mode (gradient checkpointing, CPU activation offload, reserved GPU headroom)
[11:36:16] [train-memory] cuda:6: starting long-sequence mode (gradient checkpointing, CPU activation offload, reserved GPU headroom)
[11:36:47] [train-memory] cuda:6: starting long-sequence mode (gradient checkpointing, reserved GPU headroom)
[11:36:47] [train-memory] cuda:0: starting long-sequence mode (gradient checkpointing, reserved GPU headroom)
[11:36:48] [train-memory] cuda:2: starting long-sequence mode (gradient checkpointing, reserved GPU headroom)
[11:36:49] [train-memory] cuda:1: starting long-sequence mode (gradient checkpointing, reserved GPU headroom)
[11:36:57] [train-memory] cuda:5: starting long-sequence mode (gradient checkpointing, reserved GPU headroom)
[11:37:03] [train-memory] cuda:3: starting long-sequence mode (gradient checkpointing, reserved GPU headroom)
[11:39:24] [train-memory] cuda:2: starting long-sequence mode (gradient checkpointing, CPU activation offload, reserved GPU headroom)
[11:39:24] [train-memory] cuda:0: starting long-sequence mode (gradient checkpointing, CPU activation offload, reserved GPU headroom)
[11:39:24] [train-memory] cuda:4: starting long-sequence mode (gradient checkpointing, CPU activation offload, reserved GPU headroom)
[11:39:25] [train-memory] cuda:1: starting long-sequence mode (gradient checkpointing, CPU activation offload, reserved GPU headroom)
[11:39:56] [train-memory] cuda:1: starting long-sequence mode (gradient checkpointing, reserved GPU headroom)
[11:39:56] [train-memory] cuda:4: starting long-sequence mode (gradient checkpointing, reserved GPU headroom)
[11:39:57] [train-memory] cuda:0: starting long-sequence mode (gradient checkpointing, reserved GPU headroom)
[11:39:58] [train-memory] cuda:2: starting long-sequence mode (gradient checkpointing, reserved GPU headroom)
[11:42:30] [train-memory] cuda:7: starting long-sequence mode (gradient checkpointing, CPU activation offload, reserved GPU headroom)
[11:42:31] [train-memory] cuda:5: starting long-sequence mode (gradient checkpointing, CPU activation offload, reserved GPU headroom)
[11:42:31] [train-memory] cuda:1: starting long-sequence mode (gradient checkpointing, CPU activation offload, reserved GPU headroom)
[11:42:31] [train-memory] cuda:3: starting long-sequence mode (gradient checkpointing, CPU activation offload, reserved GPU headroom)
[11:43:02] [train-memory] cuda:3: starting long-sequence mode (gradient checkpointing, reserved GPU headroom)
[11:43:03] [train-memory] cuda:1: starting long-sequence mode (gradient checkpointing, reserved GPU headroom)
[11:43:13] [train-memory] cuda:7: starting long-sequence mode (gradient checkpointing, reserved GPU headroom)
[11:43:13] [train-memory] cuda:5: starting long-sequence mode (gradient checkpointing, reserved GPU headroom)
[11:45:33] [train-process] trained examples/GPU=[64, 62, 65, 64, 64, 64, 64, 65]; backward batches/GPU=[64, 62, 65, 64, 64, 64, 64, 65]; final padded-token budgets/GPU=[262144, 262144, 262144, 262144, 262144, 262144, 262144, 262144]; peak memory/GPU=[95.7, 94.0, 94.2, 92.3, 94.4, 93.9, 93.6, 93.4]%; allocator caps/GPU=[92.8, 92.7, 92.6, 92.8, 92.8, 92.8, 92.6, 92.8]%
[11:45:33] [step 3] train time: 1475.7s  avg loss: -0.003381670  avg logpi_theta - logpi_base: -0.000126786  IS ratio mean=1.000006737 max=12.171  OOM-quarantined=0 (forward/backward overlapped CPU evaluation)
[11:45:33] [step 3] best so far: value=2.625338495 raw=0.380903253  (step total 12786.0s, archive=264)
[11:45:33] [step 3] TOTAL TRAINING TIME: 1475.7s  (run cumulative 5561.6s)
[11:45:53] [step 3] coder entropy: 0.202661 nats; measured 512/512 rollouts (8452682/8452682 response tokens); updated entropy.jsonl, entropy.pdf, strategy_diversity.svg
[11:45:53] [checkpoint] removed 1 superseded adapter snapshot(s); retained adapter_step003
[11:45:53] [checkpoint] completed step 3; resume at step 4

[11:45:53] [step 4] parents picked: 8
[11:45:53]   parent 0 [expanded]  value=2.625338495  n=0  Q=2.625338495  P=0.007547170  bonus=0.042819323  score=2.668157818
[11:45:53]   parent 1 [expanded]  value=2.625335591  n=0  Q=2.625335591  P=0.007518582  bonus=0.042657128  score=2.667992719
[11:45:53]   parent 2 [expanded]  value=2.625335317  n=0  Q=2.625335317  P=0.007489994  bonus=0.042494934  score=2.667830251
[11:45:53]   parent 3 [expanded]  value=2.625333794  n=0  Q=2.625333794  P=0.007461407  bonus=0.042332739  score=2.667666534
[11:45:53]   parent 4 [expanded]  value=2.625322820  n=0  Q=2.625322820  P=0.007432819  bonus=0.042170545  score=2.667493365
[11:45:53]   parent 5 [expanded]  value=2.625309626  n=0  Q=2.625309626  P=0.007404231  bonus=0.042008351  score=2.667317977
[11:45:53]   parent 6 [expanded]  value=2.625266775  n=0  Q=2.625266775  P=0.007375643  bonus=0.041846156  score=2.667112931
[11:45:53]   parent 7 [expanded]  value=2.625258024  n=0  Q=2.625258024  P=0.007347055  bonus=0.041683962  score=2.666941986
[11:45:54] evaluating:   0%|                                                                                                                                                                                                    | 0/512 [00:00<?, ?it/s]
[11:47:10] strategies pipelined:   0%|                                                                                                                                                                                           | 0/32 [00:00<?, ?it/s]
[11:48:50] [warn] strategy 1, chain 7: missing complete final strategy; format retry 1/3 with unchanged reasoning/sampling
[11:48:52] strategies pipelined:   3%|█████▌                                                                                                                                                                             | 1/32 [00:50<25:53, 50.10s/it]
[11:48:52] strategies pipelined:   6%|███████████▏                                                                                                                                                                       | 2/32 [01:42<25:38, 51.30s/it]
[11:48:53] strategies pipelined:   9%|████████████████▊                                                                                                                                                                  | 3/32 [01:42<13:38, 28.22s/it]
[11:48:55] strategies pipelined:  12%|██████████████████████▍                                                                                                                                                            | 4/32 [01:44<08:18, 17.80s/it]
[11:49:02] strategies pipelined:  16%|███████████████████████████▉                                                                                                                                                       | 5/32 [01:51<06:12, 13.78s/it]
[11:49:04] strategies pipelined:  19%|█████████████████████████████████▌                                                                                                                                                 | 6/32 [01:53<04:17,  9.89s/it]
[11:49:33] strategies pipelined:  22%|███████████████████████████████████████▏                                                                                                                                           | 7/32 [02:23<06:47, 16.29s/it]
[11:50:03] strategies pipelined:  25%|████████████████████████████████████████████▊                                                                                                                                      | 8/32 [02:52<08:10, 20.44s/it]
[11:50:37] strategies pipelined:  28%|██████████████████████████████████████████████████▎                                                                                                                                | 9/32 [03:26<09:29, 24.77s/it]
[11:50:48] strategies pipelined:  31%|███████████████████████████████████████████████████████▋                                                                                                                          | 10/32 [03:38<07:32, 20.56s/it]
[11:50:50] strategies pipelined:  34%|█████████████████████████████████████████████████████████████▏                                                                                                                    | 11/32 [03:40<05:13, 14.92s/it]
[11:50:57] strategies pipelined:  38%|██████████████████████████████████████████████████████████████████▊                                                                                                               | 12/32 [03:46<04:07, 12.36s/it]
[11:51:15] strategies pipelined:  41%|████████████████████████████████████████████████████████████████████████▎                                                                                                         | 13/32 [04:04<04:28, 14.14s/it]
[11:51:54] strategies pipelined:  47%|███████████████████████████████████████████████████████████████████████████████████▍                                                                                              | 15/32 [04:43<04:41, 16.56s/it]
[11:52:15] strategies pipelined:  50%|█████████████████████████████████████████████████████████████████████████████████████████                                                                                         | 16/32 [05:04<04:41, 17.62s/it]
[11:52:38] strategies pipelined:  53%|██████████████████████████████████████████████████████████████████████████████████████████████▌                                                                                   | 17/32 [05:28<04:48, 19.26s/it]
[11:53:00] strategies pipelined:  56%|████████████████████████████████████████████████████████████████████████████████████████████████████▏                                                                             | 18/32 [05:49<04:37, 19.84s/it]
[11:53:16] strategies pipelined:  59%|█████████████████████████████████████████████████████████████████████████████████████████████████████████▋                                                                        | 19/32 [06:05<04:03, 18.72s/it]
[11:53:30] strategies pipelined:  62%|███████████████████████████████████████████████████████████████████████████████████████████████████████████████▎                                                                  | 20/32 [06:19<03:28, 17.42s/it]
[11:53:38] strategies pipelined:  66%|████████████████████████████████████████████████████████████████████████████████████████████████████████████████████▊                                                             | 21/32 [06:27<02:41, 14.72s/it]
[11:54:05] strategies pipelined:  69%|██████████████████████████████████████████████████████████████████████████████████████████████████████████████████████████▍                                                       | 22/32 [06:55<03:04, 18.41s/it]
[11:54:12] strategies pipelined:  72%|███████████████████████████████████████████████████████████████████████████████████████████████████████████████████████████████▉                                                  | 23/32 [07:02<02:15, 15.07s/it]
[11:54:24] strategies pipelined:  75%|█████████████████████████████████████████████████████████████████████████████████████████████████████████████████████████████████████▌                                            | 24/32 [07:13<01:51, 13.97s/it]
[11:54:28] strategies pipelined:  78%|███████████████████████████████████████████████████████████████████████████████████████████████████████████████████████████████████████████                                       | 25/32 [07:17<01:17, 11.10s/it]
[11:54:59] strategies pipelined:  81%|████████████████████████████████████████████████████████████████████████████████████████████████████████████████████████████████████████████████▋                                 | 26/32 [07:48<01:41, 16.91s/it]
[11:55:33] strategies pipelined:  84%|██████████████████████████████████████████████████████████████████████████████████████████████████████████████████████████████████████████████████████▏                           | 27/32 [08:22<01:50, 22.09s/it]
[11:55:34] strategies pipelined:  88%|███████████████████████████████████████████████████████████████████████████████████████████████████████████████████████████████████████████████████████████▊                      | 28/32 [08:23<01:03, 15.82s/it]
[11:55:51] strategies pipelined:  91%|█████████████████████████████████████████████████████████████████████████████████████████████████████████████████████████████████████████████████████████████████▎                | 29/32 [08:41<00:48, 16.24s/it]
[11:56:09] strategies pipelined:  94%|██████████████████████████████████████████████████████████████████████████████████████████████████████████████████████████████████████████████████████████████████████▉           | 30/32 [08:58<00:33, 16.72s/it]
[11:56:47] strategies pipelined:  97%|████████████████████████████████████████████████████████████████████████████████████████████████████████████████████████████████████████████████████████████████████████████▍     | 31/32 [09:36<00:23, 23.11s/it]
[11:57:48] strategies pipelined: 100%|██████████████████████████████████████████████████████████████████████████████████████████████████████████████████████████████████████████████████████████████████████████████████| 32/32 [10:38<00:00, 19.94s/it]
[11:57:49] [gpu] keeping trainer replicas offloaded until the adapter update
[11:57:52] pilot rollouts:   0%|                                                                                                                                                                                                | 0/320 [00:00<?, ?it/s]
[12:01:11] evaluating:   0%|▎                                                                                                                                                                                      | 1/512 [15:17<130:13:28, 917.43s/it]
[12:04:34] evaluating:   0%|▋                                                                                                                                                                                       | 2/512 [18:40<70:24:15, 496.97s/it]
[12:04:43] pilot rollouts:   1%|█▋                                                                                                                                                                                  | 3/320 [06:51<10:00:18, 113.62s/it]
[12:04:48] evaluating:   1%|█                                                                                                                                                                                       | 3/512 [18:54<39:04:55, 276.42s/it]
[12:05:46] pilot rollouts:   2%|██▊                                                                                                                                                                                   | 5/320 [07:54<5:49:17, 66.53s/it]
[12:05:48] pilot rollouts:   2%|███▍                                                                                                                                                                                  | 6/320 [07:56<3:53:54, 44.70s/it]
[12:05:50] evaluating:   1%|█▍                                                                                                                                                                                      | 4/512 [19:56<27:03:55, 191.80s/it]
[12:05:54] evaluating:   1%|█▊                                                                                                                                                                                      | 5/512 [20:00<17:29:33, 124.21s/it]
[12:05:57] evaluating:   1%|██▏                                                                                                                                                                                      | 6/512 [20:02<11:38:13, 82.79s/it]
[12:06:11] evaluating:   1%|██▌                                                                                                                                                                                       | 7/512 [20:17<8:28:21, 60.40s/it]
[12:06:13] pilot rollouts:   3%|██████▏                                                                                                                                                                              | 11/320 [08:20<1:01:06, 11.86s/it]
[12:06:14] evaluating:   2%|██▉                                                                                                                                                                                       | 8/512 [20:20<5:54:35, 42.21s/it]
[12:06:24] pilot rollouts:   4%|███████▍                                                                                                                                                                               | 13/320 [08:32<46:44,  9.14s/it]
[12:06:40] evaluating:   2%|███▎                                                                                                                                                                                      | 9/512 [20:46<5:10:33, 37.04s/it]
[12:06:46] evaluating:   2%|███▌                                                                                                                                                                                     | 10/512 [20:52<3:49:51, 27.47s/it]
[12:06:50] evaluating:   2%|███▉                                                                                                                                                                                     | 11/512 [20:56<2:49:34, 20.31s/it]
[12:06:57] evaluating:   2%|████▎                                                                                                                                                                                    | 12/512 [21:03<2:15:53, 16.31s/it]
[12:07:00] pilot rollouts:   6%|██████████▎                                                                                                                                                                            | 18/320 [09:08<33:48,  6.72s/it]
[12:07:05] pilot rollouts:   6%|███████████▍                                                                                                                                                                           | 20/320 [09:12<22:57,  4.59s/it]
[12:07:15] evaluating:   3%|████▋                                                                                                                                                                                    | 13/512 [21:21<2:19:14, 16.74s/it]
[12:07:30] pilot rollouts:   7%|████████████▌                                                                                                                                                                          | 22/320 [09:38<45:57,  9.25s/it]
[12:07:35] pilot rollouts:   7%|█████████████▏                                                                                                                                                                         | 23/320 [09:43<39:13,  7.92s/it]
[12:07:52] evaluating:   3%|█████▊                                                                                                                                                                                   | 16/512 [21:57<1:48:11, 13.09s/it]
[12:07:59] pilot rollouts:   8%|██████████████▎                                                                                                                                                                        | 25/320 [10:07<52:38, 10.71s/it]
[12:08:34] evaluating:   4%|██████▌                                                                                                                                                                                  | 18/512 [22:40<2:09:01, 15.67s/it]
[12:08:46] evaluating:   4%|██████▊                                                                                                                                                                                  | 19/512 [22:52<1:59:36, 14.56s/it]
[12:08:49] pilot rollouts:   9%|███████████████▊                                                                                                                                                                     | 28/320 [10:57<1:04:40, 13.29s/it]
[12:08:52] evaluating:   4%|███████▏                                                                                                                                                                                 | 20/512 [22:57<1:36:53, 11.82s/it]
[12:08:56] pilot rollouts:   9%|█████████████████▏                                                                                                                                                                     | 30/320 [11:04<41:25,  8.57s/it]
[12:09:13] evaluating:   5%|█████████▏                                                                                                                                                                                 | 25/512 [23:19<41:18,  5.09s/it]
[12:09:25] pilot rollouts:  10%|██████████████████                                                                                                                                                                   | 32/320 [11:33<1:00:42, 12.65s/it]
[12:09:29] evaluating:   5%|█████████▍                                                                                                                                                                               | 26/512 [23:35<1:03:52,  7.88s/it]
[12:09:31] evaluating:   5%|█████████▊                                                                                                                                                                                 | 27/512 [23:37<51:24,  6.36s/it]
[12:09:40] pilot rollouts:  11%|████████████████████                                                                                                                                                                   | 35/320 [11:48<38:58,  8.21s/it]
[12:09:49] evaluating:   5%|██████████                                                                                                                                                                               | 28/512 [23:55<1:17:36,  9.62s/it]
[12:10:29] pilot rollouts:  12%|████████████████████▉                                                                                                                                                                | 37/320 [12:37<1:24:29, 17.91s/it]
[12:10:41] evaluating:   6%|██████████▍                                                                                                                                                                              | 29/512 [24:46<2:53:42, 21.58s/it]
[12:10:59] pilot rollouts:  12%|██████████████████████                                                                                                                                                               | 39/320 [13:07<1:18:15, 16.71s/it]
[12:11:28] pilot rollouts:  12%|██████████████████████▋                                                                                                                                                              | 40/320 [13:36<1:35:31, 20.47s/it]
[12:11:44] pilot rollouts:  13%|███████████████████████▏                                                                                                                                                             | 41/320 [13:51<1:28:21, 19.00s/it]
[12:11:51] pilot rollouts:  13%|███████████████████████▊                                                                                                                                                             | 42/320 [13:59<1:11:36, 15.46s/it]
[12:12:05] pilot rollouts:  13%|████████████████████████▎                                                                                                                                                            | 43/320 [14:12<1:09:05, 14.97s/it]
[12:12:35] pilot rollouts:  14%|████████████████████████▉                                                                                                                                                            | 44/320 [14:43<1:30:31, 19.68s/it]
[12:12:41] evaluating:   6%|███████████▏                                                                                                                                                                             | 31/512 [26:46<4:44:17, 35.46s/it]
[12:12:54] evaluating:   6%|███████████▌                                                                                                                                                                             | 32/512 [27:00<3:50:57, 28.87s/it]
[12:13:00] evaluating:   6%|███████████▉                                                                                                                                                                             | 33/512 [27:05<2:55:54, 22.03s/it]
[12:13:27] evaluating:   7%|████████████▎                                                                                                                                                                            | 34/512 [27:33<3:07:48, 23.57s/it]
[12:14:31] evaluating:   7%|█████████████                                                                                                                                                                            | 36/512 [28:37<3:20:36, 25.29s/it]
[12:15:21] evaluating:   7%|█████████████▎                                                                                                                                                                           | 37/512 [29:27<4:17:05, 32.48s/it]
[12:15:30] pilot rollouts:  16%|████████████████████████████▊                                                                                                                                                        | 51/320 [17:37<2:20:44, 31.39s/it]
[12:15:57] evaluating:   7%|█████████████▋                                                                                                                                                                           | 38/512 [30:02<4:24:32, 33.49s/it]
[12:16:26] evaluating:   8%|██████████████▍                                                                                                                                                                          | 40/512 [30:32<3:13:06, 24.55s/it]
[12:17:09] evaluating:   8%|██████████████▊                                                                                                                                                                          | 41/512 [31:15<3:56:34, 30.14s/it]
[12:17:18] evaluating:   8%|███████████████▏                                                                                                                                                                         | 42/512 [31:24<3:07:01, 23.87s/it]
[12:17:30] pilot rollouts:  18%|███████████████████████████████▋                                                                                                                                                     | 56/320 [19:38<1:51:45, 25.40s/it]
[12:17:40] pilot rollouts:  18%|████████████████████████████████▏                                                                                                                                                    | 57/320 [19:48<1:31:31, 20.88s/it]
[12:17:45] pilot rollouts:  18%|████████████████████████████████▊                                                                                                                                                    | 58/320 [19:52<1:09:19, 15.88s/it]
[12:18:36] evaluating:   9%|███████████████▉                                                                                                                                                                         | 44/512 [32:42<3:41:51, 28.44s/it]
[12:18:38] evaluating:   9%|████████████████▎                                                                                                                                                                        | 45/512 [32:44<2:38:28, 20.36s/it]
[12:18:49] pilot rollouts:  19%|██████████████████████████████████▌                                                                                                                                                  | 61/320 [20:57<1:25:16, 19.76s/it]
[12:19:14] evaluating:   9%|█████████████████▎                                                                                                                                                                       | 48/512 [33:20<1:50:27, 14.28s/it]
[12:19:21] evaluating:  10%|█████████████████▋                                                                                                                                                                       | 49/512 [33:27<1:33:20, 12.10s/it]
[12:19:22] pilot rollouts:  20%|████████████████████████████████████▌                                                                                                                                                  | 64/320 [21:29<58:48, 13.78s/it]
[12:19:34] evaluating:  10%|██████████████████▍                                                                                                                                                                      | 51/512 [33:40<1:07:39,  8.81s/it]
[12:19:38] pilot rollouts:  21%|█████████████████████████████████████▋                                                                                                                                                 | 66/320 [21:46<48:18, 11.41s/it]
[12:19:52] evaluating:  11%|███████████████████▋                                                                                                                                                                       | 54/512 [33:58<51:21,  6.73s/it]
[12:20:30] pilot rollouts:  21%|██████████████████████████████████████▍                                                                                                                                              | 68/320 [22:37<1:25:36, 20.38s/it]
[12:20:49] pilot rollouts:  22%|███████████████████████████████████████                                                                                                                                              | 69/320 [22:57<1:24:01, 20.09s/it]
[12:21:09] evaluating:  11%|███████████████████▊                                                                                                                                                                     | 55/512 [35:14<3:30:28, 27.63s/it]
[12:21:24] evaluating:  11%|████████████████████▌                                                                                                                                                                    | 57/512 [35:29<2:08:52, 16.99s/it]
[12:21:55] evaluating:  12%|█████████████████████▎                                                                                                                                                                   | 59/512 [36:01<2:05:31, 16.63s/it]
[12:21:59] pilot rollouts:  23%|█████████████████████████████████████████▎                                                                                                                                           | 73/320 [24:07<1:20:46, 19.62s/it]
[12:22:20] evaluating:  12%|██████████████████████                                                                                                                                                                   | 61/512 [36:26<1:47:39, 14.32s/it]
[12:22:27] evaluating:  12%|██████████████████████▍                                                                                                                                                                  | 62/512 [36:32<1:30:15, 12.03s/it]
[12:22:32] pilot rollouts:  24%|███████████████████████████████████████████▍                                                                                                                                           | 76/320 [24:40<58:45, 14.45s/it]
[12:22:45] pilot rollouts:  24%|████████████████████████████████████████████                                                                                                                                           | 77/320 [24:52<56:31, 13.96s/it]
[12:22:47] pilot rollouts:  24%|████████████████████████████████████████████▌                                                                                                                                          | 78/320 [24:55<42:38, 10.57s/it]
[12:22:49] evaluating:  12%|██████████████████████▊                                                                                                                                                                  | 63/512 [36:54<1:52:20, 15.01s/it]
[12:23:14] evaluating:  13%|████████████████████████▏                                                                                                                                                                | 67/512 [37:20<1:07:44,  9.13s/it]
[12:24:11] evaluating:  13%|████████████████████████▉                                                                                                                                                                | 69/512 [38:16<2:09:03, 17.48s/it]
[12:24:24] evaluating:  14%|█████████████████████████▋                                                                                                                                                               | 71/512 [38:30<1:26:32, 11.78s/it]
[12:24:31] evaluating:  14%|██████████████████████████                                                                                                                                                               | 72/512 [38:37<1:15:44, 10.33s/it]
[12:24:54] evaluating:  14%|██████████████████████████▍                                                                                                                                                              | 73/512 [38:59<1:42:21, 13.99s/it]
[12:25:19] evaluating:  14%|██████████████████████████▋                                                                                                                                                              | 74/512 [39:25<2:06:57, 17.39s/it]
[12:25:42] evaluating:  15%|███████████████████████████                                                                                                                                                              | 75/512 [39:47<2:18:15, 18.98s/it]
[12:25:42] pilot rollouts:  27%|█████████████████████████████████████████████████▏                                                                                                                                   | 87/320 [27:50<1:03:24, 16.33s/it]
[12:25:45] pilot rollouts:  28%|██████████████████████████████████████████████████▎                                                                                                                                    | 88/320 [27:53<47:24, 12.26s/it]
[12:25:58] pilot rollouts:  28%|██████████████████████████████████████████████████▉                                                                                                                                    | 89/320 [28:06<48:12, 12.52s/it]
[12:26:21] evaluating:  15%|███████████████████████████▍                                                                                                                                                             | 76/512 [40:27<3:03:03, 25.19s/it]
[12:26:29] pilot rollouts:  28%|████████████████████████████████████████████████████                                                                                                                                   | 91/320 [28:36<50:20, 13.19s/it]
[12:26:40] evaluating:  15%|████████████████████████████▏                                                                                                                                                            | 78/512 [40:45<2:04:03, 17.15s/it]
[12:26:40] pilot rollouts:  29%|█████████████████████████████████████████████████████▏                                                                                                                                 | 93/320 [28:48<37:03,  9.79s/it]
[12:26:46] pilot rollouts:  29%|█████████████████████████████████████████████████████▊                                                                                                                                 | 94/320 [28:54<33:02,  8.77s/it]
[12:27:09] evaluating:  15%|████████████████████████████▌                                                                                                                                                            | 79/512 [41:15<2:30:07, 20.80s/it]
[12:27:32] evaluating:  16%|█████████████████████████████▎                                                                                                                                                           | 81/512 [41:38<1:50:55, 15.44s/it]
[12:27:36] pilot rollouts:  30%|███████████████████████████████████████████████████████▍                                                                                                                               | 97/320 [29:44<58:43, 15.80s/it]
[12:27:56] evaluating:  16%|█████████████████████████████▋                                                                                                                                                           | 82/512 [42:02<2:07:59, 17.86s/it]
[12:28:35] evaluating:  16%|██████████████████████████████▎                                                                                                                                                          | 84/512 [42:41<2:17:49, 19.32s/it]
[12:28:40] evaluating:  17%|██████████████████████████████▋                                                                                                                                                          | 85/512 [42:46<1:47:50, 15.15s/it]
[12:28:56] evaluating:  17%|███████████████████████████████▍                                                                                                                                                         | 87/512 [43:02<1:19:43, 11.25s/it]
[12:29:07] pilot rollouts:  32%|█████████████████████████████████████████████████████████▎                                                                                                                          | 102/320 [31:15<1:04:25, 17.73s/it]
[12:29:17] evaluating:  17%|████████████████████████████████▏                                                                                                                                                        | 89/512 [43:23<1:14:43, 10.60s/it]
[12:29:18] evaluating:  18%|█████████████████████████████████▏                                                                                                                                                         | 91/512 [43:24<41:54,  5.97s/it]
[12:29:39] evaluating:  18%|█████████████████████████████████▉                                                                                                                                                         | 93/512 [43:45<56:25,  8.08s/it]
[12:30:09] evaluating:  19%|███████████████████████████████████                                                                                                                                                      | 97/512 [44:15<1:02:56,  9.10s/it]
[12:30:26] pilot rollouts:  33%|████████████████████████████████████████████████████████████▏                                                                                                                       | 107/320 [32:34<1:17:48, 21.92s/it]
[12:32:28] evaluating:  19%|███████████████████████████████████▊                                                                                                                                                     | 99/512 [46:33<3:41:50, 32.23s/it]
[12:32:39] evaluating:  20%|███████████████████████████████████▉                                                                                                                                                    | 100/512 [46:45<3:01:12, 26.39s/it]
[12:32:47] pilot rollouts:  34%|█████████████████████████████████████████████████████████████▉                                                                                                                      | 110/320 [34:55<1:52:45, 32.22s/it]
[12:32:58] evaluating:  20%|████████████████████████████████████▎                                                                                                                                                   | 101/512 [47:03<2:45:14, 24.12s/it]
[12:33:10] pilot rollouts:  35%|██████████████████████████████████████████████████████████████▉                                                                                                                     | 112/320 [35:18<1:15:37, 21.81s/it]
[12:33:12] pilot rollouts:  35%|████████████████████████████████████████████████████████████████▎                                                                                                                     | 113/320 [35:19<54:10, 15.70s/it]
[12:33:30] pilot rollouts:  36%|████████████████████████████████████████████████████████████████▊                                                                                                                     | 114/320 [35:38<56:30, 16.46s/it]
[12:33:32] pilot rollouts:  36%|█████████████████████████████████████████████████████████████████▍                                                                                                                    | 115/320 [35:39<41:17, 12.09s/it]
[12:33:35] pilot rollouts:  36%|█████████████████████████████████████████████████████████████████▉                                                                                                                    | 116/320 [35:43<32:24,  9.53s/it]
[12:34:06] evaluating:  20%|█████████████████████████████████████▍                                                                                                                                                  | 104/512 [48:12<2:26:07, 21.49s/it]
[12:34:13] pilot rollouts:  37%|███████████████████████████████████████████████████████████████████                                                                                                                   | 118/320 [36:21<52:23, 15.56s/it]
[12:34:19] pilot rollouts:  37%|███████████████████████████████████████████████████████████████████▋                                                                                                                  | 119/320 [36:26<42:12, 12.60s/it]
[12:34:20] pilot rollouts:  38%|████████████████████████████████████████████████████████████████████▎                                                                                                                 | 120/320 [36:28<31:08,  9.34s/it]
[12:34:21] pilot rollouts:  38%|████████████████████████████████████████████████████████████████████▊                                                                                                                 | 121/320 [36:29<22:38,  6.83s/it]
[12:34:29] pilot rollouts:  38%|█████████████████████████████████████████████████████████████████████▍                                                                                                                | 122/320 [36:37<23:29,  7.12s/it]
[12:34:59] evaluating:  21%|██████████████████████████████████████▍                                                                                                                                                 | 107/512 [49:05<1:52:59, 16.74s/it]
[12:35:00] evaluating:  21%|██████████████████████████████████████▊                                                                                                                                                 | 108/512 [49:06<1:20:50, 12.01s/it]
[12:35:07] pilot rollouts:  39%|███████████████████████████████████████████████████████████████████████                                                                                                               | 125/320 [37:15<34:16, 10.55s/it]
[12:35:10] evaluating:  21%|███████████████████████████████████████▏                                                                                                                                                | 109/512 [49:16<1:17:07, 11.48s/it]
[12:35:43] evaluating:  22%|█████████████████████████████████████████                                                                                                                                                 | 113/512 [49:48<55:45,  8.39s/it]
[12:35:58] evaluating:  22%|████████████████████████████████████████▉                                                                                                                                               | 114/512 [50:04<1:10:19, 10.60s/it]
[12:36:10] evaluating:  22%|█████████████████████████████████████████▎                                                                                                                                              | 115/512 [50:16<1:12:40, 10.98s/it]
[12:36:20] pilot rollouts:  41%|█████████████████████████████████████████████████████████████████████████▉                                                                                                            | 130/320 [38:28<45:50, 14.48s/it]
[12:36:24] pilot rollouts:  41%|██████████████████████████████████████████████████████████████████████████▌                                                                                                           | 131/320 [38:32<35:35, 11.30s/it]
[12:36:41] evaluating:  23%|█████████████████████████████████████████▋                                                                                                                                              | 116/512 [50:46<1:50:45, 16.78s/it]
[12:37:16] evaluating:  24%|███████████████████████████████████████████▉                                                                                                                                              | 121/512 [51:22<43:46,  6.72s/it]
[12:37:36] pilot rollouts:  42%|███████████████████████████████████████████████████████████████████████████▍                                                                                                        | 134/320 [39:44<1:13:04, 23.57s/it]
[12:37:52] evaluating:  24%|███████████████████████████████████████████▊                                                                                                                                            | 122/512 [51:58<1:40:08, 15.41s/it]
[12:38:33] pilot rollouts:  42%|████████████████████████████████████████████████████████████████████████████▌                                                                                                       | 136/320 [40:41<1:26:03, 28.06s/it]
[12:38:35] pilot rollouts:  43%|█████████████████████████████████████████████████████████████████████████████                                                                                                       | 137/320 [40:43<1:01:51, 20.28s/it]
[12:39:40] evaluating:  25%|█████████████████████████████████████████████▋                                                                                                                                          | 127/512 [53:46<2:02:17, 19.06s/it]
[12:39:49] evaluating:  25%|██████████████████████████████████████████████                                                                                                                                          | 128/512 [53:55<1:41:47, 15.90s/it]
[12:40:03] evaluating:  25%|██████████████████████████████████████████████▎                                                                                                                                         | 129/512 [54:09<1:38:18, 15.40s/it]
[12:40:04] pilot rollouts:  44%|████████████████████████████████████████████████████████████████████████████████▏                                                                                                     | 141/320 [42:12<56:09, 18.82s/it]
[12:40:17] evaluating:  25%|██████████████████████████████████████████████▋                                                                                                                                         | 130/512 [54:22<1:34:07, 14.78s/it]
[12:40:17] pilot rollouts:  45%|█████████████████████████████████████████████████████████████████████████████████▎                                                                                                    | 143/320 [42:25<37:06, 12.58s/it]
[12:40:26] evaluating:  26%|███████████████████████████████████████████████                                                                                                                                         | 131/512 [54:31<1:22:46, 13.03s/it]
[12:41:11] pilot rollouts:  45%|█████████████████████████████████████████████████████████████████████████████████▌                                                                                                  | 145/320 [43:19<1:03:08, 21.65s/it]
[12:41:26] evaluating:  26%|███████████████████████████████████████████████▍                                                                                                                                        | 132/512 [55:32<2:52:08, 27.18s/it]
[12:41:37] evaluating:  26%|████████████████████████████████████████████████▏                                                                                                                                       | 134/512 [55:43<1:42:15, 16.23s/it]
[12:42:23] pilot rollouts:  46%|███████████████████████████████████████████████████████████████████████████████████▎                                                                                                | 148/320 [44:31<1:16:23, 26.65s/it]
[12:42:32] evaluating:  26%|████████████████████████████████████████████████▌                                                                                                                                       | 135/512 [56:38<2:54:34, 27.78s/it]
[12:42:50] pilot rollouts:  47%|█████████████████████████████████████████████████████████████████████████████████████▎                                                                                                | 150/320 [44:58<58:50, 20.77s/it]
[12:43:15] evaluating:  27%|████████████████████████████████████████████████▉                                                                                                                                       | 136/512 [57:21<3:23:13, 32.43s/it]
[12:43:30] evaluating:  27%|█████████████████████████████████████████████████▌                                                                                                                                      | 138/512 [57:36<2:00:20, 19.31s/it]
[12:43:32] evaluating:  27%|█████████████████████████████████████████████████▉                                                                                                                                      | 139/512 [57:38<1:26:40, 13.94s/it]
[12:43:53] evaluating:  28%|██████████████████████████████████████████████████▋                                                                                                                                     | 141/512 [57:59<1:10:16, 11.37s/it]
[12:43:53] pilot rollouts:  49%|████████████████████████████████████████████████████████████████████████████████████████▋                                                                                             | 156/320 [46:01<33:04, 12.10s/it]
[12:43:56] pilot rollouts:  49%|█████████████████████████████████████████████████████████████████████████████████████████▎                                                                                            | 157/320 [46:03<25:27,  9.37s/it]
[12:44:02] evaluating:  28%|███████████████████████████████████████████████████▉                                                                                                                                      | 143/512 [58:08<49:07,  7.99s/it]
[12:44:28] evaluating:  28%|████████████████████████████████████████████████████                                                                                                                                    | 145/512 [58:34<1:06:05, 10.81s/it]
[12:45:14] evaluating:  29%|█████████████████████████████████████████████████████▏                                                                                                                                  | 148/512 [59:20<1:23:46, 13.81s/it]
[12:46:03] evaluating:  29%|█████████████████████████████████████████████████████▎                                                                                                                                | 150/512 [1:00:09<2:03:43, 20.51s/it]
[12:46:06] pilot rollouts:  51%|███████████████████████████████████████████████████████████████████████████████████████████▏                                                                                        | 162/320 [48:14<1:16:48, 29.17s/it]
[12:46:07] evaluating:  29%|█████████████████████████████████████████████████████▋                                                                                                                                | 151/512 [1:00:12<1:33:03, 15.47s/it]
[12:46:14] evaluating:  30%|██████████████████████████████████████████████████████                                                                                                                                | 152/512 [1:00:20<1:18:19, 13.05s/it]
[12:46:34] pilot rollouts:  52%|█████████████████████████████████████████████████████████████████████████████████████████████▊                                                                                        | 165/320 [48:42<46:09, 17.87s/it]
[12:46:52] evaluating:  30%|██████████████████████████████████████████████████████▋                                                                                                                               | 154/512 [1:00:58<1:26:47, 14.55s/it]
[12:46:54] pilot rollouts:  52%|██████████████████████████████████████████████████████████████████████████████████████████████▉                                                                                       | 167/320 [49:02<33:47, 13.25s/it]
[12:46:55] pilot rollouts:  52%|███████████████████████████████████████████████████████████████████████████████████████████████▌                                                                                      | 168/320 [49:03<23:55,  9.44s/it]
[12:47:01] pilot rollouts:  53%|████████████████████████████████████████████████████████████████████████████████████████████████                                                                                      | 169/320 [49:09<21:12,  8.43s/it]
[12:47:05] pilot rollouts:  53%|████████████████████████████████████████████████████████████████████████████████████████████████▋                                                                                     | 170/320 [49:13<17:51,  7.14s/it]
[12:47:24] evaluating:  30%|███████████████████████████████████████████████████████▍                                                                                                                              | 156/512 [1:01:29<1:22:13, 13.86s/it]
[12:47:44] evaluating:  31%|████████████████████████████████████████████████████████▏                                                                                                                             | 158/512 [1:01:50<1:10:42, 11.98s/it]
[12:47:52] evaluating:  31%|████████████████████████████████████████████████████████▌                                                                                                                             | 159/512 [1:01:58<1:04:37, 10.98s/it]
[12:48:11] evaluating:  32%|██████████████████████████████████████████████████████████▏                                                                                                                             | 162/512 [1:02:17<41:23,  7.10s/it]
[12:48:42] evaluating:  32%|██████████████████████████████████████████████████████████▎                                                                                                                           | 164/512 [1:02:48<1:03:42, 10.98s/it]
[12:49:04] evaluating:  32%|██████████████████████████████████████████████████████████▋                                                                                                                           | 165/512 [1:03:10<1:22:31, 14.27s/it]
[12:50:33] evaluating:  32%|███████████████████████████████████████████████████████████                                                                                                                           | 166/512 [1:04:39<3:31:15, 36.63s/it]
[12:50:45] evaluating:  33%|███████████████████████████████████████████████████████████▎                                                                                                                          | 167/512 [1:04:51<2:49:26, 29.47s/it]
[12:50:48] pilot rollouts:  56%|████████████████████████████████████████████████████████████████████████████████████████████████████▋                                                                               | 179/320 [52:55<1:00:24, 25.71s/it]
[12:51:41] evaluating:  33%|████████████████████████████████████████████████████████████                                                                                                                          | 169/512 [1:05:47<2:48:39, 29.50s/it]
[12:51:42] pilot rollouts:  57%|█████████████████████████████████████████████████████████████████████████████████████████████████████▊                                                                              | 181/320 [53:50<1:04:09, 27.70s/it]
[12:51:53] evaluating:  33%|████████████████████████████████████████████████████████████▍                                                                                                                         | 170/512 [1:05:59<2:18:21, 24.27s/it]
[12:52:04] evaluating:  33%|████████████████████████████████████████████████████████████▊                                                                                                                         | 171/512 [1:06:10<1:54:22, 20.12s/it]
[12:52:39] evaluating:  34%|██████████████████████████████████████████████████████████████▏                                                                                                                       | 175/512 [1:06:45<1:05:05, 11.59s/it]
[12:52:47] evaluating:  35%|███████████████████████████████████████████████████████████████▌                                                                                                                        | 177/512 [1:06:53<42:36,  7.63s/it]
[12:52:52] pilot rollouts:  58%|█████████████████████████████████████████████████████████████████████████████████████████████████████████▊                                                                            | 186/320 [54:59<38:27, 17.22s/it]
[12:53:20] evaluating:  35%|███████████████████████████████████████████████████████████████▎                                                                                                                      | 178/512 [1:07:25<1:23:35, 15.02s/it]
[12:53:36] evaluating:  35%|███████████████████████████████████████████████████████████████▋                                                                                                                      | 179/512 [1:07:42<1:25:25, 15.39s/it]
[12:53:41] evaluating:  35%|█████████████████████████████████████████████████████████████████                                                                                                                       | 181/512 [1:07:47<48:04,  8.71s/it]
[12:53:47] pilot rollouts:  59%|████████████████████████████████████████████████████████████████████████████████████████████████████████████                                                                          | 190/320 [55:54<27:06, 12.52s/it]
[12:53:56] pilot rollouts:  60%|████████████████████████████████████████████████████████████████████████████████████████████████████████████▋                                                                         | 191/320 [56:03<24:42, 11.49s/it]
[12:54:06] evaluating:  36%|████████████████████████████████████████████████████████████████▋                                                                                                                     | 182/512 [1:08:12<1:13:57, 13.45s/it]
[12:54:07] evaluating:  36%|█████████████████████████████████████████████████████████████████▊                                                                                                                      | 183/512 [1:08:13<53:41,  9.79s/it]
[12:54:08] pilot rollouts:  61%|██████████████████████████████████████████████████████████████████████████████████████████████████████████████▎                                                                       | 194/320 [56:16<12:33,  5.98s/it]
[12:54:16] evaluating:  36%|██████████████████████████████████████████████████████████████████▏                                                                                                                     | 184/512 [1:08:22<52:24,  9.59s/it]
[12:54:22] evaluating:  36%|██████████████████████████████████████████████████████████████████▍                                                                                                                     | 185/512 [1:08:28<46:35,  8.55s/it]
[12:54:27] evaluating:  37%|███████████████████████████████████████████████████████████████████▏                                                                                                                    | 187/512 [1:08:33<28:46,  5.31s/it]
[12:54:33] pilot rollouts:  62%|████████████████████████████████████████████████████████████████████████████████████████████████████████████████▌                                                                     | 198/320 [56:41<13:01,  6.41s/it]
[12:54:50] evaluating:  37%|████████████████████████████████████████████████████████████████████▎                                                                                                                   | 190/512 [1:08:56<35:09,  6.55s/it]
[12:54:58] pilot rollouts:  62%|█████████████████████████████████████████████████████████████████████████████████████████████████████████████████▊                                                                    | 200/320 [57:06<20:31, 10.26s/it]
[12:54:59] pilot rollouts:  63%|██████████████████████████████████████████████████████████████████████████████████████████████████████████████████▎                                                                   | 201/320 [57:07<14:49,  7.47s/it]
[12:55:06] pilot rollouts:  63%|██████████████████████████████████████████████████████████████████████████████████████████████████████████████████▉                                                                   | 202/320 [57:13<14:21,  7.30s/it]
[12:55:24] evaluating:  37%|███████████████████████████████████████████████████████████████████▉                                                                                                                  | 191/512 [1:09:30<1:19:24, 14.84s/it]
[12:55:32] evaluating:  38%|████████████████████████████████████████████████████████████████████▎                                                                                                                 | 192/512 [1:09:38<1:07:39, 12.69s/it]
[12:55:55] evaluating:  38%|██████████████████████████████████████████████████████████████████████                                                                                                                  | 195/512 [1:10:00<48:25,  9.17s/it]
[12:56:00] pilot rollouts:  64%|█████████████████████████████████████████████████████████████████████████████████████████████████████████████████████▏                                                                | 206/320 [58:08<24:34, 12.93s/it]
[12:56:16] pilot rollouts:  65%|█████████████████████████████████████████████████████████████████████████████████████████████████████████████████████▋                                                                | 207/320 [58:24<26:05, 13.86s/it]
[12:56:37] evaluating:  39%|██████████████████████████████████████████████████████████████████████▍                                                                                                               | 198/512 [1:10:43<1:03:23, 12.11s/it]
[12:57:13] evaluating:  39%|███████████████████████████████████████████████████████████████████████                                                                                                               | 200/512 [1:11:18<1:12:40, 13.98s/it]
[12:57:30] evaluating:  39%|████████████████████████████████████████████████████████████████████████▌                                                                                                               | 202/512 [1:11:36<57:36, 11.15s/it]
[12:58:03] pilot rollouts:  66%|██████████████████████████████████████████████████████████████████████████████████████████████████████████████████████▋                                                             | 211/320 [1:00:11<50:40, 27.89s/it]
[12:58:12] pilot rollouts:  66%|███████████████████████████████████████████████████████████████████████████████████████████████████████████████████████▎                                                            | 212/320 [1:00:20<39:43, 22.07s/it]
[12:58:24] pilot rollouts:  67%|███████████████████████████████████████████████████████████████████████████████████████████████████████████████████████▊                                                            | 213/320 [1:00:31<33:46, 18.94s/it]
[12:58:27] pilot rollouts:  67%|████████████████████████████████████████████████████████████████████████████████████████████████████████████████████████▎                                                           | 214/320 [1:00:35<25:17, 14.31s/it]
[12:58:28] evaluating:  40%|████████████████████████████████████████████████████████████████████████▏                                                                                                             | 203/512 [1:12:34<2:09:49, 25.21s/it]
[12:58:34] evaluating:  40%|████████████████████████████████████████████████████████████████████████▌                                                                                                             | 204/512 [1:12:40<1:40:42, 19.62s/it]
[12:58:45] evaluating:  40%|████████████████████████████████████████████████████████████████████████▊                                                                                                             | 205/512 [1:12:51<1:26:34, 16.92s/it]
[12:59:37] evaluating:  41%|██████████████████████████████████████████████████████████████████████████▎                                                                                                           | 209/512 [1:13:43<1:00:30, 11.98s/it]
[12:59:50] pilot rollouts:  68%|███████████████████████████████████████████████████████████████████████████████████████████████████████████████████████████▏                                                        | 219/320 [1:01:57<39:07, 23.24s/it]
[13:00:03] evaluating:  41%|██████████████████████████████████████████████████████████████████████████▋                                                                                                           | 210/512 [1:14:09<1:21:03, 16.10s/it]
[13:00:44] pilot rollouts:  69%|████████████████████████████████████████████████████████████████████████████████████████████████████████████████████████████▎                                                       | 221/320 [1:02:52<44:05, 26.72s/it]
[13:00:49] pilot rollouts:  69%|████████████████████████████████████████████████████████████████████████████████████████████████████████████████████████████▉                                                       | 222/320 [1:02:57<33:04, 20.25s/it]
[13:00:57] evaluating:  41%|███████████████████████████████████████████████████████████████████████████                                                                                                           | 211/512 [1:15:02<2:17:30, 27.41s/it]
[13:01:49] evaluating:  42%|███████████████████████████████████████████████████████████████████████████▋                                                                                                          | 213/512 [1:15:55<2:20:11, 28.13s/it]
[13:02:08] evaluating:  42%|████████████████████████████████████████████████████████████████████████████▍                                                                                                         | 215/512 [1:16:14<1:30:31, 18.29s/it]
[13:02:12] pilot rollouts:  71%|███████████████████████████████████████████████████████████████████████████████████████████████████████████████████████████████▏                                                    | 226/320 [1:04:20<34:57, 22.32s/it]
[13:02:36] pilot rollouts:  71%|███████████████████████████████████████████████████████████████████████████████████████████████████████████████████████████████▋                                                    | 227/320 [1:04:44<35:13, 22.73s/it]
[13:03:19] evaluating:  42%|████████████████████████████████████████████████████████████████████████████▊                                                                                                         | 216/512 [1:17:25<2:48:28, 34.15s/it]
[13:03:22] pilot rollouts:  72%|████████████████████████████████████████████████████████████████████████████████████████████████████████████████████████████████▊                                                   | 229/320 [1:05:29<32:28, 21.41s/it]
[13:03:26] pilot rollouts:  72%|█████████████████████████████████████████████████████████████████████████████████████████████████████████████████████████████████▍                                                  | 230/320 [1:05:34<24:36, 16.41s/it]
[13:03:27] pilot rollouts:  72%|█████████████████████████████████████████████████████████████████████████████████████████████████████████████████████████████████▉                                                  | 231/320 [1:05:35<17:12, 11.60s/it]
[13:03:27] pilot rollouts:  72%|██████████████████████████████████████████████████████████████████████████████████████████████████████████████████████████████████▌                                                 | 232/320 [1:05:35<12:00,  8.19s/it]
[13:03:30] evaluating:  42%|█████████████████████████████████████████████████████████████████████████████▏                                                                                                        | 217/512 [1:17:36<2:14:15, 27.31s/it]
[13:03:38] evaluating:  43%|█████████████████████████████████████████████████████████████████████████████▍                                                                                                        | 218/512 [1:17:44<1:45:21, 21.50s/it]
[13:04:11] evaluating:  43%|██████████████████████████████████████████████████████████████████████████████▌                                                                                                       | 221/512 [1:18:17<1:13:41, 15.19s/it]
[13:04:29] evaluating:  43%|██████████████████████████████████████████████████████████████████████████████▉                                                                                                       | 222/512 [1:18:35<1:16:45, 15.88s/it]
[13:05:00] evaluating:  44%|███████████████████████████████████████████████████████████████████████████████▎                                                                                                      | 223/512 [1:19:06<1:36:33, 20.05s/it]
[13:05:28] evaluating:  44%|███████████████████████████████████████████████████████████████████████████████▋                                                                                                      | 224/512 [1:19:34<1:46:45, 22.24s/it]
[13:05:32] pilot rollouts:  75%|██████████████████████████████████████████████████████████████████████████████████████████████████████████████████████████████████████▍                                             | 239/320 [1:07:40<27:46, 20.58s/it]
[13:05:38] pilot rollouts:  75%|███████████████████████████████████████████████████████████████████████████████████████████████████████████████████████████████████████                                             | 240/320 [1:07:46<21:37, 16.22s/it]
[13:06:21] evaluating:  44%|████████████████████████████████████████████████████████████████████████████████▎                                                                                                     | 226/512 [1:20:27<1:45:06, 22.05s/it]
[13:06:32] pilot rollouts:  76%|████████████████████████████████████████████████████████████████████████████████████████████████████████████████████████████████████████▏                                           | 242/320 [1:08:40<26:50, 20.65s/it]
[13:06:44] evaluating:  44%|████████████████████████████████████████████████████████████████████████████████▋                                                                                                     | 227/512 [1:20:49<1:45:14, 22.16s/it]
[13:06:46] evaluating:  45%|█████████████████████████████████████████████████████████████████████████████████                                                                                                     | 228/512 [1:20:51<1:16:43, 16.21s/it]
[13:06:55] evaluating:  45%|█████████████████████████████████████████████████████████████████████████████████▍                                                                                                    | 229/512 [1:21:01<1:07:37, 14.34s/it]
[13:07:01] evaluating:  45%|██████████████████████████████████████████████████████████████████████████████████▋                                                                                                     | 230/512 [1:21:07<55:26, 11.80s/it]
[13:07:09] evaluating:  45%|███████████████████████████████████████████████████████████████████████████████████▍                                                                                                    | 232/512 [1:21:15<35:24,  7.59s/it]
[13:07:23] evaluating:  46%|███████████████████████████████████████████████████████████████████████████████████▋                                                                                                    | 233/512 [1:21:28<43:14,  9.30s/it]
[13:07:34] pilot rollouts:  78%|████████████████████████████████████████████████████████████████████████████████████████████████████████████████████████████████████████████                                        | 249/320 [1:09:42<13:57, 11.80s/it]
[13:07:38] evaluating:  46%|████████████████████████████████████████████████████████████████████████████████████                                                                                                    | 234/512 [1:21:44<51:45, 11.17s/it]
[13:07:55] pilot rollouts:  78%|█████████████████████████████████████████████████████████████████████████████████████████████████████████████████████████████████████████████▏                                      | 251/320 [1:10:03<13:18, 11.57s/it]
[13:08:01] pilot rollouts:  79%|█████████████████████████████████████████████████████████████████████████████████████████████████████████████████████████████████████████████▊                                      | 252/320 [1:10:09<11:18,  9.98s/it]
[13:08:16] evaluating:  46%|███████████████████████████████████████████████████████████████████████████████████▌                                                                                                  | 235/512 [1:22:22<1:28:02, 19.07s/it]
[13:09:19] evaluating:  46%|██████████████████████████████████████████████████████████████████████████████████████████████████████████▍                                                                                                                          | 238/512 [1:23:24<1:40:10, 21.94s/it]
[13:09:25] pilot rollouts:  80%|████████████████████████████████████████████████████████████████████████████████████████████████████████████████████████████████████████████████████████████████████████████████████▉                                              | 255/320 [1:11:33<27:39, 25.52s/it]
[13:09:27] pilot rollouts:  80%|█████████████████████████████████████████████████████████████████████████████████████████████████████████████████████████████████████████████████████████████████████████████████████▌                                             | 256/320 [1:11:35<19:46, 18.54s/it]
[13:09:28] pilot rollouts:  80%|██████████████████████████████████████████████████████████████████████████████████████████████████████████████████████████████████████████████████████████████████████████████████████▎                                            | 257/320 [1:11:36<13:56, 13.28s/it]
[13:09:53] evaluating:  47%|██████████████████████████████████████████████████████████████████████████████████████████████████████████▉                                                                                                                          | 239/512 [1:23:59<1:56:40, 25.64s/it]
[13:10:10] evaluating:  47%|███████████████████████████████████████████████████████████████████████████████████████████████████████████▎                                                                                                                         | 240/512 [1:24:16<1:45:04, 23.18s/it]
[13:10:28] evaluating:  47%|████████████████████████████████████████████████████████████████████████████████████████████████████████████▏                                                                                                                        | 242/512 [1:24:34<1:09:28, 15.44s/it]
[13:11:22] evaluating:  48%|█████████████████████████████████████████████████████████████████████████████████████████████████████████████▌                                                                                                                       | 245/512 [1:25:28<1:20:38, 18.12s/it]
[13:11:29] evaluating:  48%|██████████████████████████████████████████████████████████████████████████████████████████████████████████████                                                                                                                       | 246/512 [1:25:34<1:04:59, 14.66s/it]
[13:11:47] pilot rollouts:  82%|██████████████████████████████████████████████████████████████████████████████████████████████████████████████████████████████████████████████████████████████████████████████████████████▌                                        | 263/320 [1:13:55<22:30, 23.69s/it]
[13:11:51] pilot rollouts:  82%|███████████████████████████████████████████████████████████████████████████████████████████████████████████████████████████████████████████████████████████████████████████████████████████▎                                       | 264/320 [1:13:59<16:38, 17.83s/it]
[13:12:01] pilot rollouts:  83%|███████████████████████████████████████████████████████████████████████████████████████████████████████████████████████████████████████████████████████████████████████████████████████████▉                                       | 265/320 [1:14:09<14:02, 15.31s/it]
[13:12:22] pilot rollouts:  83%|████████████████████████████████████████████████████████████████████████████████████████████████████████████████████████████████████████████████████████████████████████████████████████████▋                                      | 266/320 [1:14:30<15:16, 16.97s/it]
[13:13:01] evaluating:  49%|███████████████████████████████████████████████████████████████████████████████████████████████████████████████▎                                                                                                                     | 249/512 [1:27:07<1:25:09, 19.43s/it]
[13:13:11] evaluating:  49%|███████████████████████████████████████████████████████████████████████████████████████████████████████████████▊                                                                                                                     | 250/512 [1:27:16<1:11:42, 16.42s/it]
[13:13:16] evaluating:  49%|█████████████████████████████████████████████████████████████████████████████████████████████████████████████████▏                                                                                                                     | 251/512 [1:27:22<57:27, 13.21s/it]
[13:13:33] pilot rollouts:  85%|████████████████████████████████████████████████████████████████████████████████████████████████████████████████████████████████████████████████████████████████████████████████████████████████▏                                  | 271/320 [1:15:41<11:34, 14.17s/it]
[13:13:38] pilot rollouts:  85%|████████████████████████████████████████████████████████████████████████████████████████████████████████████████████████████████████████████████████████████████████████████████████████████████▉                                  | 272/320 [1:15:46<09:16, 11.59s/it]
[13:14:09] evaluating:  49%|█████████████████████████████████████████████████████████████████████████████████████████████████████████████████▏                                                                                                                   | 253/512 [1:28:15<1:23:01, 19.24s/it]
[13:14:12] evaluating:  50%|█████████████████████████████████████████████████████████████████████████████████████████████████████████████████▌                                                                                                                   | 254/512 [1:28:18<1:05:58, 15.34s/it]
[13:14:41] evaluating:  50%|██████████████████████████████████████████████████████████████████████████████████████████████████████████████████                                                                                                                   | 255/512 [1:28:47<1:20:42, 18.84s/it]
[13:15:03] evaluating:  50%|██████████████████████████████████████████████████████████████████████████████████████████████████████████████████▌                                                                                                                  | 256/512 [1:29:09<1:23:47, 19.64s/it]
[13:15:05] evaluating:  50%|██████████████████████████████████████████████████████████████████████████████████████████████████████████████████▉                                                                                                                  | 257/512 [1:29:11<1:02:58, 14.82s/it]
[13:15:31] pilot rollouts:  87%|█████████████████████████████████████████████████████████████████████████████████████████████████████████████████████████████████████████████████████████████████████████████████████████████████████▏                             | 278/320 [1:17:39<13:12, 18.87s/it]
[13:15:32] evaluating:  50%|███████████████████████████████████████████████████████████████████████████████████████████████████████████████████▍                                                                                                                 | 258/512 [1:29:38<1:17:41, 18.35s/it]
[13:15:45] evaluating:  51%|███████████████████████████████████████████████████████████████████████████████████████████████████████████████████▊                                                                                                                 | 259/512 [1:29:51<1:10:47, 16.79s/it]
[13:15:50] pilot rollouts:  88%|███████████████████████████████████████████████████████████████████████████████████████████████████████████████████████████████████████████████████████████████████████████████████████████████████████▎                           | 281/320 [1:17:58<07:23, 11.38s/it]
[13:16:04] evaluating:  51%|█████████████████████████████████████████████████████████████████████████████████████████████████████████████████████▊                                                                                                                 | 261/512 [1:30:10<53:12, 12.72s/it]
[13:16:06] evaluating:  51%|██████████████████████████████████████████████████████████████████████████████████████████████████████████████████████▏                                                                                                                | 262/512 [1:30:11<39:07,  9.39s/it]
[13:16:16] evaluating:  51%|██████████████████████████████████████████████████████████████████████████████████████████████████████████████████████▋                                                                                                                | 263/512 [1:30:22<40:00,  9.64s/it]
[13:17:02] pilot rollouts:  89%|██████████████████████████████████████████████████████████████████████████████████████████████████████████████████████████████████████████████████████████████████████████████████████████████████████████▏                        | 285/320 [1:19:10<12:36, 21.60s/it]
[13:17:09] pilot rollouts:  89%|██████████████████████████████████████████████████████████████████████████████████████████████████████████████████████████████████████████████████████████████████████████████████████████████████████████▉                        | 286/320 [1:19:17<09:44, 17.19s/it]
[13:17:16] evaluating:  52%|██████████████████████████████████████████████████████████████████████████████████████████████████████████████████████                                                                                                               | 264/512 [1:31:22<1:41:55, 24.66s/it]
[13:17:31] evaluating:  52%|██████████████████████████████████████████████████████████████████████████████████████████████████████████████████████▌                                                                                                              | 265/512 [1:31:37<1:29:29, 21.74s/it]
[13:17:53] evaluating:  52%|███████████████████████████████████████████████████████████████████████████████████████████████████████████████████████▍                                                                                                             | 267/512 [1:31:59<1:08:01, 16.66s/it]
[13:18:09] evaluating:  53%|█████████████████████████████████████████████████████████████████████████████████████████████████████████████████████████▎                                                                                                             | 269/512 [1:32:15<52:11, 12.89s/it]
[13:18:36] evaluating:  53%|████████████████████████████████████████████████████████████████████████████████████████████████████████████████████████▊                                                                                                            | 270/512 [1:32:42<1:08:45, 17.05s/it]
[13:18:37] pilot rollouts:  91%|███████████████████████████████████████████████████████████████████████████████████████████████████████████████████████████████████████████████████████████████████████████████████████████████████████████████▏                   | 292/320 [1:20:45<07:37, 16.34s/it]
[13:18:38] pilot rollouts:  92%|███████████████████████████████████████████████████████████████████████████████████████████████████████████████████████████████████████████████████████████████████████████████████████████████████████████████▊                   | 293/320 [1:20:46<05:20, 11.87s/it]
[13:18:56] evaluating:  53%|██████████████████████████████████████████████████████████████████████████████████████████████████████████████████████████▋                                                                                                            | 272/512 [1:33:02<53:47, 13.45s/it]
[13:19:56] evaluating:  53%|██████████████████████████████████████████████████████████████████████████████████████████████████████████████████████████                                                                                                           | 273/512 [1:34:02<1:48:57, 27.35s/it]
[13:20:03] evaluating:  54%|██████████████████████████████████████████████████████████████████████████████████████████████████████████████████████████▌                                                                                                          | 274/512 [1:34:08<1:24:00, 21.18s/it]
[13:21:12] pilot rollouts:  93%|██████████████████████████████████████████████████████████████████████████████████████████████████████████████████████████████████████████████████████████████████████████████████████████████████████████████████▋                | 297/320 [1:23:19<14:47, 38.57s/it]
[13:21:42] pilot rollouts:  93%|███████████████████████████████████████████████████████████████████████████████████████████████████████████████████████████████████████████████████████████████████████████████████████████████████████████████████▍               | 298/320 [1:23:50<13:14, 36.11s/it]
[13:21:48] evaluating:  54%|███████████████████████████████████████████████████████████████████████████████████████████████████████████████████████████▍                                                                                                         | 276/512 [1:35:53<2:08:43, 32.73s/it]
[13:22:00] evaluating:  54%|███████████████████████████████████████████████████████████████████████████████████████████████████████████████████████████▉                                                                                                         | 277/512 [1:36:05<1:43:41, 26.48s/it]
[13:22:17] pilot rollouts:  94%|█████████████████████████████████████████████████████████████████████████████████████████████████████████████████████████████████████████████████████████████████████████████████████████████████████████████████████▌             | 301/320 [1:24:25<06:45, 21.36s/it]
[13:22:33] evaluating:  54%|████████████████████████████████████████████████████████████████████████████████████████████████████████████████████████████▎                                                                                                        | 278/512 [1:36:39<1:51:10, 28.51s/it]
[13:22:46] evaluating:  54%|████████████████████████████████████████████████████████████████████████████████████████████████████████████████████████████▊                                                                                                        | 279/512 [1:36:52<1:33:17, 24.02s/it]
[13:22:49] pilot rollouts:  95%|███████████████████████████████████████████████████████████████████████████████████████████████████████████████████████████████████████████████████████████████████████████████████████████████████████████████████████▋           | 304/320 [1:24:57<03:42, 13.93s/it]
[13:22:53] pilot rollouts:  95%|████████████████████████████████████████████████████████████████████████████████████████████████████████████████████████████████████████████████████████████████████████████████████████████████████████████████████████▎          | 305/320 [1:25:01<02:45, 11.03s/it]
[13:23:54] evaluating:  55%|██████████████████████████████████████████████████████████████████████████████████████████████████████████████████████████████▏                                                                                                      | 282/512 [1:38:00<1:27:10, 22.74s/it]
[13:24:48] evaluating:  56%|█████████████████████████████████████████████████████████████████████████████████████████████████████████████████████████████████                                                                                                      | 286/512 [1:38:54<51:11, 13.59s/it]
[13:25:43] evaluating:  56%|████████████████████████████████████████████████████████████████████████████████████████████████████████████████████████████████▎                                                                                                    | 287/512 [1:39:49<1:37:03, 25.88s/it]
[13:26:41] evaluating:  57%|███████████████████████████████████████████████████████████████████████████████████████████████████████████████████████████████████▋                                                                                                   | 292/512 [1:40:47<46:58, 12.81s/it]
[13:26:51] evaluating:  57%|████████████████████████████████████████████████████████████████████████████████████████████████████████████████████████████████████▋                                                                                                  | 294/512 [1:40:57<33:17,  9.16s/it]
[13:26:56] evaluating:  58%|█████████████████████████████████████████████████████████████████████████████████████████████████████████████████████████████████████                                                                                                  | 295/512 [1:41:02<28:45,  7.95s/it]
[13:27:37] pilot rollouts:  98%|█████████████████████████████████████████████████████████████████████████████████████████████████████████████████████████████████████████████████████████████████████████████████████████████████████████████████████████████▎     | 312/320 [1:29:45<04:35, 34.45s/it]
[13:27:45] evaluating:  58%|████████████████████████████████████████████████████████████████████████████████████████████████████████████████████████████████████▍                                                                                                | 296/512 [1:41:51<1:12:39, 20.18s/it]
[13:29:38] evaluating:  58%|████████████████████████████████████████████████████████████████████████████████████████████████████████████████████████████████████▊                                                                                                | 297/512 [1:43:44<2:51:45, 47.93s/it]
[13:30:57] evaluating:  59%|██████████████████████████████████████████████████████████████████████████████████████████████████████████████████████████████████████▋                                                                                              | 301/512 [1:45:03<1:52:22, 31.96s/it]
[13:31:28] evaluating:  59%|███████████████████████████████████████████████████████████████████████████████████████████████████████████████████████████████████████▉                                                                                             | 304/512 [1:45:34<1:02:00, 17.89s/it]
[13:31:54] pilot rollouts:  99%|████████████████████████████████████████████████████████████████████████████████████████████████████████████████████████████████████████████████████████████████████████████████████████████████████████████████████████████████▊  | 317/320 [1:34:02<02:41, 53.70s/it]
[13:35:19] evaluating:  61%|███████████████████████████████████████████████████████████████████████████████████████████████████████████████████████████████████████████▉                                                                                         | 313/512 [1:49:25<1:24:32, 25.49s/it]
[13:43:28] evaluating:  62%|██████████████████████████████████████████████████████████████████████████████████████████████████████████████████████████████████████████████▏                                                                                      | 318/512 [1:57:34<5:22:46, 99.83s/it]
[13:43:36] pilot rollouts: 100%|███████████████████████████████████████████████████████████████████████████████████████████████████████████████████████████████████████████████████████████████████████████████████████████████████████████████████████████████████| 320/320 [1:45:44<00:00, 19.83s/it]
[13:43:36] [step 4] adaptive phase 2: 192 programs total; each parent is dispatched as soon as its complete pilot set is evaluated
[13:43:36] [step 4] rollout pilot parent 0/fold 0: hurdle expected-best; parent reward=2.625338495, pilot best reward=2.625338506, projected phase-2 gain=2.0130488e-09; allocating 24 phase-2 rollouts
[13:43:36] [step 4]   strategy 0: mean=1.837296056, variance=1.446711721, valid=7/10, improved=3/10, posterior-improve=0.333333, initial-EI=3.27055206e-11, phase2=0, total=10, [38;5;208mpilot best raw C₅ bound=0.380903252[0m
[13:43:36] [step 4]   strategy 1: mean=1.312614495, variance=1.722956837, valid=5/10, improved=4/10, posterior-improve=0.416667, initial-EI=2.58802272e-11, phase2=0, total=10, [38;5;208mpilot best raw C₅ bound=0.380903252[0m
[13:43:36] [step 4]   strategy 2: mean=1.050135399, variance=1.654176535, valid=4/10, improved=2/10, posterior-improve=0.250000, initial-EI=4.95323326e-11, phase2=0, total=10, [38;5;208mpilot best raw C₅ bound=0.380903252[0m
[13:43:36] [step 4]   strategy 3: mean=1.837327445, variance=1.446760926, valid=7/10, improved=3/10, posterior-improve=0.333333, initial-EI=1.59908376e-10, phase2=24, total=34, [38;5;208mpilot best raw C₅ bound=0.380903252[0m
[13:43:36] [step 4] rollout pilot parent 1/fold 0: hurdle expected-best; parent reward=2.625335591, pilot best reward=2.625399386, projected phase-2 gain=1.35476689e-05; allocating 24 phase-2 rollouts
[13:43:36] [step 4]   strategy 0: mean=0.787605683, variance=1.447419662, valid=3/10, improved=3/10, posterior-improve=0.333333, initial-EI=1.72415906e-07, phase2=0, total=10, [38;5;208mpilot best raw C₅ bound=0.380896420[0m
[13:43:36] [step 4]   strategy 1: mean=2.098330806, variance=1.100762568, valid=8/10, improved=6/10, posterior-improve=0.583333, initial-EI=1.07623558e-06, phase2=24, total=34, [38;5;208mpilot best raw C₅ bound=0.380894419[0m
[13:43:36] [step 4]   strategy 2: mean=1.837707978, variance=1.447358847, valid=7/10, improved=5/10, posterior-improve=0.500000, initial-EI=2.22348933e-07, phase2=0, total=10, [38;5;208mpilot best raw C₅ bound=0.380896418[0m
[13:43:36] [step 4]   strategy 3: mean=1.575211601, variance=1.654194392, valid=6/10, improved=5/10, posterior-improve=0.500000, initial-EI=3.79346851e-07, phase2=0, total=10, [38;5;208mpilot best raw C₅ bound=0.380895206[0m
[13:43:36] [step 4] rollout pilot parent 2/fold 0: hurdle expected-best; parent reward=2.625335317, pilot best reward=2.625335606, projected phase-2 gain=1.87324237e-08; allocating 24 phase-2 rollouts
[13:43:36] [step 4]   strategy 0: mean=0.781095583, variance=1.423706563, valid=3/10, improved=0/10, posterior-improve=0.083333, initial-EI=8.51303704e-11, phase2=0, total=10, [38;5;208mpilot best raw C₅ bound=0.380903714[0m
[13:43:36] [step 4]   strategy 1: mean=1.748767291, variance=1.378496208, valid=7/10, improved=4/10, posterior-improve=0.416667, initial-EI=8.51303704e-11, phase2=0, total=10, [38;5;208mpilot best raw C₅ bound=0.380903708[0m
[13:43:36] [step 4]   strategy 2: mean=2.361724359, variance=0.619759424, valid=9/10, improved=6/10, posterior-improve=0.583333, initial-EI=8.51303704e-11, phase2=0, total=10, [38;5;208mpilot best raw C₅ bound=0.380903703[0m
[13:43:36] [step 4]   strategy 3: mean=2.258435471, variance=0.639709304, valid=9/10, improved=5/10, posterior-improve=0.500000, initial-EI=1.36208593e-09, phase2=24, total=34, [38;5;208mpilot best raw C₅ bound=0.380903672[0m
[13:43:36] [step 4] rollout pilot parent 3/fold 0: hurdle expected-best; parent reward=2.625333794, pilot best reward=2.625354239, projected phase-2 gain=5.44774748e-09; allocating 24 phase-2 rollouts
[13:43:36] [step 4]   strategy 0: mean=2.037736416, variance=1.072309067, valid=8/10, improved=6/10, posterior-improve=0.583333, initial-EI=1.30605972e-11, phase2=0, total=10, [38;5;208mpilot best raw C₅ bound=0.380901218[0m
[13:43:36] [step 4]   strategy 1: mean=1.808769600, variance=1.409325348, valid=7/10, improved=6/10, posterior-improve=0.583333, initial-EI=1.30605972e-11, phase2=0, total=10, [38;5;208mpilot best raw C₅ bound=0.380903930[0m
[13:43:36] [step 4]   strategy 2: mean=1.734508581, variance=1.380699628, valid=7/10, improved=6/10, posterior-improve=0.583333, initial-EI=1.30605972e-11, phase2=0, total=10, [38;5;208mpilot best raw C₅ bound=0.380902702[0m
[13:43:36] [step 4]   strategy 3: mean=1.837737577, variance=1.447405458, valid=7/10, improved=7/10, posterior-improve=0.666667, initial-EI=3.39575527e-10, phase2=24, total=34, [38;5;208mpilot best raw C₅ bound=0.380900969[0m
[13:43:36] [step 4] rollout pilot parent 4/fold 0: hurdle expected-best; parent reward=2.625322820, pilot best reward=2.625386836, projected phase-2 gain=8.12783803e-06; allocating 24 phase-2 rollouts
[13:43:36] [step 4]   strategy 0: mean=1.312641219, variance=1.723026973, valid=5/10, improved=3/10, posterior-improve=0.333333, initial-EI=6.43714482e-08, phase2=0, total=10, [38;5;208mpilot best raw C₅ bound=0.380899214[0m
[13:43:36] [step 4]   strategy 1: mean=1.831486264, variance=1.437907768, valid=7/10, improved=3/10, posterior-improve=0.333333, initial-EI=3.89057421e-08, phase2=0, total=10, [38;5;208mpilot best raw C₅ bound=0.380905506[0m
[13:43:36] [step 4]   strategy 2: mean=1.939042496, variance=1.139859935, valid=8/10, improved=2/10, posterior-improve=0.250000, initial-EI=3.89056068e-08, phase2=0, total=10, [38;5;208mpilot best raw C₅ bound=0.380905523[0m
[13:43:36] [step 4]   strategy 3: mean=1.904655492, variance=1.085290273, valid=8/10, improved=5/10, posterior-improve=0.500000, initial-EI=5.19207928e-07, phase2=24, total=34, [38;5;208mpilot best raw C₅ bound=0.380896240[0m
[13:43:36] [step 4] rollout pilot parent 5/fold 0: hurdle expected-best; parent reward=2.625309626, pilot best reward=2.625354330, projected phase-2 gain=6.10665883e-07; allocating 24 phase-2 rollouts
[13:43:36] [step 4]   strategy 0: mean=1.837702993, variance=1.447350989, valid=7/10, improved=5/10, posterior-improve=0.500000, initial-EI=1.67729847e-09, phase2=0, total=10, [38;5;208mpilot best raw C₅ bound=0.380901455[0m
[13:43:36] [step 4]   strategy 1: mean=1.575190253, variance=1.654149555, valid=6/10, improved=6/10, posterior-improve=0.583333, initial-EI=3.80729039e-08, phase2=24, total=34, [38;5;208mpilot best raw C₅ bound=0.380900956[0m
[13:43:36] [step 4]   strategy 2: mean=2.097019833, variance=1.099464212, valid=8/10, improved=7/10, posterior-improve=0.666667, initial-EI=1.65625843e-09, phase2=0, total=10, [38;5;208mpilot best raw C₅ bound=0.380907442[0m
[13:43:36] [step 4]   strategy 3: mean=1.312655217, variance=1.723063719, valid=5/10, improved=4/10, posterior-improve=0.416667, initial-EI=1.65625843e-09, phase2=0, total=10, [38;5;208mpilot best raw C₅ bound=0.380906856[0m
[13:43:36] [step 4] rollout pilot parent 6/fold 0: hurdle expected-best; parent reward=2.625266775, pilot best reward=2.625323918, projected phase-2 gain=1.24953292e-05; allocating 24 phase-2 rollouts
[13:43:36] [step 4]   strategy 0: mean=2.180915224, variance=0.610447268, valid=9/10, improved=5/10, posterior-improve=0.500000, initial-EI=6.99944376e-07, phase2=0, total=10, [38;5;208mpilot best raw C₅ bound=0.380905988[0m
[13:43:36] [step 4]   strategy 1: mean=1.312638315, variance=1.723019345, valid=5/10, improved=4/10, posterior-improve=0.416667, initial-EI=2.66324292e-07, phase2=0, total=10, [38;5;208mpilot best raw C₅ bound=0.380906878[0m
[13:43:36] [step 4]   strategy 2: mean=1.572808799, variance=1.649195597, valid=6/10, improved=3/10, posterior-improve=0.333333, initial-EI=9.46655045e-07, phase2=24, total=34, [38;5;208mpilot best raw C₅ bound=0.380905368[0m
[13:43:36] [step 4]   strategy 3: mean=1.572061175, variance=1.647629822, valid=6/10, improved=2/10, posterior-improve=0.250000, initial-EI=3.50264892e-07, phase2=0, total=10, [38;5;208mpilot best raw C₅ bound=0.380906324[0m
[13:46:53] evaluating:  62%|██████████████████████████████████████████████████████████████████████████████████████████████████████████████████████████████████████████████                                                                                      | 319/512 [2:00:59<7:02:17, 131.28s/it]